{
  "mgf": 1.9999984832980864,
  "vn_alpha": 1.999999998913457,
  "vn_beta": 1.999999998913457,
  "shannon_entropy": 1.2046984117175525
}