{
  "mgf": 1.7688656357192647,
  "vn_alpha": 1.769292354118079,
  "vn_beta": 1.769292354118079,
  "shannon_entropy": 1.3300952936421746
}