# Realization 0
S_plus:
   1  2  3  4  5  6
1  2  0  0  0  0  0
2  0  0  3  0  1  2
3  0  2  0  1  0  0

S_minus:
   1  2  3  4  5  6
1  0  1  2  1  3  2
2  2  2  0  2  0  0
3  0  0  1  0  0  1

# Realization 1
S_plus:
   1   2   3   4   5   6   7   8   9   10  11
1   1   0   1   0   0   0   0   0   0   0   0
2   1   0   0   1   1   0   0   0   0   0   0
3   0   0   0   0   0   0   0   1   1   1   0
4   0   0   0   0   0   1   1   1   0   0   0
5   0   0   0   1   1   1   1   0   1   0   1
6   0   0   0   0   0   0   0   0   0   0   1
7   0   0   0   1   0   0   0   0   0   0   1
8   0   1   0   0   0   0   1   0   1   1   0

S_minus:
   1   2   3   4   5   6   7   8   9   10  11
1   0   0   0   2   0   0   0   0   0   2   0
2   0   0   0   0   0   1   0   0   1   0   0
3   0   0   0   0   0   1   0   0   0   0   0
4   1   1   0   0   1   0   0   0   1   0   1
5   0   1   0   0   0   0   0   2   0   0   0
6   0   0   1   1   1   0   1   0   0   0   0
7   1   0   1   0   1   0   2   0   0   0   0
8   1   0   0   0   0   0   0   0   0   0   0

# Realization 2
S_plus:
   1  2  3  4  5
1  1  1  1  0  0
2  0  1  0  0  1
3  0  0  0  1  0
4  1  0  1  1  0
5  0  1  0  0  1

S_minus:
   1  2  3  4  5
1  0  0  0  1  1
2  0  0  0  1  0
3  2  0  1  0  1
4  0  1  0  0  0
5  1  0  1  0  0

# Realization 3
S_plus:
   1  2  3  4  5  6  7
1  0  1  2  0  0  2  0
2  0  1  0  1  3  1  0
3  1  0  1  0  0  0  1

S_minus:
   1  2  3  4  5  6  7
1  1  0  0  0  0  0  0
2  1  0  1  0  0  0  1
3  0  3  0  3  2  1  0

# Realization 4
S_plus:
   1   2   3   4   5   6   7   8   9   10
1   0   0   0   3   0   1   2   0   0   0
2   0   0   1   0   2   0   0   1   1   0
3   3   1   0   0   0   0   1   0   2   3

S_minus:
   1   2   3   4   5   6   7   8   9   10
1   1   1   1   0   1   0   0   1   1   2
2   2   0   0   1   0   0   1   0   0   1
3   0   0   2   1   2   2   0   0   0   0

# Realization 5
S_plus:
   1  2  3  4  5  6  7  8  9
1  0  0  0  0  1  1  1  0  1
2  0  1  1  1  0  0  0  0  0
3  1  0  1  0  0  0  0  0  0
4  0  0  0  1  0  0  0  0  0
5  0  1  0  1  0  0  1  0  0
6  0  0  0  0  0  0  1  0  0
7  0  0  1  0  0  0  0  2  0

S_minus:
   1  2  3  4  5  6  7  8  9
1  0  0  0  1  0  0  0  0  0
2  1  0  0  0  0  1  2  1  0
3  0  1  0  0  0  0  0  0  0
4  0  0  1  0  0  0  1  0  0
5  0  0  1  0  0  1  0  1  1
6  0  1  0  0  0  0  0  1  0
7  0  0  0  0  1  0  0  0  0

# Realization 6
S_plus:
   1  2  3  4  5  6  7  8
1  0  1  1  0  0  0  0  0
2  0  0  0  1  0  0  1  1
3  1  1  0  0  0  2  1  0
4  0  0  0  0  3  1  0  1

S_minus:
   1  2  3  4  5  6  7  8
1  0  0  0  2  1  0  1  1
2  0  1  1  0  1  1  0  0
3  0  0  0  1  1  0  0  0
4  1  0  0  0  0  0  0  0

# Realization 7
S_plus:
   1  2  3  4  5  6  7
1  0  0  0  1  0  0  1
2  0  1  0  0  2  0  0
3  1  2  0  1  0  0  0
4  0  0  0  0  0  3  2
5  1  0  1  0  0  0  0

S_minus:
   1  2  3  4  5  6  7
1  1  1  0  0  1  2  0
2  1  0  0  2  0  0  2
3  0  0  0  0  1  1  0
4  1  1  1  1  0  0  0
5  0  1  0  0  0  0  0

# Realization 8
S_plus:
   1   2   3   4   5   6   7   8   9   10  11
1   1   1   2   0   1   2   0   0   0   2   1
2   0   0   0   0   0   0   1   0   0   0   0
3   1   1   0   1   0   0   0   1   3   0   0
4   1   0   0   0   1   1   0   0   0   1   2

S_minus:
   1   2   3   4   5   6   7   8   9   10  11
1   0   0   0   0   0   0   0   1   0   0   0
2   1   0   1   2   1   3   0   0   1   2   1
3   0   0   1   0   0   0   1   0   0   0   1
4   0   1   1   0   0   0   0   0   1   0   0

# Realization 9
S_plus:
   1   2   3   4   5   6   7   8   9   10
1   0   1   0   0   0   2   0   2   2   1
2   0   0   1   0   0   0   0   0   0   1
3   1   0   0   0   0   0   0   0   0   0
4   0   0   1   0   1   0   0   0   0   0
5   0   0   0   1   1   1   1   0   0   0
6   0   0   0   0   1   0   0   1   0   1

S_minus:
   1   2   3   4   5   6   7   8   9   10
1   0   0   0   1   0   0   0   0   0   0
2   0   1   0   1   1   0   0   1   1   0
3   0   1   0   0   1   1   1   0   0   1
4   0   1   0   1   0   0   0   0   2   0
5   0   0   2   0   0   0   0   0   0   0
6   1   0   0   0   0   0   0   0   0   0

# Realization 10
S_plus:
   1   2   3   4   5   6   7   8   9   10  11
1   1   0   0   0   0   0   0   0   1   0   0
2   0   0   2   2   0   1   1   0   0   0   1
3   0   0   0   0   1   0   0   0   0   0   1
4   0   2   0   0   0   1   0   0   1   1   0
5   0   1   0   1   0   0   1   0   0   0   0
6   1   0   0   0   0   1   0   1   0   0   1

S_minus:
   1   2   3   4   5   6   7   8   9   10  11
1   0   0   1   0   1   1   0   0   0   2   0
2   1   0   0   0   0   0   0   0   0   1   0
3   0   1   0   1   0   1   0   0   0   0   0
4   1   0   0   1   0   0   0   1   0   0   1
5   1   0   0   0   0   1   0   2   0   0   1
6   0   2   1   0   1   0   1   0   3   0   0

# Realization 11
S_plus:
   1  2  3  4  5  6  7
1  0  0  1  0  2  1  0
2  2  2  0  0  0  0  0
3  0  0  2  0  0  0  3
4  1  1  0  1  0  1  0

S_minus:
   1  2  3  4  5  6  7
1  0  1  0  1  0  0  1
2  0  0  1  0  2  1  0
3  1  1  0  0  0  0  0
4  0  0  2  0  0  0  1

# Realization 12
S_plus:
   1   2   3   4   5   6   7   8   9   10  11
1   0   0   0   0   0   2   0   0   0   0   0
2   1   0   0   0   0   1   1   1   2   0   0
3   0   1   0   1   0   0   0   0   1   0   1
4   1   0   0   0   0   0   0   0   0   1   0
5   0   0   1   0   0   0   0   0   0   0   1
6   1   0   0   0   1   0   0   1   0   0   1
7   0   1   0   0   0   0   0   0   0   0   0
8   0   0   0   0   1   0   0   0   0   0   0

S_minus:
   1   2   3   4   5   6   7   8   9   10  11
1   0   0   0   0   0   0   0   0   1   0   1
2   0   0   0   0   0   0   0   0   0   1   0
3   0   0   0   0   0   1   0   1   0   0   0
4   0   1   1   0   0   1   0   0   0   0   0
5   1   0   0   2   1   0   0   0   0   0   0
6   0   1   1   0   0   0   1   0   0   1   0
7   0   0   0   0   1   0   0   1   0   0   0
8   0   0   1   1   0   1   0   0   0   1   1

# Realization 13
S_plus:
   1  2  3  4  5
1  0  2  0  0  0
2  0  1  0  0  0
3  1  0  1  2  0
4  0  0  0  0  1

S_minus:
   1  2  3  4  5
1  0  0  1  0  1
2  0  0  1  0  0
3  0  1  0  0  0
4  2  2  0  1  0

# Realization 14
S_plus:
   1   2   3   4   5   6   7   8   9   10  11  12
1   1   0   2   1   1   0   0   0   2   1   0   1
2   0   2   0   0   2   0   1   0   0   0   1   1
3   0   1   0   0   0   2   0   0   0   0   0   0
4   1   0   1   2   0   0   0   1   0   0   1   0

S_minus:
   1   2   3   4   5   6   7   8   9   10  11  12
1   0   2   0   0   0   1   0   0   0   0   1   0
2   0   0   2   2   0   0   0   2   1   2   0   0
3   2   0   0   1   1   0   0   0   1   1   0   1
4   0   1   0   0   1   2   1   0   1   0   0   0

# Realization 15
S_plus:
   1  2  3  4  5  6  7
1  2  0  1  0  0  0  0
2  0  1  2  0  0  1  0
3  0  0  0  0  0  0  2
4  0  0  0  1  1  0  0

S_minus:
   1  2  3  4  5  6  7
1  0  0  0  1  1  2  0
2  1  0  0  0  1  0  0
3  1  1  1  1  0  0  0
4  1  1  1  0  0  1  1

# Realization 16
S_plus:
   1   2   3   4   5   6   7   8   9   10  11  12
1   1   0   0   0   0   0   0   1   2   0   1   1
2   1   1   0   0   0   0   0   0   0   0   0   0
3   0   1   2   2   1   1   3   0   0   1   0   1

S_minus:
   1   2   3   4   5   6   7   8   9   10  11  12
1   0   2   1   2   1   2   1   0   0   1   0   0
2   0   0   1   1   1   0   1   1   1   0   1   2
3   3   0   0   0   0   0   0   1   2   0   2   0

# Realization 17
S_plus:
   1   2   3   4   5   6   7   8   9   10  11
1   0   0   0   1   0   1   0   0   0   0   1
2   0   0   1   0   0   0   0   0   0   0   0
3   0   0   0   0   1   0   0   0   0   0   0
4   0   0   0   0   0   0   1   0   1   0   0
5   1   0   0   0   0   0   0   0   1   1   1
6   0   1   0   0   0   0   0   0   0   1   0
7   0   0   0   0   0   0   0   1   0   0   0
8   0   2   0   0   1   0   0   0   0   0   0

S_minus:
   1   2   3   4   5   6   7   8   9   10  11
1   0   0   0   0   1   0   1   0   0   0   0
2   0   0   0   0   0   1   0   1   0   0   0
3   1   0   0   0   0   0   1   0   0   2   0
4   0   1   0   1   0   1   0   1   0   0   0
5   0   0   3   0   0   1   0   0   0   0   0
6   0   0   0   0   1   0   0   0   0   0   1
7   0   0   0   1   0   0   0   0   0   0   0
8   0   0   0   0   0   0   0   0   1   0   0

# Realization 18
S_plus:
   1  2  3  4  5  6
1  0  2  0  1  0  0
2  0  0  1  0  0  0
3  0  1  0  0  0  1
4  0  0  1  1  1  1
5  0  0  0  1  0  0
6  1  0  0  0  0  0

S_minus:
   1  2  3  4  5  6
1  0  0  0  0  0  1
2  1  0  0  2  1  1
3  2  0  1  0  0  0
4  0  1  0  0  0  0
5  0  0  1  0  0  1
6  0  1  0  0  2  0

# Realization 19
S_plus:
   1  2  3  4  5  6  7  8  9
1  0  0  0  1  1  1  0  3  0
2  0  0  1  0  0  1  2  0  2
3  2  1  0  1  2  0  0  0  0

S_minus:
   1  2  3  4  5  6  7  8  9
1  1  1  0  0  0  0  1  0  1
2  2  0  0  1  1  0  0  1  0
3  0  0  3  0  0  1  1  2  0

# Realization 20
S_plus:
   1  2  3  4
1  1  1  1  0
2  0  1  0  1
3  0  0  1  1

S_minus:
   1  2  3  4
1  0  0  0  2
2  1  0  2  0
3  1  1  0  0

# Realization 21
S_plus:
   1   2   3   4   5   6   7   8   9   10  11
1   1   0   0   2   0   0   0   2   0   0   0
2   0   0   0   1   1   0   0   0   0   0   0
3   1   0   1   0   0   0   0   0   1   1   0
4   0   1   0   0   0   1   0   0   0   0   0
5   0   1   0   0   0   1   0   0   0   0   0
6   0   0   0   0   1   0   1   0   0   0   1
7   0   0   0   0   1   1   0   0   1   0   0
8   1   0   0   0   0   0   1   0   0   0   0

S_minus:
   1   2   3   4   5   6   7   8   9   10  11
1   0   0   0   0   0   0   0   0   0   0   1
2   0   0   1   0   0   0   0   0   0   0   0
3   0   0   0   0   0   1   0   1   0   0   0
4   0   0   1   0   0   0   0   0   1   1   0
5   1   0   0   0   1   0   1   1   0   0   1
6   0   0   0   2   0   0   0   1   0   0   0
7   1   0   0   0   0   0   0   0   0   1   0
8   0   1   0   1   1   0   0   0   0   1   0

# Realization 22
S_plus:
   1   2   3   4   5   6   7   8   9   10  11
1   0   0   0   0   0   0   1   0   0   0   0
2   1   0   0   1   0   1   0   0   1   1   0
3   0   0   1   1   1   0   0   0   0   0   0
4   0   0   1   0   0   0   0   0   0   0   0
5   0   1   0   0   1   0   0   0   0   0   0
6   0   0   0   0   1   0   0   2   0   0   1
7   0   0   0   0   0   0   0   0   1   0   1
8   0   0   1   1   0   1   0   0   1   1   0

S_minus:
   1   2   3   4   5   6   7   8   9   10  11
1   0   0   0   1   0   1   0   0   1   0   0
2   0   0   0   0   0   0   0   0   0   0   1
3   0   0   0   0   0   0   0   0   0   0   1
4   2   1   0   0   1   1   1   0   1   0   1
5   0   0   0   0   0   0   2   0   0   0   0
6   0   1   1   0   0   0   0   0   0   1   0
7   0   0   0   1   0   0   0   0   0   0   0
8   1   0   0   0   0   0   0   1   0   0   0

# Realization 23
S_plus:
   1   2   3   4   5   6   7   8   9   10
1   0   1   0   0   1   0   0   0   2   1
2   0   0   2   1   0   1   1   2   0   1
3   2   0   0   0   0   1   0   0   0   1
4   0   0   0   0   0   0   0   1   1   0

S_minus:
   1   2   3   4   5   6   7   8   9   10
1   1   0   1   1   0   1   0   1   0   0
2   1   0   0   0   0   0   0   0   1   0
3   0   2   2   0   1   0   1   0   0   0
4   0   0   0   1   0   0   2   0   0   1

# Realization 24
S_plus:
   1  2  3  4  5  6  7  8  9
1  0  0  0  0  0  0  0  0  1
2  0  1  0  0  0  1  1  1  0
3  0  0  1  1  0  0  0  0  0
4  1  0  0  0  0  0  1  0  0
5  0  0  0  0  1  1  0  1  1
6  0  0  0  0  1  0  0  1  0
7  1  0  0  0  0  1  0  0  0
8  0  0  0  0  0  0  1  0  0

S_minus:
   1  2  3  4  5  6  7  8  9
1  0  0  0  0  0  1  1  1  0
2  0  0  2  1  0  0  0  0  0
3  2  0  0  0  0  0  0  0  0
4  0  0  0  1  0  1  0  1  1
5  0  0  0  1  0  0  1  0  0
6  0  0  0  0  0  1  0  0  0
7  0  0  0  0  1  0  1  0  0
8  1  2  0  0  0  0  0  1  0

# Realization 25
S_plus:
   1   2   3   4   5   6   7   8   9   10  11  12
1   1   0   0   0   0   0   0   0   1   0   0   1
2   0   0   1   0   0   1   1   0   0   0   0   0
3   0   0   0   0   1   0   1   0   0   1   0   0
4   1   1   0   1   0   0   0   0   0   0   1   0
5   0   0   1   0   0   0   0   0   0   0   0   0
6   0   0   0   0   0   0   0   0   0   2   2   1
7   1   0   1   0   0   0   0   1   0   0   0   1

S_minus:
   1   2   3   4   5   6   7   8   9   10  11  12
1   0   0   0   0   1   0   0   0   0   0   0   0
2   0   0   0   0   0   0   0   0   1   0   1   1
3   0   1   1   0   0   0   0   3   0   0   0   0
4   0   0   0   0   0   0   0   0   0   1   0   0
5   1   1   0   0   0   0   0   0   0   0   1   0
6   0   0   1   0   0   2   1   0   1   0   0   0
7   0   1   0   2   0   0   1   0   1   0   0   0

# Realization 26
S_plus:
   1   2   3   4   5   6   7   8   9   10
1   0   1   0   2   2   0   0   0   0   0
2   0   1   1   0   0   1   0   0   0   1
3   3   0   0   1   0   0   0   1   1   2
4   0   0   0   0   1   0   1   0   0   0

S_minus:
   1   2   3   4   5   6   7   8   9   10
1   1   0   1   0   0   0   0   1   0   2
2   0   0   0   0   0   0   1   2   1   0
3   0   1   0   0   1   1   1   0   0   0
4   1   0   0   2   0   1   0   0   0   0

# Realization 27
S_plus:
   1  2  3  4  5  6  7  8  9
1  0  2  1  0  0  0  0  1  0
2  0  0  0  1  0  2  0  0  0
3  0  0  0  0  1  0  1  1  0
4  1  1  0  0  0  0  0  0  0
5  0  0  1  0  0  0  1  1  0
6  0  0  0  0  0  1  0  0  0
7  0  0  0  0  1  0  0  0  1

S_minus:
   1  2  3  4  5  6  7  8  9
1  0  0  0  0  1  0  0  0  0
2  1  1  0  0  0  0  0  0  1
3  0  0  0  1  0  1  0  0  0
4  0  0  0  0  0  0  1  2  1
5  0  1  0  0  0  0  0  0  0
6  1  1  1  0  0  0  0  0  1
7  1  0  1  0  0  0  0  1  0

# Realization 28
S_plus:
   1  2  3  4  5  6  7  8  9
1  0  3  0  0  1  2  0  0  2
2  0  0  2  1  0  1  0  2  0
3  1  0  1  0  0  0  1  0  0

S_minus:
   1  2  3  4  5  6  7  8  9
1  1  0  1  0  0  0  2  1  0
2  0  0  0  0  0  0  1  0  1
3  0  2  0  1  1  1  0  1  1

# Realization 29
S_plus:
   1   2   3   4   5   6   7   8   9   10
1   0   0   0   0   3   0   1   1   0   2
2   0   1   0   0   0   1   0   0   1   0
3   0   0   1   1   0   0   1   0   2   0
4   1   0   1   0   0   2   1   0   0   0

S_minus:
   1   2   3   4   5   6   7   8   9   10
1   1   0   0   2   0   2   0   0   0   0
2   1   0   2   1   1   0   2   0   0   1
3   1   1   0   0   1   1   0   1   0   1
4   0   0   0   0   1   0   0   0   1   0

# Realization 30
S_plus:
   1   2   3   4   5   6   7   8   9   10
1   1   0   0   0   1   0   1   0   0   1
2   0   1   0   1   0   1   0   1   1   2
3   0   0   0   2   0   0   0   0   0   0
4   1   0   0   0   0   0   1   0   0   0
5   1   2   1   0   0   0   0   0   0   0

S_minus:
   1   2   3   4   5   6   7   8   9   10
1   0   1   1   1   0   0   0   0   0   0
2   0   0   0   0   0   0   1   0   0   0
3   1   0   0   0   1   1   0   0   0   1
4   0   1   1   0   0   0   0   1   0   0
5   0   0   0   1   0   1   0   0   1   1

# Realization 31
S_plus:
   1  2  3  4  5  6  7  8  9
1  0  0  0  0  0  0  0  0  1
2  0  0  0  0  0  1  0  0  0
3  1  1  1  0  0  1  0  1  0
4  1  0  0  0  0  0  0  0  0
5  0  0  0  1  0  0  0  0  0
6  0  0  0  1  1  0  1  0  0
7  0  0  1  0  0  0  0  1  0
8  0  1  0  0  0  1  0  0  1

S_minus:
   1  2  3  4  5  6  7  8  9
1  0  0  0  0  0  1  0  0  0
2  0  1  0  0  0  0  0  1  0
3  0  0  0  1  1  0  0  0  1
4  0  0  2  1  1  0  0  0  0
5  0  0  1  0  0  1  2  0  0
6  1  1  0  0  0  0  0  0  0
7  0  0  0  0  0  1  1  0  0
8  0  0  0  1  1  0  0  1  0

# Realization 32
S_plus:
   1  2  3  4  5  6  7  8
1  1  0  1  0  1  0  0  1
2  0  0  1  0  0  0  0  1
3  0  1  0  2  0  0  0  1
4  0  0  0  0  0  0  1  0
5  2  0  0  0  1  1  0  0
6  0  0  0  0  0  1  0  0

S_minus:
   1  2  3  4  5  6  7  8
1  0  0  0  0  0  1  2  0
2  1  0  0  0  0  0  1  0
3  0  0  2  0  0  0  0  0
4  1  1  0  0  1  0  0  0
5  0  0  0  0  0  0  0  2
6  0  0  0  1  0  0  0  0

# Realization 33
S_plus:
   1  2  3  4  5  6  7  8  9
1  0  0  2  0  1  0  0  1  0
2  3  0  0  0  2  0  0  1  2
3  0  3  0  2  0  1  1  0  0

S_minus:
   1  2  3  4  5  6  7  8  9
1  1  1  0  0  0  1  1  0  0
2  0  2  3  2  0  0  2  0  0
3  2  0  0  0  1  0  0  3  1

# Realization 34
S_plus:
   1   2   3   4   5   6   7   8   9   10  11  12
1   0   0   0   0   0   0   0   1   1   0   0   0
2   0   2   0   1   0   0   0   0   0   0   0   0
3   2   0   0   0   1   0   2   0   0   1   1   1
4   0   0   0   0   0   1   0   0   0   0   0   0
5   1   1   0   1   0   0   0   0   0   0   0   0
6   0   0   1   0   2   0   0   0   1   0   0   0

S_minus:
   1   2   3   4   5   6   7   8   9   10  11  12
1   0   2   1   1   1   0   0   0   0   1   1   0
2   2   0   1   0   0   0   0   0   0   0   0   1
3   0   1   1   0   0   1   0   0   0   0   0   0
4   0   0   0   0   0   0   0   2   0   0   0   0
5   0   0   0   0   0   0   0   0   1   1   0   1
6   0   0   0   0   0   0   1   1   0   0   0   1

# Realization 35
S_plus:
   1  2  3  4  5
1  0  1  1  0  0
2  0  0  0  3  2
3  2  1  2  0  0

S_minus:
   1  2  3  4  5
1  3  0  0  2  2
2  0  1  1  0  0
3  0  0  0  1  1

# Realization 36
S_plus:
   1  2  3  4  5  6  7  8
1  0  0  0  0  1  0  1  0
2  0  0  0  0  0  1  0  1
3  0  0  1  0  1  0  0  0
4  0  3  0  0  1  0  0  0
5  1  0  0  0  0  0  0  1
6  1  0  0  2  0  0  1  1

S_minus:
   1  2  3  4  5  6  7  8
1  0  2  0  1  0  1  0  0
2  0  0  1  0  0  0  1  0
3  1  0  0  0  0  0  1  2
4  2  0  0  0  0  0  0  1
5  0  0  0  1  1  0  0  0
6  0  1  0  0  0  0  0  0

# Realization 37
S_plus:
   1   2   3   4   5   6   7   8   9   10  11
1   0   0   0   0   0   0   1   0   0   0   1
2   0   0   1   0   1   0   0   0   1   0   0
3   0   0   0   0   0   0   1   0   0   1   2
4   1   0   0   0   0   0   0   0   0   1   0
5   0   1   1   1   0   1   0   2   0   0   0
6   0   0   0   0   0   0   1   0   2   1   0

S_minus:
   1   2   3   4   5   6   7   8   9   10  11
1   1   0   0   1   0   0   0   1   0   0   0
2   0   0   0   0   0   0   1   0   0   1   1
3   0   1   0   0   1   0   0   0   0   0   0
4   0   0   0   0   0   0   1   0   1   0   1
5   0   0   0   0   0   0   0   0   0   0   1
6   0   0   1   0   0   2   0   0   0   0   0

# Realization 38
S_plus:
   1  2  3  4  5  6  7  8  9
1  0  0  0  1  0  0  0  0  1
2  0  0  0  0  0  1  1  0  0
3  1  0  0  1  0  0  0  1  0
4  0  0  0  0  0  0  0  0  1
5  1  1  0  0  0  0  1  0  1
6  1  0  1  0  1  0  0  0  0

S_minus:
   1  2  3  4  5  6  7  8  9
1  1  1  1  0  1  0  0  0  0
2  0  1  2  0  1  0  0  2  0
3  0  0  0  0  0  0  0  0  2
4  2  1  0  1  0  1  0  0  0
5  0  0  0  0  0  1  0  0  0
6  0  0  0  0  0  1  1  0  1

# Realization 39
S_plus:
   1   2   3   4   5   6   7   8   9   10  11
1   0   0   0   2   0   0   0   1   1   2   0
2   1   1   0   0   0   0   0   0   0   0   1
3   0   0   2   0   0   0   1   0   0   1   0
4   1   0   1   0   2   1   1   2   0   0   0

S_minus:
   1   2   3   4   5   6   7   8   9   10  11
1   1   0   0   0   0   1   0   0   0   0   1
2   0   0   1   1   2   0   1   0   1   1   0
3   2   1   0   1   0   1   0   1   0   0   0
4   0   0   0   1   0   0   0   0   2   1   0

# Realization 40
S_plus:
   1   2   3   4   5   6   7   8   9   10
1   0   1   0   1   0   0   0   0   0   2
2   0   1   1   0   0   0   1   1   2   0
3   0   0   0   1   0   1   0   0   0   0
4   1   0   1   1   1   0   0   1   0   0
5   2   0   0   0   1   0   1   0   0   1

S_minus:
   1   2   3   4   5   6   7   8   9   10
1   0   0   0   0   2   0   0   1   0   0
2   1   0   0   1   0   1   0   0   0   1
3   1   0   1   0   0   0   0   1   1   1
4   0   1   0   0   0   0   1   0   2   0
5   0   1   0   1   0   1   0   1   0   0

# Realization 41
S_plus:
   1   2   3   4   5   6   7   8   9   10
1   0   0   0   0   1   0   0   0   1   0
2   0   0   0   0   0   0   0   1   0   1
3   2   1   1   0   1   1   0   0   0   0
4   0   0   0   0   0   0   0   0   0   2
5   0   0   0   0   1   1   1   0   1   0
6   1   1   0   1   0   0   0   0   0   0

S_minus:
   1   2   3   4   5   6   7   8   9   10
1   0   0   0   0   0   0   0   0   0   2
2   1   0   0   2   1   0   1   0   0   0
3   0   0   0   0   0   0   1   0   0   1
4   1   1   1   0   0   0   0   2   1   0
5   1   0   0   0   0   0   0   0   0   0
6   0   0   1   0   2   1   1   0   1   0

# Realization 42
S_plus:
   1  2  3  4  5  6  7  8  9
1  0  2  1  1  0  1  1  0  0
2  0  0  0  0  1  2  0  1  0
3  0  0  0  2  0  0  2  2  0
4  3  0  1  0  0  0  0  0  1

S_minus:
   1  2  3  4  5  6  7  8  9
1  0  0  0  0  0  0  0  1  0
2  2  1  1  1  0  0  1  0  1
3  0  0  0  0  2  0  0  0  0
4  0  1  0  2  1  1  0  2  0

# Realization 43
S_plus:
   1   2   3   4   5   6   7   8   9   10  11  12
1   0   1   0   0   0   1   0   0   0   0   0   0
2   0   0   1   0   0   0   0   1   1   0   0   0
3   1   0   1   1   0   0   1   0   0   0   0   1
4   0   0   0   0   0   0   0   0   1   1   0   0
5   0   0   0   1   0   1   0   0   0   0   0   1
6   0   0   0   1   1   0   0   0   1   2   0   0
7   0   0   0   0   0   1   0   0   0   0   0   0
8   0   1   0   0   0   0   0   0   0   0   1   0

S_minus:
   1   2   3   4   5   6   7   8   9   10  11  12
1   0   0   0   0   1   0   0   1   0   0   0   0
2   1   0   0   1   0   1   1   0   0   1   0   0
3   0   0   0   0   0   0   0   0   0   1   0   0
4   0   1   0   0   0   0   0   0   0   0   0   1
5   0   0   2   0   0   0   0   0   1   1   0   0
6   0   1   0   0   0   0   0   1   0   0   0   1
7   1   0   1   1   0   0   0   0   0   0   1   1
8   0   0   0   1   0   0   1   1   0   0   0   0

# Realization 44
S_plus:
   1   2   3   4   5   6   7   8   9   10  11  12
1   2   0   0   0   0   0   0   0   2   0   0   1
2   0   0   0   1   0   0   0   0   0   0   0   0
3   0   1   0   0   2   0   0   0   0   0   0   1
4   0   0   0   0   0   0   0   2   0   2   1   0
5   0   0   1   0   0   2   3   0   1   0   2   0

S_minus:
   1   2   3   4   5   6   7   8   9   10  11  12
1   0   0   0   1   0   0   1   1   0   1   0   0
2   0   1   1   0   0   0   0   0   1   1   0   0
3   1   0   1   0   0   1   0   1   1   0   1   0
4   0   1   0   1   2   0   0   0   0   0   0   1
5   0   0   0   1   0   0   0   0   0   0   0   1

# Realization 45
S_plus:
   1   2   3   4   5   6   7   8   9   10
1   0   2   0   0   3   1   0   0   0   0
2   0   0   1   0   0   1   0   0   1   2
3   3   0   0   2   0   0   2   2   0   0

S_minus:
   1   2   3   4   5   6   7   8   9   10
1   1   0   0   1   0   0   0   2   1   2
2   2   2   0   2   0   0   1   1   0   0
3   0   0   2   0   2   1   0   0   0   1

# Realization 46
S_plus:
   1   2   3   4   5   6   7   8   9   10  11  12
1   0   0   0   0   1   0   0   0   1   0   0   0
2   0   0   1   0   0   1   0   0   0   1   0   0
3   0   0   1   1   0   2   0   0   0   0   0   1
4   0   0   0   0   0   0   0   0   0   0   1   1
5   0   0   0   0   1   0   1   1   1   0   1   1
6   0   1   0   0   0   0   0   0   0   0   1   0
7   0   0   0   0   0   0   0   0   0   1   0   0
8   1   0   0   0   1   0   0   1   0   0   0   0

S_minus:
   1   2   3   4   5   6   7   8   9   10  11  12
1   0   0   1   0   0   1   0   0   0   1   0   1
2   1   0   0   0   0   0   0   0   0   0   0   0
3   0   0   0   0   1   0   1   0   0   0   1   0
4   0   0   1   0   1   0   1   1   1   1   0   0
5   1   1   0   0   0   0   0   0   0   1   0   0
6   0   0   1   1   1   0   0   0   1   0   0   1
7   1   0   0   1   0   0   0   1   1   0   0   0
8   0   2   0   0   0   0   0   0   0   0   0   0

# Realization 47
S_plus:
   1   2   3   4   5   6   7   8   9   10  11
1   0   0   0   1   1   0   0   0   0   0   1
2   1   0   0   0   0   0   0   1   0   0   0
3   0   1   2   2   1   0   3   0   0   0   0
4   0   0   0   0   0   1   0   0   1   0   0
5   1   2   0   0   0   1   0   2   0   1   0

S_minus:
   1   2   3   4   5   6   7   8   9   10  11
1   1   1   0   0   0   1   1   1   0   0   0
2   0   2   0   1   2   1   0   0   0   0   2
3   0   0   0   0   0   1   0   1   1   1   0
4   1   0   0   1   0   0   2   1   0   1   0
5   0   0   2   1   1   0   0   0   1   0   0

# Realization 48
S_plus:
   1  2  3  4  5  6  7  8  9
1  0  1  2  0  2  1  1  0  0
2  1  0  1  0  0  1  0  1  0
3  0  1  0  1  0  0  0  0  2
4  0  1  0  0  0  0  0  0  0

S_minus:
   1  2  3  4  5  6  7  8  9
1  0  0  0  1  0  0  0  0  1
2  0  3  0  0  1  0  0  0  1
3  0  0  1  0  1  1  2  0  0
4  1  0  1  1  0  2  0  2  0

# Realization 49
S_plus:
   1   2   3   4   5   6   7   8   9   10
1   0   0   0   0   0   0   0   1   0   2
2   0   0   0   1   0   1   2   0   0   0
3   2   0   0   0   1   0   0   0   0   0
4   0   1   1   0   2   0   0   0   0   0
5   0   0   0   0   0   0   0   1   1   1
6   0   0   0   2   0   1   0   0   1   0

S_minus:
   1   2   3   4   5   6   7   8   9   10
1   0   0   1   0   0   1   0   0   0   0
2   1   0   0   0   1   0   0   1   0   0
3   0   0   2   0   0   1   1   1   0   2
4   0   0   0   0   0   0   0   0   1   1
5   2   1   0   1   0   1   1   0   0   0
6   0   1   0   0   0   0   1   0   0   0

# Realization 50
S_plus:
   1  2  3  4  5  6  7  8
1  0  1  0  1  0  0  0  0
2  2  0  3  0  0  0  0  0
3  1  0  0  0  0  0  1  0
4  0  0  0  0  0  1  0  0
5  0  0  0  0  1  0  0  1

S_minus:
   1  2  3  4  5  6  7  8
1  0  0  1  0  0  0  2  0
2  0  1  0  1  2  0  0  1
3  0  1  1  0  0  1  0  0
4  0  0  0  0  0  0  0  1
5  1  1  1  1  0  1  0  0

# Realization 51
S_plus:
   1   2   3   4   5   6   7   8   9   10  11
1   0   0   0   2   0   0   0   0   0   1   1
2   0   1   0   0   1   0   0   0   0   0   0
3   0   0   1   0   0   0   0   0   2   0   0
4   0   0   0   0   1   0   1   0   1   0   0
5   2   0   0   0   0   1   0   0   0   0   1
6   1   0   0   0   0   0   0   1   0   0   0
7   0   1   0   1   1   0   0   1   0   0   0

S_minus:
   1   2   3   4   5   6   7   8   9   10  11
1   1   1   0   0   0   1   0   0   0   0   0
2   0   0   1   0   0   1   0   1   0   0   1
3   0   0   0   0   1   0   0   0   0   1   1
4   1   1   0   1   0   1   0   0   0   0   0
5   0   0   1   1   0   0   1   1   1   0   0
6   0   0   0   1   0   0   1   0   0   0   1
7   0   0   1   0   0   0   0   0   0   1   0

# Realization 52
S_plus:
   1  2  3  4  5  6  7  8  9
1  1  0  1  1  0  1  1  0  0
2  1  2  0  0  0  0  1  0  0
3  0  1  0  0  0  1  1  0  0
4  0  0  1  0  1  1  0  0  0
5  0  0  1  0  1  0  0  1  0
6  0  0  0  0  1  0  0  0  1

S_minus:
   1  2  3  4  5  6  7  8  9
1  0  1  0  0  2  0  0  0  0
2  0  0  0  0  0  0  0  1  0
3  0  0  0  2  1  0  0  0  1
4  1  1  0  0  0  0  0  0  1
5  1  1  0  0  0  0  1  0  1
6  0  0  2  0  0  2  1  0  0

# Realization 53
S_plus:
   1  2  3  4  5
1  0  2  0  0  3
2  1  0  0  0  0
3  1  0  3  2  0

S_minus:
   1  2  3  4  5
1  1  0  1  1  0
2  0  1  2  1  1
3  0  0  0  0  1

# Realization 54
S_plus:
   1   2   3   4   5   6   7   8   9   10  11  12
1   2   0   0   0   0   1   0   0   0   0   0   0
2   0   0   2   0   0   0   1   0   1   1   0   0
3   0   0   0   0   1   0   1   1   0   0   1   0
4   0   1   0   0   1   0   0   0   0   1   0   1
5   0   0   0   0   0   0   0   0   1   0   0   0
6   1   1   0   1   0   0   0   0   0   0   0   0
7   0   0   0   0   0   0   0   0   0   0   2   0
8   0   0   0   0   0   0   0   0   1   1   0   0

S_minus:
   1   2   3   4   5   6   7   8   9   10  11  12
1   0   0   0   0   0   0   0   1   1   0   0   0
2   0   0   0   0   1   0   0   0   0   0   1   0
3   0   1   0   0   0   0   0   0   0   0   0   1
4   1   0   0   0   0   1   1   1   0   0   0   0
5   1   0   1   1   1   1   0   0   0   0   0   0
6   0   0   0   0   1   1   0   0   1   0   1   1
7   1   0   0   0   0   0   0   0   1   1   0   0
8   0   0   0   1   0   0   1   0   0   0   0   0

# Realization 55
S_plus:
   1   2   3   4   5   6   7   8   9   10
1   0   0   0   0   0   1   0   0   1   1
2   0   0   1   0   0   0   1   0   0   0
3   1   0   0   0   0   1   0   1   1   0
4   1   2   1   2   0   0   0   0   0   2
5   0   0   0   0   2   0   0   1   0   0

S_minus:
   1   2   3   4   5   6   7   8   9   10
1   0   0   0   0   1   0   2   0   0   0
2   1   0   0   0   0   1   0   1   1   0
3   0   1   0   0   1   0   0   0   0   2
4   0   0   0   0   0   0   0   0   1   0
5   1   2   1   1   0   0   1   0   1   0

# Realization 56
S_plus:
   1  2  3  4  5  6
1  0  0  0  0  1  0
2  1  0  0  0  0  1
3  0  0  1  1  1  1
4  0  1  0  0  1  0

S_minus:
   1  2  3  4  5  6
1  1  2  1  0  0  1
2  0  0  0  1  1  0
3  0  1  0  0  0  0
4  1  0  0  1  0  1

# Realization 57
S_plus:
   1  2  3  4  5  6  7  8
1  1  0  0  0  0  0  0  0
2  2  0  0  0  1  0  1  0
3  0  0  1  1  0  1  0  0
4  0  1  0  0  0  0  0  0
5  0  0  0  0  0  0  1  1
6  0  0  0  0  0  0  0  1

S_minus:
   1  2  3  4  5  6  7  8
1  0  0  0  0  0  1  1  0
2  0  0  0  1  0  1  0  1
3  1  0  0  0  0  0  0  1
4  0  0  1  1  0  0  0  0
5  1  0  0  0  0  0  0  0
6  1  1  1  0  1  1  0  0

# Realization 58
S_plus:
   1  2  3  4  5  6  7  8
1  0  0  0  0  0  1  0  0
2  1  0  0  0  0  0  1  0
3  0  0  2  1  0  1  0  1
4  0  1  0  0  1  0  0  1
5  0  0  0  1  0  1  0  0
6  0  0  0  0  0  0  0  1
7  0  0  1  0  0  0  1  0
8  0  0  0  0  2  0  1  0
9  2  2  0  1  0  0  0  0

S_minus:
   1  2  3  4  5  6  7  8
1  0  1  0  1  1  0  0  0
2  0  0  1  0  0  0  0  0
3  0  1  0  0  0  0  0  0
4  1  0  0  0  0  1  0  0
5  0  1  0  0  0  0  0  0
6  0  0  0  0  0  1  0  0
7  0  0  0  1  0  0  0  0
8  1  0  0  1  0  0  0  0
9  0  0  0  0  0  0  1  1

# Realization 59
S_plus:
    1   2   3   4   5   6   7   8   9   10  11  12
1    0   0   1   0   0   0   0   0   0   0   0   0
2    0   0   0   0   0   0   1   0   0   0   0   0
3    0   1   0   0   0   0   0   0   0   0   0   0
4    0   0   0   0   0   1   0   0   0   1   0   1
5    1   0   0   1   0   0   0   0   0   0   0   0
6    0   0   0   0   1   0   0   0   0   0   0   0
7    0   0   0   0   0   0   0   1   0   0   0   1
8    0   0   0   0   1   0   0   0   1   0   1   0
9    0   1   0   0   0   0   0   0   1   0   0   0
10   0   0   0   0   1   1   1   0   0   1   0   1

S_minus:
    1   2   3   4   5   6   7   8   9   10  11  12
1    1   1   0   0   0   1   1   0   0   0   0   1
2    0   0   1   1   1   0   0   0   0   0   1   0
3    1   0   1   0   0   0   0   0   1   0   1   0
4    1   0   0   0   0   0   0   0   0   0   0   0
5    0   0   0   0   1   0   0   1   0   1   0   1
6    0   1   1   0   0   1   0   0   0   0   1   0
7    0   1   0   1   0   0   0   0   0   0   0   0
8    0   0   0   0   0   0   1   0   0   0   0   0
9    0   0   0   0   1   1   0   0   0   0   0   0
10   0   0   0   0   0   0   0   0   1   0   0   0

# Realization 60
S_plus:
   1   2   3   4   5   6   7   8   9   10  11  12
1   3   0   0   1   1   0   0   0   0   0   1   0
2   0   1   0   0   2   1   1   0   0   1   0   0
3   0   0   0   1   0   0   0   0   0   0   0   0
4   0   0   1   0   0   0   0   1   1   0   0   0
5   0   0   0   1   0   0   0   1   1   0   0   2

S_minus:
   1   2   3   4   5   6   7   8   9   10  11  12
1   0   0   0   0   0   0   2   0   0   1   0   1
2   1   0   2   0   0   0   0   0   1   0   1   0
3   1   1   1   0   0   1   1   1   0   0   0   0
4   0   0   0   1   1   1   0   0   0   0   1   1
5   1   0   0   0   2   1   0   0   0   2   1   0

# Realization 61
S_plus:
   1   2   3   4   5   6   7   8   9   10
1   0   2   0   0   0   0   0   0   0   0
2   0   0   0   0   0   1   0   0   2   0
3   0   0   1   0   2   1   0   0   1   1
4   1   0   0   1   1   0   1   1   0   0

S_minus:
   1   2   3   4   5   6   7   8   9   10
1   1   0   0   2   0   1   0   1   0   1
2   0   1   0   0   2   0   2   0   0   0
3   2   2   0   0   0   0   1   0   0   0
4   0   0   3   0   0   2   0   0   1   1

# Realization 62
S_plus:
   1  2  3  4  5  6  7  8  9
1  0  1  0  0  0  0  0  0  0
2  0  0  0  0  0  1  0  0  1
3  1  0  1  0  1  0  0  0  0
4  1  0  1  1  0  0  1  3  1
5  1  0  0  0  0  1  2  0  0

S_minus:
   1  2  3  4  5  6  7  8  9
1  2  0  2  0  1  0  0  1  1
2  1  0  1  1  0  0  1  1  0
3  0  1  0  0  0  1  0  1  2
4  0  0  0  0  1  0  0  0  0
5  0  0  0  1  0  0  0  0  0

# Realization 63
S_plus:
   1  2  3  4  5  6  7  8  9
1  0  0  2  0  3  0  1  0  2
2  2  0  0  2  0  3  0  0  0
3  0  1  0  0  0  0  0  2  0

S_minus:
   1  2  3  4  5  6  7  8  9
1  1  2  0  0  0  0  0  0  0
2  0  1  1  0  1  0  1  3  1
3  2  0  1  1  1  1  1  0  2

# Realization 64
S_plus:
   1  2  3  4  5  6  7  8
1  1  1  0  0  1  0  0  1
2  0  1  0  1  0  0  3  0
3  0  0  1  1  0  2  0  0
4  2  1  0  0  2  0  0  1

S_minus:
   1  2  3  4  5  6  7  8
1  0  0  2  0  0  1  1  0
2  2  0  1  0  0  1  0  0
3  1  2  0  0  2  0  1  1
4  0  0  0  1  0  1  1  0

# Realization 65
S_plus:
   1  2  3  4  5  6  7  8
1  0  1  0  0  0  0  1  2
2  0  0  2  3  2  1  0  1
3  3  0  0  0  0  0  0  0

S_minus:
   1  2  3  4  5  6  7  8
1  2  0  1  2  2  1  0  0
2  1  1  0  0  0  0  1  0
3  0  0  1  1  1  0  1  1

# Realization 66
S_plus:
   1   2   3   4   5   6   7   8   9   10  11
1   1   0   0   0   0   0   0   0   0   0   1
2   0   0   0   0   0   0   0   0   0   0   1
3   0   0   0   0   1   0   0   0   1   0   0
4   0   0   0   0   0   1   1   0   0   0   0
5   0   0   1   0   0   2   0   1   0   0   1
6   0   0   0   1   0   0   0   0   1   0   0
7   0   0   0   0   1   0   0   1   0   1   0
8   2   1   0   1   0   0   0   0   0   2   0

S_minus:
   1   2   3   4   5   6   7   8   9   10  11
1   0   0   0   0   0   0   0   0   1   1   0
2   0   0   0   0   0   1   0   0   0   0   0
3   1   0   0   1   0   0   0   0   0   0   0
4   1   1   0   0   0   0   0   1   0   1   1
5   0   0   0   0   1   0   0   0   0   1   0
6   0   0   1   0   0   0   1   0   0   0   0
7   1   1   1   0   0   0   0   0   0   0   0
8   0   0   0   0   0   0   1   0   1   0   2

# Realization 67
S_plus:
   1   2   3   4   5   6   7   8   9   10
1   2   2   1   0   0   1   0   0   0   0
2   0   0   0   0   0   0   1   1   0   0
3   0   0   0   1   0   0   0   0   0   1
4   0   0   0   1   1   0   0   2   0   1
5   0   1   0   0   0   1   0   0   1   0

S_minus:
   1   2   3   4   5   6   7   8   9   10
1   0   0   0   2   0   0   0   1   1   1
2   0   1   1   1   0   1   0   0   0   0
3   2   0   1   0   1   1   0   1   0   0
4   0   1   0   0   0   0   0   0   0   0
5   0   0   0   0   1   0   1   1   0   1

# Realization 68
S_plus:
   1  2  3  4  5  6  7  8  9
1  1  0  0  0  0  0  1  0  0
2  0  0  0  1  0  0  1  0  0
3  0  0  0  0  0  0  1  0  1
4  0  1  1  0  1  0  0  1  0
5  0  0  0  0  0  1  0  1  0
6  2  0  0  0  0  1  0  0  0

S_minus:
   1  2  3  4  5  6  7  8  9
1  0  1  1  1  0  1  0  1  1
2  1  0  0  0  0  1  0  0  1
3  0  0  1  0  2  0  0  0  0
4  0  0  0  0  0  0  2  0  0
5  0  1  1  1  0  0  1  0  0
6  0  0  0  0  1  0  0  1  0

# Realization 69
S_plus:
   1   2   3   4   5   6   7   8   9   10  11  12
1   0   0   2   0   0   1   0   0   0   0   0   0
2   1   0   1   0   1   0   0   0   0   0   0   1
3   0   1   0   0   0   0   2   2   0   1   0   0
4   0   0   0   1   0   1   0   1   0   0   1   2
5   0   1   0   2   0   0   1   0   1   0   0   0

S_minus:
   1   2   3   4   5   6   7   8   9   10  11  12
1   0   1   0   1   1   0   2   1   0   0   0   1
2   0   0   0   1   0   0   1   0   0   1   0   0
3   0   0   1   1   0   1   0   0   1   0   1   1
4   1   1   1   0   1   0   0   0   0   2   0   0
5   0   0   1   0   0   0   0   0   0   0   0   0

# Realization 70
S_plus:
   1   2   3   4   5   6   7   8   9   10  11
1   1   2   2   1   1   0   0   1   0   0   0
2   0   0   1   2   0   0   0   0   0   0   0
3   1   0   0   0   0   1   0   0   0   0   1
4   0   1   0   0   0   0   1   0   1   1   0

S_minus:
   1   2   3   4   5   6   7   8   9   10  11
1   0   0   0   0   0   1   0   0   2   1   1
2   0   2   0   0   0   1   2   1   0   1   0
3   0   1   1   1   1   0   0   2   1   1   0
4   1   0   1   0   0   1   0   0   0   0   0

# Realization 71
S_plus:
   1  2  3  4  5  6  7  8
1  1  2  0  3  2  0  1  1
2  0  0  1  0  0  0  0  0
3  1  0  1  0  1  1  0  0
4  0  0  0  0  0  1  0  0
5  0  1  0  0  0  1  0  1

S_minus:
   1  2  3  4  5  6  7  8
1  0  0  1  0  0  1  0  0
2  0  1  0  0  1  1  0  0
3  0  1  0  0  0  0  0  0
4  0  1  0  2  1  0  1  3
5  1  0  0  1  0  0  0  0

# Realization 72
S_plus:
   1   2   3   4   5   6   7   8   9   10  11
1   0   2   1   2   2   1   2   0   0   0   2
2   0   0   0   0   0   0   1   2   1   1   0
3   1   0   1   1   1   0   0   1   0   1   0
4   0   1   1   0   0   0   0   0   1   0   0

S_minus:
   1   2   3   4   5   6   7   8   9   10  11
1   1   0   0   0   0   0   0   0   0   0   0
2   1   2   1   0   1   1   0   0   0   0   1
3   0   1   0   0   0   1   0   0   2   0   1
4   0   0   0   2   0   0   1   1   0   2   0

# Realization 73
S_plus:
   1   2   3   4   5   6   7   8   9   10  11
1   1   0   0   0   0   1   0   0   0   0   1
2   0   2   0   0   0   0   1   1   0   1   0
3   0   0   1   2   0   0   0   2   0   0   0
4   0   1   2   1   1   0   0   0   0   1   0
5   0   0   0   0   0   0   0   0   1   0   0

S_minus:
   1   2   3   4   5   6   7   8   9   10  11
1   0   1   2   1   0   0   1   3   0   0   0
2   1   0   1   1   1   1   0   0   0   0   1
3   0   0   0   0   0   1   1   0   1   1   1
4   0   0   0   0   0   1   0   0   0   0   0
5   0   2   0   1   0   0   0   0   0   0   0

# Realization 74
S_plus:
   1  2  3  4  5  6  7  8  9
1  0  1  0  0  0  1  0  1  0
2  0  1  0  0  0  0  0  0  0
3  1  0  0  0  0  0  0  0  1
4  0  0  0  2  0  0  1  0  1
5  1  1  0  0  0  0  1  0  0
6  0  0  1  0  2  0  0  0  0
7  1  0  0  0  0  0  0  0  0
8  0  0  0  1  0  0  0  0  1

S_minus:
   1  2  3  4  5  6  7  8  9
1  2  0  0  0  0  0  0  0  1
2  0  0  0  1  1  0  0  1  1
3  0  0  0  0  1  1  1  0  0
4  0  1  0  0  0  0  0  0  0
5  0  0  2  0  0  0  0  0  1
6  0  0  0  0  0  1  0  0  0
7  0  0  1  0  0  0  0  0  0
8  0  2  0  0  1  1  0  0  0

# Realization 75
S_plus:
   1  2  3  4  5  6  7
1  0  1  0  0  0  0  0
2  3  0  1  0  0  0  1
3  0  1  0  0  2  1  0
4  0  0  0  1  0  2  0

S_minus:
   1  2  3  4  5  6  7
1  1  0  0  1  0  1  1
2  0  1  0  0  2  1  0
3  0  0  0  1  0  0  0
4  1  1  1  0  0  0  0

# Realization 76
S_plus:
   1   2   3   4   5   6   7   8   9   10  11
1   0   0   1   0   0   0   0   1   0   1   0
2   1   0   1   0   0   0   0   0   0   1   1
3   0   1   0   0   0   0   1   0   0   0   0
4   2   1   0   0   1   0   1   0   0   0   0
5   0   1   0   1   0   1   1   2   2   0   0

S_minus:
   1   2   3   4   5   6   7   8   9   10  11
1   1   0   0   0   1   1   1   0   1   0   0
2   0   2   0   0   0   0   0   1   0   0   0
3   1   0   0   0   2   0   0   2   0   0   1
4   0   0   1   2   0   1   0   0   1   1   1
5   1   0   0   0   0   0   0   0   0   1   1

# Realization 77
S_plus:
   1   2   3   4   5   6   7   8   9   10
1   0   1   0   0   0   1   1   1   0   1
2   0   0   1   1   1   0   1   0   1   0
3   0   0   0   0   1   1   1   0   0   0
4   3   0   0   0   0   0   0   0   0   1
5   0   0   0   1   0   0   0   0   1   1
6   0   1   0   1   0   0   0   0   0   0
7   0   0   0   0   1   0   0   0   0   0

S_minus:
   1   2   3   4   5   6   7   8   9   10
1   0   0   0   1   0   0   0   0   1   0
2   0   1   0   0   0   0   0   1   0   1
3   1   0   0   0   0   0   0   0   0   0
4   0   0   0   0   0   0   0   1   0   0
5   0   0   0   0   1   2   0   0   0   0
6   0   0   0   0   0   1   0   0   0   2
7   0   0   1   0   0   0   1   1   0   0

# Realization 78
S_plus:
   1   2   3   4   5   6   7   8   9   10  11
1   0   1   1   0   0   0   0   0   0   0   0
2   0   1   0   1   0   0   1   0   0   1   0
3   3   0   0   2   2   0   0   3   3   0   1
4   0   0   2   0   1   1   0   0   0   0   1

S_minus:
   1   2   3   4   5   6   7   8   9   10  11
1   0   0   0   1   1   2   0   1   1   0   1
2   1   0   1   0   1   0   0   0   1   0   0
3   0   0   0   0   0   1   0   0   0   1   0
4   1   1   0   1   0   0   1   1   0   1   0

# Realization 79
S_plus:
   1   2   3   4   5   6   7   8   9   10
1   0   1   0   1   0   1   0   0   0   0
2   0   1   0   0   0   0   2   0   0   0
3   0   0   0   0   1   0   0   0   1   1
4   2   0   1   0   1   0   0   1   0   1
5   0   0   2   2   0   0   0   1   0   0

S_minus:
   1   2   3   4   5   6   7   8   9   10
1   0   0   1   0   0   0   0   1   0   0
2   3   0   1   2   2   1   0   0   0   1
3   0   0   0   1   0   0   1   0   0   0
4   0   0   0   0   0   1   0   0   1   0
5   0   1   0   0   1   1   0   0   1   1

# Realization 80
S_plus:
   1  2  3  4  5  6  7  8
1  2  3  1  1  0  0  3  0
2  0  0  0  0  0  3  0  1
3  1  0  0  0  1  0  0  1

S_minus:
   1  2  3  4  5  6  7  8
1  0  0  0  0  1  2  0  3
2  3  2  3  1  2  0  1  0
3  0  1  0  0  0  1  0  0

# Realization 81
S_plus:
   1   2   3   4   5   6   7   8   9   10  11
1   0   0   0   1   0   0   0   0   1   1   0
2   0   0   1   0   1   0   0   1   0   0   0
3   1   1   1   0   0   1   2   0   1   0   0
4   0   2   0   0   1   1   1   0   0   0   0
5   1   0   0   2   1   0   0   0   0   0   2

S_minus:
   1   2   3   4   5   6   7   8   9   10  11
1   1   0   1   0   1   0   0   1   0   0   0
2   0   0   0   1   0   2   0   0   1   0   0
3   0   0   0   1   0   0   0   1   0   0   1
4   0   0   0   0   0   0   0   1   0   0   0
5   0   2   0   0   0   1   1   0   2   1   0

# Realization 82
S_plus:
   1   2   3   4   5   6   7   8   9   10
1   0   1   0   0   0   0   1   0   0   0
2   1   0   1   0   0   0   0   0   0   1
3   0   0   0   1   1   1   0   0   0   0
4   0   1   0   0   0   1   0   0   0   0
5   1   0   2   0   0   0   0   1   1   0
6   0   1   0   0   0   0   0   1   0   0

S_minus:
   1   2   3   4   5   6   7   8   9   10
1   0   0   0   0   0   0   0   0   1   0
2   0   1   0   0   0   0   1   0   0   0
3   0   0   2   0   0   0   0   0   0   0
4   0   0   0   0   1   0   0   2   0   1
5   0   2   0   0   0   0   0   0   0   0
6   1   0   0   1   0   1   1   0   1   1

# Realization 83
S_plus:
   1  2  3  4  5  6  7
1  0  0  1  0  0  0  0
2  3  1  1  0  3  0  2
3  0  0  0  3  0  1  0

S_minus:
   1  2  3  4  5  6  7
1  2  0  0  0  0  1  0
2  0  0  0  1  0  1  0
3  1  1  2  0  1  0  3

# Realization 84
S_plus:
   1   2   3   4   5   6   7   8   9   10  11  12
1   1   0   1   0   1   0   0   0   0   1   0   0
2   0   1   1   0   0   0   0   1   1   0   0   0
3   0   0   0   1   0   0   1   0   0   0   2   0
4   0   0   0   0   0   0   0   0   1   0   0   0
5   0   0   0   2   1   2   0   0   0   0   0   0
6   0   0   0   0   0   0   0   0   0   1   0   0
7   0   1   0   0   1   0   0   0   0   1   1   0
8   1   0   0   0   0   0   0   1   0   0   0   1
9   1   0   0   0   0   0   0   1   1   0   0   0

S_minus:
   1   2   3   4   5   6   7   8   9   10  11  12
1   0   1   0   0   0   0   0   0   0   0   0   0
2   0   0   0   1   0   0   0   0   0   0   0   0
3   2   0   1   0   1   1   0   0   1   0   0   0
4   0   1   0   1   0   0   0   0   0   0   0   0
5   1   0   0   0   0   0   0   0   0   0   1   0
6   0   1   0   0   0   1   0   0   1   0   0   1
7   0   0   0   0   0   0   1   2   0   0   0   0
8   0   0   0   1   0   1   0   0   0   0   1   0
9   0   0   0   0   0   0   1   0   0   1   1   0

# Realization 85
S_plus:
   1   2   3   4   5   6   7   8   9   10
1   0   0   0   0   0   1   1   1   0   1
2   1   0   0   1   0   0   0   0   0   2
3   1   1   1   1   1   0   0   0   0   0
4   0   0   1   0   0   0   0   1   2   0

S_minus:
   1   2   3   4   5   6   7   8   9   10
1   1   0   1   1   1   0   0   0   1   0
2   0   1   0   0   0   2   0   1   0   0
3   0   0   0   0   0   0   1   0   0   1
4   1   0   0   0   0   0   2   0   0   1

# Realization 86
S_plus:
   1   2   3   4   5   6   7   8   9   10  11
1   2   1   1   0   0   0   0   1   0   0   0
2   0   1   1   0   0   0   0   0   0   0   1
3   1   0   1   0   0   0   0   0   0   1   0
4   0   0   0   1   0   0   1   0   0   1   0
5   0   0   0   0   0   0   0   0   0   1   0
6   0   0   0   1   0   1   0   0   0   0   0
7   0   0   0   0   1   0   0   0   1   0   0

S_minus:
   1   2   3   4   5   6   7   8   9   10  11
1   0   0   0   1   0   0   1   0   0   0   0
2   1   0   0   0   0   0   1   0   1   1   0
3   0   0   0   0   0   1   0   0   0   0   0
4   0   0   0   0   0   2   0   1   1   0   0
5   1   0   0   2   1   0   0   0   1   0   0
6   0   2   1   0   0   0   0   0   0   1   1
7   0   1   2   0   0   0   1   1   0   0   0

# Realization 87
S_plus:
   1   2   3   4   5   6   7   8   9   10  11
1   0   0   1   0   0   0   1   0   0   0   0
2   1   0   1   0   0   1   0   0   0   0   3
3   0   1   0   1   0   1   0   0   0   0   0
4   0   1   0   0   0   0   1   0   0   1   0
5   0   0   0   0   0   0   0   0   1   2   0
6   0   0   0   0   1   0   1   1   0   0   0

S_minus:
   1   2   3   4   5   6   7   8   9   10  11
1   0   0   0   1   1   0   0   0   0   0   1
2   0   0   0   1   1   0   2   0   1   1   0
3   0   0   0   0   0   0   0   0   0   2   0
4   1   0   1   0   0   0   0   1   1   0   1
5   1   1   0   1   0   2   0   0   0   0   0
6   0   0   0   0   0   1   0   0   1   0   0

# Realization 88
S_plus:
   1  2  3  4  5  6  7  8  9
1  0  1  1  2  0  0  0  0  1
2  1  0  2  0  0  1  0  0  0
3  0  1  0  0  0  0  0  0  0
4  1  0  0  0  1  1  1  2  1
5  1  0  0  1  0  1  0  1  0
6  0  1  0  0  0  0  1  0  0

S_minus:
   1  2  3  4  5  6  7  8  9
1  1  0  0  0  0  1  0  0  0
2  0  1  0  1  0  0  0  0  1
3  0  0  0  0  0  1  1  1  0
4  0  0  1  1  0  0  0  0  0
5  0  0  0  0  1  0  0  0  1
6  0  0  0  1  0  0  0  0  0

# Realization 89
S_plus:
   1  2  3  4  5  6
1  0  1  0  1  3  0
2  0  1  1  0  0  0
3  3  0  2  0  0  1

S_minus:
   1  2  3  4  5  6
1  0  0  1  0  0  1
2  2  0  0  1  0  1
3  0  1  0  1  2  0

# Realization 90
S_plus:
   1   2   3   4   5   6   7   8   9   10  11  12
1   0   0   1   0   0   0   0   0   1   0   0   1
2   0   0   0   0   0   0   0   0   0   0   0   1
3   0   0   0   0   0   1   0   0   1   0   0   0
4   1   0   0   0   0   0   0   0   0   1   0   0
5   0   0   1   0   0   0   0   0   0   0   2   0
6   0   0   0   0   0   0   1   0   0   0   0   0
7   0   2   0   1   1   1   0   1   0   0   0   0
8   0   0   0   0   0   0   2   0   0   0   1   0
9   1   0   0   2   0   1   0   0   0   1   0   1

S_minus:
   1   2   3   4   5   6   7   8   9   10  11  12
1   0   0   0   0   1   1   0   0   0   1   0   0
2   0   0   1   0   1   0   0   0   1   0   1   0
3   1   0   0   0   0   0   1   0   0   0   0   1
4   0   0   0   0   0   1   1   0   0   0   0   0
5   0   0   0   0   0   1   0   0   0   1   0   0
6   0   0   0   1   0   0   0   1   0   0   1   0
7   0   0   1   0   0   0   1   0   1   0   0   1
8   1   1   0   0   1   0   0   0   0   1   0   0
9   0   2   0   0   0   0   0   0   0   0   1   0

# Realization 91
S_plus:
   1  2  3  4  5  6  7  8  9
1  0  1  0  1  0  0  1  0  0
2  1  0  0  0  0  1  0  0  0
3  0  0  0  0  1  1  0  1  0
4  1  2  0  0  1  0  0  0  0
5  0  0  1  0  0  1  0  0  1

S_minus:
   1  2  3  4  5  6  7  8  9
1  0  0  1  0  1  1  0  2  0
2  0  1  1  2  0  0  2  1  0
3  0  1  0  0  0  0  0  0  0
4  0  0  1  1  0  0  0  0  1
5  1  0  0  0  0  0  0  0  0

# Realization 92
S_plus:
   1  2  3  4  5  6  7  8
1  2  0  1  1  0  1  0  1
2  0  1  0  0  3  2  3  0
3  0  1  0  0  0  0  0  1

S_minus:
   1  2  3  4  5  6  7  8
1  0  2  0  0  2  0  1  0
2  1  0  0  0  0  0  0  1
3  0  0  1  2  1  1  1  0

# Realization 93
S_plus:
   1  2  3  4  5  6  7  8  9
1  0  3  0  1  1  0  0  2  3
2  1  0  0  1  0  0  0  0  0
3  0  0  3  0  0  3  3  0  0

S_minus:
   1  2  3  4  5  6  7  8  9
1  1  0  1  0  0  1  2  0  0
2  0  1  0  0  1  2  1  1  1
3  2  2  0  1  0  0  0  2  1

# Realization 94
S_plus:
   1   2   3   4   5   6   7   8   9   10  11
1   0   1   1   0   0   0   1   2   0   1   0
2   1   0   0   0   0   0   2   0   0   0   0
3   0   2   0   0   1   1   0   0   2   0   0
4   1   0   1   3   2   0   0   0   0   0   3

S_minus:
   1   2   3   4   5   6   7   8   9   10  11
1   1   0   0   0   1   0   0   0   1   0   0
2   0   1   2   1   1   1   0   1   0   0   1
3   2   0   1   0   0   0   1   1   0   0   1
4   0   1   0   0   0   2   1   1   1   1   0

# Realization 95
S_plus:
   1   2   3   4   5   6   7   8   9   10  11
1   3   1   0   0   2   1   0   0   0   0   2
2   0   2   3   2   1   0   2   0   1   2   0
3   0   0   0   0   0   2   0   3   2   0   1

S_minus:
   1   2   3   4   5   6   7   8   9   10  11
1   0   0   1   0   0   0   1   2   1   0   0
2   1   0   0   0   0   1   0   1   0   0   1
3   1   2   2   3   1   0   1   0   0   2   0

# Realization 96
S_plus:
   1  2  3  4  5  6
1  0  3  0  1  0  0
2  3  0  0  0  0  2
3  0  0  3  0  1  0

S_minus:
   1  2  3  4  5  6
1  0  0  2  0  3  1
2  0  1  1  1  0  0
3  1  1  0  2  0  2

# Realization 97
S_plus:
   1  2  3  4
1  0  1  3  0
2  3  0  0  0
3  0  0  0  1

S_minus:
   1  2  3  4
1  1  0  0  1
2  0  0  2  1
3  0  1  1  0

# Realization 98
S_plus:
   1  2  3  4
1  0  1  1  0
2  0  0  0  2
3  2  2  2  0

S_minus:
   1  2  3  4
1  1  0  0  1
2  1  1  2  0
3  0  0  0  1

# Realization 99
S_plus:
   1  2  3  4
1  1  0  1  0
2  0  2  0  0
3  0  0  0  2
4  0  0  0  1

S_minus:
   1  2  3  4
1  0  0  0  1
2  2  0  1  2
3  1  1  1  0
4  0  1  1  0

# Realization 100
S_plus:
   1  2  3  4  5  6  7  8
1  0  0  2  0  0  0  1  1
2  1  0  0  0  0  0  0  0
3  0  1  0  1  2  3  0  0

S_minus:
   1  2  3  4  5  6  7  8
1  0  2  0  1  1  1  0  0
2  0  1  1  1  1  1  2  0
3  2  0  1  0  0  0  1  1

# Realization 101
S_plus:
   1  2  3  4  5  6
1  0  1  0  1  0  0
2  2  0  0  0  1  0
3  0  2  2  0  2  1

S_minus:
   1  2  3  4  5  6
1  1  0  1  0  1  3
2  0  1  1  0  0  0
3  2  0  0  2  0  0

# Realization 102
S_plus:
   1   2   3   4   5   6   7   8   9   10  11
1   0   0   0   1   0   0   0   0   0   1   0
2   3   3   2   0   0   3   1   0   0   1   1
3   0   0   1   2   3   0   0   2   3   0   0

S_minus:
   1   2   3   4   5   6   7   8   9   10  11
1   2   0   1   0   0   1   1   1   0   0   0
2   0   0   0   1   3   0   0   1   1   0   0
3   1   1   0   0   0   1   2   0   0   1   1

# Realization 103
S_plus:
   1  2  3  4  5  6  7  8
1  0  2  0  0  0  1  1  0
2  0  0  1  1  1  1  0  3
3  0  1  0  1  0  0  0  0
4  2  0  0  0  1  0  0  0

S_minus:
   1  2  3  4  5  6  7  8
1  0  0  0  0  0  0  0  1
2  1  1  0  0  0  0  1  0
3  2  0  0  0  1  2  2  1
4  0  1  3  1  0  0  0  1

# Realization 104
S_plus:
   1   2   3   4   5   6   7   8   9   10  11
1   0   0   0   0   3   1   1   0   0   0   1
2   0   1   1   0   0   0   1   2   1   2   0
3   3   0   2   2   0   1   0   0   2   0   0

S_minus:
   1   2   3   4   5   6   7   8   9   10  11
1   0   0   1   1   0   0   0   1   3   2   0
2   3   0   0   2   2   1   0   0   0   0   0
3   0   3   0   0   1   0   2   1   0   1   1

# Realization 105
S_plus:
   1  2  3  4  5  6  7  8
1  0  0  0  2  0  1  0  1
2  0  0  2  0  1  0  1  0
3  1  0  0  1  0  1  1  1
4  0  2  0  0  0  0  0  1

S_minus:
   1  2  3  4  5  6  7  8
1  0  2  1  0  0  0  1  0
2  1  1  0  0  0  1  0  1
3  0  0  1  0  0  0  0  0
4  0  0  1  1  1  1  1  0

# Realization 106
S_plus:
   1   2   3   4   5   6   7   8   9   10
1   1   0   0   0   0   0   0   1   0   0
2   0   0   1   2   0   0   0   0   0   0
3   0   0   0   0   1   0   1   0   0   0
4   1   1   0   0   0   1   0   2   1   0
5   0   0   0   0   0   0   0   0   0   2

S_minus:
   1   2   3   4   5   6   7   8   9   10
1   0   0   0   1   2   0   0   0   0   0
2   3   1   0   0   0   0   0   1   1   0
3   0   0   1   0   0   0   0   0   1   2
4   0   0   1   0   0   0   1   0   0   0
5   0   0   0   1   0   1   0   0   0   0

# Realization 107
S_plus:
   1   2   3   4   5   6   7   8   9   10  11  12
1   0   0   1   0   0   1   0   2   2   0   2   0
2   2   1   0   1   0   0   0   0   0   2   0   1
3   0   0   0   0   2   0   2   0   0   0   0   0

S_minus:
   1   2   3   4   5   6   7   8   9   10  11  12
1   0   1   0   3   0   0   2   0   0   1   0   1
2   0   0   1   0   2   0   1   2   2   0   1   0
3   1   1   0   0   0   3   0   1   0   1   1   2

# Realization 108
S_plus:
   1  2  3  4  5  6  7  8  9
1  0  0  0  0  0  0  0  2  2
2  0  0  1  1  0  0  0  0  0
3  0  0  0  0  2  1  0  0  0
4  0  1  0  2  0  0  1  0  0
5  2  0  0  0  0  1  0  0  0

S_minus:
   1  2  3  4  5  6  7  8  9
1  1  1  0  0  0  0  1  0  0
2  1  1  0  0  1  1  0  1  0
3  0  1  0  1  0  0  0  1  0
4  0  0  1  0  0  0  0  0  2
5  0  0  0  1  0  0  0  1  0

# Realization 109
S_plus:
   1   2   3   4   5   6   7   8   9   10  11
1   1   0   2   0   2   0   1   0   0   1   0
2   0   0   1   1   0   0   0   0   0   2   1
3   1   0   0   1   0   0   2   2   1   0   0
4   0   1   0   0   0   3   0   0   1   0   1

S_minus:
   1   2   3   4   5   6   7   8   9   10  11
1   0   2   0   1   0   1   0   2   0   0   2
2   0   0   0   0   0   1   1   0   1   0   0
3   0   0   0   0   0   0   0   0   0   0   1
4   1   0   1   0   1   0   1   0   0   1   0

# Realization 110
S_plus:
   1   2   3   4   5   6   7   8   9   10
1   1   0   1   0   0   0   1   1   0   1
2   1   0   1   1   0   1   0   0   0   1
3   0   1   0   0   0   0   0   0   0   0
4   0   1   1   2   0   0   0   0   3   1
5   1   0   0   0   1   0   1   0   0   0
6   0   1   0   0   1   0   0   0   0   0

S_minus:
   1   2   3   4   5   6   7   8   9   10
1   0   1   0   1   1   1   0   0   0   0
2   0   2   0   0   0   0   0   0   0   0
3   1   0   0   0   0   0   0   0   1   1
4   0   0   0   0   1   0   1   1   0   0
5   0   0   0   1   0   0   0   0   2   1
6   0   0   1   1   0   0   0   0   0   0

# Realization 111
S_plus:
   1   2   3   4   5   6   7   8   9   10
1   0   0   2   1   0   1   2   0   0   1
2   0   2   0   2   0   0   0   0   1   0
3   2   0   0   0   1   1   1   1   0   0

S_minus:
   1   2   3   4   5   6   7   8   9   10
1   1   2   0   0   1   0   0   2   1   0
2   2   0   2   0   1   1   2   0   0   1
3   0   1   1   1   0   0   0   0   1   0

# Realization 112
S_plus:
   1   2   3   4   5   6   7   8   9   10
1   1   2   0   1   1   0   0   1   1   0
2   0   0   1   0   0   1   1   0   0   0
3   0   0   1   0   1   0   0   0   0   0
4   0   0   0   0   0   1   0   1   0   0
5   1   0   0   0   0   0   0   0   0   0
6   0   0   0   0   0   1   0   0   0   0
7   0   0   1   0   0   0   0   0   0   1

S_minus:
   1   2   3   4   5   6   7   8   9   10
1   0   0   1   0   0   0   0   0   0   0
2   1   0   0   1   0   0   0   1   1   0
3   0   1   0   0   0   0   0   0   0   0
4   0   0   1   0   1   0   0   0   1   1
5   0   0   0   0   0   2   0   0   0   0
6   0   0   1   1   0   0   0   1   0   1
7   2   0   0   0   0   0   1   1   0   0

# Realization 113
S_plus:
   1   2   3   4   5   6   7   8   9   10
1   1   1   0   0   2   0   2   0   0   0
2   2   1   3   3   0   0   0   3   0   3
3   0   0   0   0   0   1   1   0   1   0

S_minus:
   1   2   3   4   5   6   7   8   9   10
1   0   0   1   1   0   1   0   2   1   2
2   0   0   0   0   2   0   1   0   1   0
3   3   1   0   1   1   0   0   1   0   0

# Realization 114
S_plus:
   1  2  3  4  5  6  7  8  9
1  0  0  1  0  0  0  3  2  1
2  0  2  0  1  0  3  0  0  2
3  3  0  2  0  1  0  0  0  0

S_minus:
   1  2  3  4  5  6  7  8  9
1  1  1  0  0  1  1  0  0  0
2  1  0  1  0  0  0  2  1  0
3  0  0  0  1  0  2  1  1  1

# Realization 115
S_plus:
   1   2   3   4   5   6   7   8   9   10  11  12
1   0   0   0   0   1   0   0   0   0   0   1   0
2   0   2   1   0   0   3   0   0   0   1   0   1
3   1   0   0   0   0   0   1   3   1   0   0   0
4   1   1   0   0   0   0   0   0   2   0   0   1
5   0   0   0   1   0   0   1   0   0   0   1   0

S_minus:
   1   2   3   4   5   6   7   8   9   10  11  12
1   2   1   1   0   0   0   1   2   1   0   0   1
2   0   0   0   0   1   0   0   0   0   0   0   0
3   0   2   1   1   0   1   0   0   0   1   0   0
4   0   0   0   1   0   1   1   0   0   0   3   0
5   0   0   0   0   2   1   0   1   2   1   0   0

# Realization 116
S_plus:
   1  2  3  4  5  6  7
1  1  1  0  2  1  1  0
2  0  0  1  0  0  0  1
3  0  1  0  0  0  0  0
4  0  0  0  1  2  0  1
5  0  1  1  0  0  2  0

S_minus:
   1  2  3  4  5  6  7
1  0  0  1  0  0  0  2
2  0  0  0  0  1  1  0
3  0  0  2  1  1  1  0
4  1  1  0  0  0  1  0
5  0  0  0  1  1  0  0

# Realization 117
S_plus:
   1   2   3   4   5   6   7   8   9   10  11
1   0   0   0   0   0   0   0   0   1   0   0
2   0   0   0   0   1   1   0   0   0   1   0
3   0   0   0   0   0   0   1   1   0   0   0
4   0   1   0   1   0   0   0   0   0   0   0
5   1   0   0   2   0   0   0   0   0   0   0
6   0   0   0   0   0   1   0   0   0   0   0
7   0   0   2   0   0   0   0   0   0   0   0
8   0   0   0   0   0   0   0   1   0   1   1
9   0   0   1   0   1   0   0   0   0   0   0

S_minus:
   1   2   3   4   5   6   7   8   9   10  11
1   0   0   0   1   0   1   2   0   0   0   0
2   0   0   0   0   0   0   0   0   0   0   1
3   0   0   1   0   0   1   0   0   0   0   0
4   0   0   0   0   1   0   0   1   1   1   0
5   0   0   0   0   0   0   1   0   0   0   0
6   1   0   0   0   0   0   0   1   1   2   0
7   0   0   0   0   0   1   0   0   0   0   0
8   0   0   1   0   1   0   0   0   0   0   0
9   0   1   0   0   0   0   0   0   0   0   1

# Realization 118
S_plus:
   1   2   3   4   5   6   7   8   9   10  11
1   0   0   0   0   0   1   1   0   0   0   1
2   0   0   0   0   0   1   0   1   0   0   1
3   1   0   0   1   0   0   0   0   3   0   0
4   0   0   1   0   0   0   0   0   0   0   1
5   0   2   1   1   1   1   0   0   0   0   0
6   0   0   0   1   0   0   0   0   0   2   0

S_minus:
   1   2   3   4   5   6   7   8   9   10  11
1   0   0   0   1   0   0   0   0   0   1   0
2   0   2   1   1   0   0   1   0   0   0   0
3   0   1   0   0   1   1   1   0   0   0   0
4   2   0   0   0   1   0   1   0   0   0   0
5   1   0   0   0   0   0   0   0   1   1   2
6   0   0   1   0   0   1   0   2   1   0   0

# Realization 119
S_plus:
   1   2   3   4   5   6   7   8   9   10  11
1   1   1   0   0   0   0   0   0   0   0   0
2   0   0   1   1   0   1   0   1   0   1   0
3   1   0   1   0   0   0   1   0   0   0   0
4   0   0   0   0   1   0   1   0   1   0   0
5   0   0   0   0   0   0   0   1   0   0   0
6   0   1   0   0   0   0   0   0   0   1   0
7   0   0   1   0   0   0   0   0   0   0   1

S_minus:
   1   2   3   4   5   6   7   8   9   10  11
1   0   0   0   1   0   0   0   0   0   0   0
2   0   0   0   0   1   0   0   0   0   0   1
3   0   0   0   0   1   1   0   0   0   0   1
4   0   1   0   0   0   0   0   0   0   0   0
5   0   1   1   2   0   1   0   0   0   1   0
6   2   0   0   0   0   0   1   1   1   0   0
7   1   1   0   0   0   0   0   0   0   1   0

# Realization 120
S_plus:
   1   2   3   4   5   6   7   8   9   10  11  12
1   0   0   0   1   0   0   2   0   0   0   0   1
2   1   0   0   0   1   1   0   1   0   0   0   0
3   0   0   0   0   0   0   0   0   1   0   1   1
4   0   0   0   0   0   0   0   1   0   0   0   0
5   0   0   2   1   0   0   0   0   0   1   2   0
6   0   0   0   1   2   0   0   0   0   0   0   0
7   0   2   0   0   0   1   0   0   0   0   0   0

S_minus:
   1   2   3   4   5   6   7   8   9   10  11  12
1   0   1   1   0   1   0   0   0   0   0   0   0
2   0   0   0   3   0   0   0   0   0   0   1   0
3   0   0   1   0   1   1   0   0   0   0   0   0
4   0   0   0   0   0   0   1   0   1   0   0   0
5   0   0   0   0   0   0   0   0   1   0   0   1
6   0   0   0   0   0   0   1   0   0   1   0   0
7   1   0   1   0   0   0   0   1   1   0   0   1

# Realization 121
S_plus:
   1  2  3  4  5  6  7  8  9
1  1  0  3  3  0  1  0  0  0
2  0  1  0  0  0  2  0  1  1
3  0  0  0  0  1  0  2  0  0

S_minus:
   1  2  3  4  5  6  7  8  9
1  0  2  0  0  0  0  0  1  2
2  1  0  0  0  1  0  1  0  0
3  0  0  3  1  0  3  0  0  1

# Realization 122
S_plus:
   1  2  3  4  5  6  7  8  9
1  1  0  0  2  0  3  1  1  2
2  1  0  0  0  2  0  0  0  1
3  1  2  0  0  0  0  0  1  0
4  0  1  2  0  0  0  1  1  0

S_minus:
   1  2  3  4  5  6  7  8  9
1  0  1  2  0  1  0  0  0  0
2  0  0  0  1  0  1  2  1  0
3  0  0  0  1  0  1  0  0  1
4  1  0  0  1  0  1  0  0  1

# Realization 123
S_plus:
   1  2  3  4  5  6
1  0  2  1  0  0  2
2  0  0  1  0  3  0
3  1  0  0  3  0  0

S_minus:
   1  2  3  4  5  6
1  1  0  0  2  2  0
2  2  1  0  1  0  0
3  0  1  1  0  1  1

# Realization 124
S_plus:
   1   2   3   4   5   6   7   8   9   10  11
1   0   0   0   1   0   0   0   0   1   0   0
2   0   2   0   0   1   0   2   0   1   0   0
3   0   0   0   0   1   0   1   2   0   0   1
4   0   1   0   2   0   2   0   0   0   0   0
5   1   0   0   0   1   0   0   0   0   0   1
6   0   0   0   0   0   0   0   0   0   1   0
7   0   0   1   0   0   1   0   1   0   0   0
8   0   0   1   0   0   0   0   0   0   0   1

S_minus:
   1   2   3   4   5   6   7   8   9   10  11
1   0   0   0   0   0   0   0   0   0   0   1
2   0   0   0   0   0   1   0   1   0   1   0
3   0   0   0   1   0   0   0   0   0   1   0
4   0   0   0   0   0   0   0   1   0   0   1
5   0   1   1   1   0   2   0   0   0   0   0
6   1   0   0   1   1   0   1   0   1   0   1
7   0   0   0   0   1   0   0   0   0   1   0
8   0   1   0   0   0   0   0   1   0   0   0

# Realization 125
S_plus:
   1  2  3
1  1  0  0
2  0  0  1
3  0  3  0

S_minus:
   1  2  3
1  0  2  1
2  0  1  0
3  2  0  0

# Realization 126
S_plus:
   1   2   3   4   5   6   7   8   9   10  11  12
1   0   0   2   0   1   1   0   1   0   0   0   0
2   0   0   0   0   1   0   2   1   0   0   0   0
3   0   1   0   0   0   0   0   0   1   0   0   3
4   1   0   1   1   1   0   0   0   0   2   2   0
5   0   0   0   0   0   0   1   0   0   0   0   0

S_minus:
   1   2   3   4   5   6   7   8   9   10  11  12
1   1   0   0   0   0   0   1   0   1   1   0   1
2   0   1   0   1   0   0   0   0   0   1   1   0
3   1   0   0   1   2   1   0   1   0   1   0   0
4   0   0   0   0   0   1   2   0   0   0   0   0
5   1   2   1   0   1   0   0   0   0   0   0   1

# Realization 127
S_plus:
   1  2  3  4  5  6
1  0  0  0  0  0  1
2  0  0  2  1  0  0
3  0  1  0  1  1  0
4  2  1  0  0  0  2

S_minus:
   1  2  3  4  5  6
1  1  1  1  0  1  0
2  1  2  0  0  1  1
3  0  0  0  0  0  1
4  0  0  1  1  1  0

# Realization 128
S_plus:
   1   2   3   4   5   6   7   8   9   10
1   1   1   1   0   0   0   0   0   0   0
2   1   0   0   2   0   0   1   0   0   1
3   0   0   1   0   1   0   0   0   0   0
4   1   1   0   0   1   0   1   0   1   0
5   0   0   0   0   1   0   0   0   0   0
6   0   1   0   0   0   1   0   0   0   0
7   0   0   0   0   0   1   0   2   0   0

S_minus:
   1   2   3   4   5   6   7   8   9   10
1   0   0   0   0   2   0   0   0   1   1
2   0   1   1   0   1   1   0   0   0   0
3   1   1   0   0   0   1   0   0   1   0
4   0   0   0   0   0   0   0   0   0   1
5   0   0   1   0   0   0   1   0   0   0
6   2   0   0   0   0   0   0   1   0   0
7   0   0   1   1   0   0   0   0   0   1

# Realization 129
S_plus:
   1  2  3  4  5  6  7  8
1  1  1  0  0  0  0  0  0
2  0  1  1  0  0  0  1  1
3  0  1  0  0  1  1  0  0
4  1  0  0  1  0  0  0  0
5  1  0  1  0  0  0  1  0
6  0  0  0  0  1  0  0  0

S_minus:
   1  2  3  4  5  6  7  8
1  0  0  1  1  0  1  0  1
2  0  0  0  0  1  1  0  0
3  1  0  0  1  0  0  2  0
4  0  0  0  0  0  1  0  0
5  0  0  0  0  0  0  0  1
6  0  1  0  0  0  0  1  0

# Realization 130
S_plus:
   1   2   3   4   5   6   7   8   9   10
1   0   0   0   1   0   0   0   3   0   0
2   1   2   0   0   1   0   1   0   2   0
3   0   0   0   0   1   1   0   0   0   0
4   1   0   2   0   0   0   2   0   0   1
5   0   1   1   0   1   1   0   0   0   0

S_minus:
   1   2   3   4   5   6   7   8   9   10
1   0   0   1   0   1   0   0   0   2   1
2   0   0   2   0   0   0   0   0   0   0
3   1   1   0   1   0   0   2   1   1   2
4   0   0   0   0   0   1   0   1   0   0
5   2   0   0   0   0   0   0   0   0   0

# Realization 131
S_plus:
   1   2   3   4   5   6   7   8   9   10  11
1   1   1   0   0   1   1   0   0   0   1   0
2   0   0   0   1   0   0   0   0   0   0   1
3   1   1   1   0   0   1   1   1   1   0   0
4   0   0   0   0   0   0   0   2   0   0   0
5   0   0   0   0   0   0   0   0   0   0   1
6   0   1   0   2   1   0   0   0   0   1   0
7   0   0   0   0   0   1   0   0   1   0   0
8   0   0   0   0   0   0   0   0   0   0   1

S_minus:
   1   2   3   4   5   6   7   8   9   10  11
1   0   0   0   0   0   0   0   0   0   0   1
2   0   0   0   0   0   1   0   0   0   0   0
3   0   0   0   1   0   0   0   0   0   0   0
4   0   0   0   0   1   1   1   0   0   2   0
5   1   0   1   0   0   0   0   0   1   0   0
6   0   0   1   0   0   0   0   0   0   0   0
7   1   1   0   0   0   0   0   0   0   0   1
8   1   0   1   1   2   1   0   1   0   0   0

# Realization 132
S_plus:
   1   2   3   4   5   6   7   8   9   10  11
1   0   2   0   0   0   0   0   0   0   0   0
2   1   0   1   0   1   0   1   0   1   1   0
3   0   0   0   0   2   0   1   1   2   0   0
4   0   0   1   0   0   1   0   0   0   1   2
5   0   1   0   1   0   0   0   1   0   0   0

S_minus:
   1   2   3   4   5   6   7   8   9   10  11
1   2   0   0   1   0   1   1   1   2   1   0
2   0   1   0   0   0   0   0   0   0   0   2
3   0   0   0   0   0   0   0   0   0   1   0
4   1   0   0   2   1   0   0   0   0   0   0
5   0   0   1   0   0   0   1   0   1   0   1

# Realization 133
S_plus:
   1  2  3  4  5  6  7  8  9
1  0  1  0  1  0  0  0  0  0
2  0  1  0  2  0  3  0  3  0
3  3  0  2  0  1  0  3  0  2

S_minus:
   1  2  3  4  5  6  7  8  9
1  2  0  2  0  1  2  1  1  1
2  1  0  1  0  1  0  1  0  2
3  0  1  0  1  0  1  0  1  0

# Realization 134
S_plus:
   1  2  3  4  5  6
1  0  0  1  0  0  0
2  0  1  0  0  0  0
3  0  1  0  0  1  0
4  1  0  0  2  0  1
5  1  0  0  0  0  0
6  1  0  0  1  0  0

S_minus:
   1  2  3  4  5  6
1  0  0  0  2  0  0
2  1  0  0  0  0  0
3  1  0  1  0  0  2
4  0  1  0  0  0  0
5  0  0  1  0  1  0
6  0  0  0  0  1  1

# Realization 135
S_plus:
   1   2   3   4   5   6   7   8   9   10
1   0   1   1   0   0   0   0   0   1   0
2   1   0   0   0   1   0   0   0   0   2
3   0   0   0   0   0   1   0   1   0   0
4   0   0   1   1   0   0   1   0   1   0
5   0   1   0   1   0   0   1   0   0   0
6   0   0   0   1   0   1   0   0   0   0

S_minus:
   1   2   3   4   5   6   7   8   9   10
1   1   0   0   0   0   1   0   0   0   0
2   0   1   0   0   0   0   1   2   0   0
3   1   0   0   1   2   0   1   0   0   1
4   0   1   0   0   0   0   0   0   0   0
5   0   0   0   0   1   0   0   0   1   1
6   0   0   1   0   0   0   1   0   1   1

# Realization 136
S_plus:
   1  2  3  4  5  6  7  8  9
1  0  0  0  0  1  0  0  0  0
2  0  2  1  0  0  1  1  2  1
3  0  0  0  0  0  1  0  0  0
4  0  0  0  1  0  0  0  0  0
5  0  0  0  2  0  0  0  0  0
6  1  0  2  0  0  0  1  0  1

S_minus:
   1  2  3  4  5  6  7  8  9
1  0  0  1  0  0  1  1  1  0
2  1  0  0  1  0  0  0  0  0
3  0  0  0  1  0  0  0  0  0
4  0  0  1  0  2  0  1  2  3
5  2  0  1  0  0  0  0  0  0
6  0  1  0  0  0  0  0  0  0

# Realization 137
S_plus:
   1  2  3  4  5  6  7  8  9
1  1  0  0  0  0  1  1  0  0
2  0  0  1  0  0  0  0  0  0
3  0  0  0  0  2  0  0  0  0
4  1  0  0  0  0  0  0  0  0
5  0  0  0  0  0  0  0  0  2
6  0  1  0  0  0  1  0  0  0
7  1  0  0  2  0  0  0  0  0
8  0  0  0  0  0  0  0  0  1
9  0  0  0  0  0  0  1  1  0

S_minus:
   1  2  3  4  5  6  7  8  9
1  0  1  0  0  0  0  0  0  1
2  0  1  0  0  0  1  1  1  0
3  0  0  0  1  0  0  0  0  0
4  0  0  0  2  1  0  0  0  0
5  0  0  0  0  0  0  0  1  0
6  0  0  1  0  0  0  0  0  0
7  0  0  0  0  1  0  0  0  0
8  1  0  1  0  0  1  0  0  0
9  2  1  0  0  0  0  0  0  0

# Realization 138
S_plus:
   1  2  3
1  0  0  1
2  0  2  1
3  0  1  0
4  1  0  0

S_minus:
   1  2  3
1  0  1  0
2  1  0  0
3  1  0  0
4  0  0  2

# Realization 139
S_plus:
   1   2   3   4   5   6   7   8   9   10  11
1   0   0   0   0   0   0   0   0   0   2   0
2   1   0   1   0   0   0   0   0   0   1   0
3   1   0   0   0   0   1   0   0   0   0   0
4   0   0   0   1   0   0   0   0   0   0   1
5   0   1   0   0   0   0   0   0   0   0   0
6   1   0   0   1   0   0   0   2   1   0   2
7   0   0   0   0   1   0   1   0   0   0   0

S_minus:
   1   2   3   4   5   6   7   8   9   10  11
1   0   0   0   1   1   1   0   0   0   0   1
2   0   0   0   0   0   0   1   0   1   0   0
3   0   0   1   1   0   0   0   0   0   1   0
4   0   0   1   0   0   1   1   0   0   0   0
5   2   0   1   0   0   0   0   1   0   1   1
6   0   0   0   0   1   1   0   0   0   0   0
7   0   1   0   1   0   0   0   0   0   1   0

# Realization 140
S_plus:
   1   2   3   4   5   6   7   8   9   10  11
1   0   0   0   0   0   0   0   1   0   0   1
2   0   0   0   0   0   1   0   0   0   0   0
3   0   0   1   1   0   0   0   0   1   0   0
4   0   0   0   0   0   1   0   0   2   1   0
5   0   0   0   0   1   1   0   0   0   1   0
6   1   1   0   0   0   0   0   0   0   0   0
7   0   0   0   0   0   0   1   0   0   1   0
8   0   0   0   1   1   0   0   1   0   0   0

S_minus:
   1   2   3   4   5   6   7   8   9   10  11
1   0   0   1   1   0   1   0   0   0   0   0
2   1   1   0   0   1   0   0   0   0   0   0
3   1   0   0   0   0   0   1   0   0   0   0
4   0   0   0   1   0   0   0   0   0   0   0
5   0   1   0   0   0   0   0   0   1   0   0
6   0   0   0   0   0   0   0   1   0   1   1
7   0   1   0   0   0   0   0   1   0   0   0
8   1   0   1   0   0   0   0   0   0   0   0

# Realization 141
S_plus:
   1  2  3  4  5  6  7
1  0  0  0  0  1  0  1
2  0  0  0  1  0  0  0
3  0  0  0  2  0  1  1
4  0  2  1  0  1  0  0
5  1  0  0  0  0  0  1

S_minus:
   1  2  3  4  5  6  7
1  0  1  0  1  0  0  0
2  2  1  0  0  0  2  3
3  1  0  1  0  1  0  0
4  0  0  0  1  0  0  0
5  0  0  1  0  1  0  0

# Realization 142
S_plus:
   1   2   3   4   5   6   7   8   9   10  11
1   1   1   0   0   1   0   0   1   0   0   1
2   0   1   1   0   2   0   0   0   0   0   0
3   1   0   0   0   0   0   1   0   1   0   0
4   1   0   0   0   0   0   0   0   0   0   0
5   0   0   0   0   0   0   0   0   0   0   1
6   0   1   0   1   0   1   1   0   0   0   0
7   0   0   0   0   0   0   0   0   0   1   0

S_minus:
   1   2   3   4   5   6   7   8   9   10  11
1   0   0   0   0   0   0   1   0   0   0   0
2   1   0   0   1   0   1   0   0   0   1   0
3   0   2   0   0   0   0   0   0   0   0   0
4   0   0   1   0   2   0   0   1   0   0   2
5   0   0   1   0   0   0   1   0   0   0   0
6   1   0   0   0   0   0   0   0   2   0   1
7   1   0   0   1   0   0   0   1   1   0   0

# Realization 143
S_plus:
   1  2  3  4  5  6
1  0  0  0  0  1  2
2  2  2  0  2  2  0
3  0  0  3  0  0  0
4  0  0  0  1  0  0

S_minus:
   1  2  3  4  5  6
1  0  1  1  1  0  0
2  0  0  0  0  0  1
3  1  0  0  1  1  0
4  0  1  2  0  2  1

# Realization 144
S_plus:
   1  2  3  4  5  6  7  8  9
1  0  0  1  0  0  1  0  0  1
2  1  0  0  0  0  1  0  0  0
3  0  0  0  0  0  0  1  0  0
4  0  2  1  0  0  0  2  0  0
5  0  0  0  1  0  0  0  0  0
6  2  0  0  0  1  0  0  1  0

S_minus:
   1  2  3  4  5  6  7  8  9
1  1  1  0  0  0  0  0  1  0
2  0  0  0  1  1  0  2  0  1
3  0  0  1  1  1  0  0  2  0
4  0  0  0  1  1  1  0  0  0
5  2  0  1  0  0  1  0  0  0
6  0  0  0  0  0  1  1  0  1

# Realization 145
S_plus:
   1  2  3  4  5
1  0  0  0  1  0
2  0  2  0  0  1
3  1  0  1  1  0
4  0  1  0  1  0

S_minus:
   1  2  3  4  5
1  0  2  2  0  0
2  1  0  0  3  0
3  0  1  0  0  2
4  0  0  1  0  0

# Realization 146
S_plus:
   1  2  3  4  5  6  7  8
1  0  1  0  0  0  0  0  1
2  0  0  2  1  0  0  1  0
3  1  0  1  0  1  3  2  0

S_minus:
   1  2  3  4  5  6  7  8
1  1  0  3  2  1  1  2  0
2  0  1  0  0  1  2  0  1
3  0  0  0  1  0  0  0  2

# Realization 147
S_plus:
   1   2   3   4   5   6   7   8   9   10  11  12
1   0   0   0   0   1   0   1   0   0   0   0   0
2   0   0   0   0   0   0   0   1   1   1   0   0
3   1   0   0   0   0   0   1   0   1   0   0   0
4   0   0   0   1   0   0   0   0   0   1   0   0
5   0   1   0   0   0   0   0   0   0   0   1   0
6   0   0   0   0   0   0   0   0   0   0   0   1
7   0   0   0   0   0   0   0   0   1   0   0   1
8   0   0   0   0   0   1   0   0   0   0   0   0
9   0   0   1   0   0   1   0   1   0   1   0   0

S_minus:
   1   2   3   4   5   6   7   8   9   10  11  12
1   1   0   0   0   0   0   0   1   2   0   0   0
2   0   0   0   1   1   0   0   0   0   0   0   0
3   0   0   1   0   0   1   0   0   0   0   0   1
4   0   0   0   0   0   0   1   0   0   0   2   0
5   0   0   0   1   0   0   0   2   1   0   0   0
6   1   0   1   0   0   0   0   0   0   2   0   0
7   1   1   0   0   0   0   0   0   0   0   1   0
8   0   1   0   1   0   0   1   0   0   0   0   1
9   0   1   0   0   0   0   0   0   0   0   0   0

# Realization 148
S_plus:
   1  2  3  4  5  6  7  8  9
1  0  1  0  0  0  1  1  0  0
2  1  0  0  0  1  0  0  0  1
3  1  0  0  0  1  0  0  0  1
4  0  0  0  0  0  0  0  0  1
5  0  0  2  0  0  0  0  2  0
6  1  0  0  0  0  0  0  1  0
7  0  0  1  1  0  0  0  0  0

S_minus:
   1  2  3  4  5  6  7  8  9
1  1  0  0  0  1  0  0  0  1
2  0  0  1  0  0  0  0  0  0
3  0  1  0  2  0  1  0  0  0
4  2  0  1  1  1  0  1  0  0
5  0  0  0  0  1  1  0  0  1
6  0  0  1  0  0  0  1  0  1
7  0  0  0  0  0  1  0  2  0

# Realization 149
S_plus:
   1  2  3  4  5
1  0  0  0  1  2
2  0  0  2  0  0
3  1  2  0  0  0

S_minus:
   1  2  3  4  5
1  1  1  1  0  0
2  1  2  0  3  1
3  0  0  1  0  1

# Realization 150
S_plus:
   1  2  3  4  5  6  7
1  0  1  1  0  0  0  1
2  0  0  0  1  0  0  1
3  0  0  0  0  0  0  1
4  3  0  0  0  0  0  0
5  0  1  0  0  0  0  0
6  0  0  0  0  1  1  0

S_minus:
   1  2  3  4  5  6  7
1  2  0  0  1  0  0  0
2  0  0  0  0  0  1  0
3  0  1  1  0  1  0  0
4  0  0  2  0  1  0  1
5  1  0  0  0  1  1  1
6  0  0  0  1  0  0  1

# Realization 151
S_plus:
   1  2  3  4  5  6  7  8
1  0  1  0  0  0  0  0  0
2  0  0  1  0  1  0  0  0
3  1  1  0  0  0  1  0  0
4  0  0  1  1  1  0  0  2
5  0  0  1  0  0  2  1  1

S_minus:
   1  2  3  4  5  6  7  8
1  1  0  0  0  0  1  1  0
2  0  0  0  1  0  0  0  2
3  0  0  2  1  2  0  0  1
4  1  1  0  0  0  1  1  0
5  0  0  0  0  1  0  0  0

# Realization 152
S_plus:
   1  2  3  4
1  3  0  3  0
2  0  2  0  0
3  0  0  0  1

S_minus:
   1  2  3  4
1  0  2  0  0
2  1  0  2  3
3  1  1  1  0

# Realization 153
S_plus:
   1   2   3   4   5   6   7   8   9   10  11  12
1   0   0   0   0   2   0   0   0   0   0   0   0
2   0   0   0   0   0   0   1   1   0   0   0   0
3   0   1   0   0   0   0   0   0   0   0   0   0
4   0   0   0   0   0   1   0   0   1   0   0   0
5   0   0   0   0   0   0   0   0   0   1   1   1
6   0   0   0   0   0   1   0   0   0   0   0   0
7   0   0   0   1   0   0   0   0   0   0   0   0
8   0   0   1   0   0   0   0   1   0   0   2   0
9   1   0   1   0   1   1   0   0   0   0   0   0

S_minus:
   1   2   3   4   5   6   7   8   9   10  11  12
1   0   0   0   0   0   0   0   0   0   0   1   0
2   1   1   0   1   0   1   0   0   0   0   0   0
3   0   0   0   0   1   0   0   0   1   0   1   1
4   1   0   1   1   0   0   0   0   0   0   0   0
5   1   0   0   1   1   0   0   1   1   0   0   0
6   0   1   0   0   0   0   0   1   0   1   1   0
7   0   1   0   0   0   0   1   0   1   0   0   0
8   0   0   0   0   0   0   1   0   0   0   0   0
9   0   0   0   0   0   0   0   0   0   1   0   0

# Realization 154
S_plus:
   1  2  3
1  0  0  1
2  1  0  0
3  0  3  0

S_minus:
   1  2  3
1  1  1  0
2  0  1  2
3  1  0  1

# Realization 155
S_plus:
   1  2  3  4  5  6  7  8  9
1  0  2  0  0  0  1  1  0  0
2  2  0  0  0  0  0  2  0  0
3  0  1  0  0  1  0  0  0  2
4  0  0  0  0  0  0  0  1  0
5  0  0  1  1  1  0  0  2  1
6  1  0  0  1  0  0  0  0  0

S_minus:
   1  2  3  4  5  6  7  8  9
1  0  0  0  0  1  0  0  1  1
2  0  0  0  1  0  1  0  0  2
3  1  0  1  0  0  1  1  1  0
4  0  2  0  0  2  1  1  0  0
5  0  1  0  0  0  0  0  0  0
6  0  0  1  0  0  0  0  1  0

# Realization 156
S_plus:
   1   2   3   4   5   6   7   8   9   10  11
1   0   1   0   2   1   0   1   2   0   0   0
2   1   0   0   0   0   0   0   0   2   3   1
3   0   0   1   1   0   0   0   0   0   0   0
4   1   0   0   0   0   0   1   0   0   0   0
5   0   0   0   0   0   1   0   0   0   0   0

S_minus:
   1   2   3   4   5   6   7   8   9   10  11
1   2   0   0   0   0   0   0   0   0   0   1
2   0   0   0   1   0   0   2   0   0   0   0
3   1   3   0   0   0   0   0   1   1   2   0
4   0   0   0   0   0   2   0   0   0   0   1
5   0   0   1   1   1   0   1   0   2   1   0

# Realization 157
S_plus:
   1  2  3  4  5  6  7
1  0  0  1  0  0  0  1
2  0  0  0  0  0  0  1
3  0  1  0  0  0  1  0
4  1  1  0  1  0  0  0
5  0  0  0  1  0  0  0
6  1  0  1  0  3  0  1

S_minus:
   1  2  3  4  5  6  7
1  1  0  0  0  1  0  0
2  0  2  0  0  0  2  0
3  0  0  1  1  0  0  2
4  0  0  0  0  1  0  0
5  0  1  2  0  0  0  1
6  0  0  0  1  0  1  0

# Realization 158
S_plus:
   1  2  3  4  5  6  7  8  9
1  0  0  1  0  0  0  1  2  1
2  1  2  0  1  0  0  2  0  1
3  0  0  1  0  0  0  0  0  0
4  0  0  1  0  1  0  0  0  1
5  0  0  0  0  0  2  0  1  0
6  0  1  0  0  1  0  0  0  0

S_minus:
   1  2  3  4  5  6  7  8  9
1  0  0  0  1  1  0  0  0  0
2  0  0  0  0  0  1  0  1  0
3  0  2  0  0  2  0  2  1  0
4  2  0  0  0  0  2  0  1  0
5  0  0  1  0  0  0  0  0  0
6  1  0  1  1  0  0  1  0  1

# Realization 159
S_plus:
   1   2   3   4   5   6   7   8   9   10  11
1   0   0   0   1   0   1   0   0   1   1   1
2   0   0   0   0   1   0   0   1   0   1   0
3   1   0   0   0   0   0   0   0   1   0   0
4   0   1   0   0   0   0   0   0   1   0   0
5   0   1   0   0   0   1   0   0   0   0   0
6   0   0   0   0   0   0   0   0   0   0   2
7   0   0   2   0   1   0   0   0   0   0   0
8   0   0   0   1   0   0   0   1   0   0   0
9   0   0   1   1   0   0   1   0   0   1   0

S_minus:
   1   2   3   4   5   6   7   8   9   10  11
1   0   0   1   0   1   0   0   0   0   0   0
2   0   0   0   0   0   0   0   0   1   0   1
3   0   1   0   0   0   1   0   0   0   0   0
4   0   0   0   2   0   0   0   1   0   1   0
5   1   0   0   0   0   0   1   0   0   0   0
6   0   1   0   0   1   2   0   0   1   0   0
7   0   0   0   0   0   0   0   0   1   0   1
8   0   0   2   0   0   0   0   0   0   1   0
9   0   1   0   0   1   0   0   1   0   0   1

# Realization 160
S_plus:
   1  2  3  4  5  6  7
1  1  2  0  2  0  1  0
2  0  1  0  0  1  1  0
3  0  0  0  0  0  0  1
4  0  0  1  0  1  0  1
5  1  0  0  0  0  0  0

S_minus:
   1  2  3  4  5  6  7
1  0  0  0  0  0  0  1
2  0  0  1  0  0  0  0
3  3  1  0  0  2  0  0
4  0  0  0  1  0  0  0
5  0  1  0  1  0  1  1

# Realization 161
S_plus:
   1  2  3
1  0  1  0
2  1  0  0
3  1  0  1
4  0  0  1

S_minus:
   1  2  3
1  1  0  0
2  0  0  3
3  0  1  0
4  1  1  0

# Realization 162
S_plus:
   1  2  3  4  5  6
1  0  1  0  0  0  0
2  0  0  2  0  0  0
3  1  0  0  3  2  1

S_minus:
   1  2  3  4  5  6
1  0  0  2  2  1  1
2  1  1  0  1  1  2
3  0  0  1  0  0  0

# Realization 163
S_plus:
   1   2   3   4   5   6   7   8   9   10
1   0   1   0   0   0   1   0   0   1   0
2   1   0   2   0   1   0   0   0   0   0
3   0   0   0   1   0   0   0   0   0   1
4   0   0   1   0   0   0   3   1   0   2
5   0   2   0   0   2   0   0   0   0   0

S_minus:
   1   2   3   4   5   6   7   8   9   10
1   0   0   1   1   0   0   1   1   0   1
2   0   2   0   1   0   0   0   0   0   1
3   0   0   2   0   2   2   1   1   0   0
4   1   0   0   0   1   0   0   0   2   0
5   1   0   0   0   0   1   1   0   1   1

# Realization 164
S_plus:
   1  2  3
1  0  1  0
2  0  0  3
3  1  0  0

S_minus:
   1  2  3
1  1  0  2
2  1  1  0
3  0  0  1

# Realization 165
S_plus:
   1  2  3  4  5  6  7  8
1  0  1  0  1  0  1  0  0
2  1  0  2  1  0  0  1  0
3  0  0  0  0  0  0  0  1
4  0  2  1  0  0  0  0  0
5  0  0  0  0  2  1  0  0
6  0  0  0  0  0  1  0  2
7  1  0  0  0  0  0  0  0

S_minus:
   1  2  3  4  5  6  7  8
1  0  0  0  0  0  0  0  1
2  0  0  0  0  0  2  0  1
3  0  1  1  1  0  0  2  0
4  1  0  0  0  1  0  0  0
5  0  1  0  0  0  0  0  1
6  2  0  0  0  1  0  0  0
7  0  1  2  1  0  0  0  0

# Realization 166
S_plus:
   1   2   3   4   5   6   7   8   9   10  11  12
1   0   0   1   0   0   0   0   0   1   2   0   0
2   0   0   0   0   1   1   0   0   0   0   0   0
3   1   0   0   1   0   0   0   0   0   0   0   1
4   1   0   0   1   0   0   0   1   0   0   1   0
5   0   1   0   0   1   0   0   0   1   0   0   0
6   1   2   0   1   0   0   2   0   0   0   0   1

S_minus:
   1   2   3   4   5   6   7   8   9   10  11  12
1   1   1   0   0   2   2   0   0   0   0   1   1
2   0   0   0   1   0   0   0   0   0   1   0   0
3   0   0   0   0   1   0   0   3   1   1   0   0
4   0   0   1   0   0   0   1   0   1   0   0   0
5   2   0   1   0   0   0   0   0   0   0   2   0
6   0   0   1   0   0   0   0   0   0   1   0   0

# Realization 167
S_plus:
   1  2  3  4  5  6  7
1  0  0  0  0  1  1  0
2  0  1  0  0  0  1  1
3  0  0  0  1  0  0  1
4  0  0  0  2  2  0  0
5  0  0  1  0  0  1  0
6  2  1  0  0  0  0  0

S_minus:
   1  2  3  4  5  6  7
1  0  1  0  1  0  0  1
2  1  0  0  1  0  0  0
3  1  0  0  0  1  1  0
4  0  1  0  0  0  0  1
5  1  0  0  1  1  0  1
6  0  0  1  0  1  1  0

# Realization 168
S_plus:
   1  2  3  4  5  6
1  0  0  0  2  0  0
2  0  0  0  0  0  1
3  0  3  0  0  2  0
4  3  0  1  1  0  2

S_minus:
   1  2  3  4  5  6
1  1  1  1  0  0  1
2  1  0  0  2  1  0
3  1  0  1  1  0  1
4  0  1  0  0  0  0

# Realization 169
S_plus:
   1  2  3  4  5  6  7  8
1  0  1  1  0  0  0  0  0
2  0  0  0  0  0  0  0  2
3  0  1  1  0  0  0  0  0
4  0  0  0  0  0  0  0  1
5  0  0  0  0  0  1  0  0
6  0  0  0  0  1  0  1  0
7  1  0  0  1  0  0  0  0

S_minus:
   1  2  3  4  5  6  7  8
1  0  0  0  0  1  1  1  2
2  0  1  0  1  0  0  0  0
3  1  0  0  0  0  0  1  0
4  1  0  1  1  0  0  0  0
5  0  1  1  1  0  0  0  1
6  0  0  0  0  0  1  0  0
7  0  1  0  0  0  0  0  0

# Realization 170
S_plus:
   1   2   3   4   5   6   7   8   9   10  11
1   1   1   0   0   0   2   0   0   1   1   0
2   1   0   0   0   1   0   0   0   0   0   1
3   1   0   0   1   0   1   0   0   0   0   0
4   0   1   0   1   1   0   1   1   0   0   1
5   0   0   0   0   0   0   0   0   0   1   0
6   0   0   1   0   0   0   0   1   0   0   0
7   0   0   1   0   1   0   0   0   0   0   0

S_minus:
   1   2   3   4   5   6   7   8   9   10  11
1   0   0   1   0   0   0   0   0   0   0   0
2   0   0   0   0   0   0   1   0   0   1   0
3   0   0   1   0   1   0   1   0   1   0   0
4   0   0   1   0   0   0   0   0   0   0   0
5   1   2   0   0   0   1   0   1   0   0   1
6   1   0   0   0   2   0   1   0   0   0   1
7   0   0   0   1   0   0   0   0   0   2   1

# Realization 171
S_plus:
   1   2   3   4   5   6   7   8   9   10  11  12
1   0   1   0   1   0   0   0   0   0   0   0   0
2   0   1   0   0   0   0   0   1   0   1   2   0
3   0   1   0   0   0   0   0   0   0   0   0   1
4   0   0   0   0   0   0   0   0   0   1   0   0
5   0   0   0   0   0   0   0   0   1   0   0   0
6   2   0   0   0   1   1   0   0   0   0   1   1
7   0   0   1   0   0   0   1   0   0   0   0   0
8   0   0   1   1   0   0   0   1   0   0   0   0

S_minus:
   1   2   3   4   5   6   7   8   9   10  11  12
1   0   0   0   0   2   0   0   1   0   0   1   0
2   2   0   0   0   0   0   0   0   1   0   0   0
3   0   0   0   1   1   2   0   0   0   0   0   0
4   0   0   0   0   0   0   2   0   0   0   0   0
5   0   1   2   0   0   0   1   1   0   0   0   1
6   0   0   1   0   0   0   0   1   1   1   0   0
7   0   0   0   0   0   0   0   0   1   0   0   0
8   1   0   0   0   0   0   0   0   0   0   0   0

# Realization 172
S_plus:
   1  2  3  4  5  6  7
1  1  0  0  0  0  0  0
2  0  1  0  0  0  0  1
3  0  0  0  1  0  1  0
4  0  0  2  0  1  0  0

S_minus:
   1  2  3  4  5  6  7
1  0  1  0  0  1  0  1
2  1  0  1  0  0  1  0
3  0  1  1  0  0  0  1
4  2  0  0  2  0  0  1

# Realization 173
S_plus:
   1  2  3  4  5
1  1  0  0  0  0
2  0  0  3  0  0
3  0  2  0  2  0
4  0  1  0  0  2

S_minus:
   1  2  3  4  5
1  0  1  2  1  1
2  0  2  0  0  2
3  2  0  0  0  0
4  0  0  1  1  0

# Realization 174
S_plus:
   1  2  3  4  5
1  0  0  0  0  2
2  0  0  1  0  0
3  0  0  1  1  0
4  1  2  1  0  0
5  1  1  0  0  0

S_minus:
   1  2  3  4  5
1  2  1  0  2  0
2  0  1  0  0  1
3  1  0  0  0  0
4  0  0  0  1  1
5  0  0  1  0  1

# Realization 175
S_plus:
   1  2  3  4  5
1  1  1  1  0  1
2  0  1  0  0  0
3  0  0  1  0  2
4  0  0  0  1  0

S_minus:
   1  2  3  4  5
1  0  0  0  1  0
2  0  0  1  1  3
3  0  0  0  1  0
4  1  1  1  0  0

# Realization 176
S_plus:
   1  2  3  4  5  6  7
1  0  1  3  0  0  0  0
2  2  0  0  1  1  3  0
3  0  0  0  0  0  0  1

S_minus:
   1  2  3  4  5  6  7
1  1  0  0  2  1  1  1
2  0  0  1  0  0  0  2
3  1  3  2  1  1  2  0

# Realization 177
S_plus:
    1   2   3   4   5   6   7   8   9   10  11  12
1    0   1   0   0   0   0   0   0   0   0   0   0
2    0   0   0   1   0   1   1   0   0   0   0   0
3    0   0   0   0   0   0   0   0   0   0   0   1
4    0   0   0   0   0   0   0   0   0   0   1   0
5    0   0   1   0   0   0   0   0   0   0   0   0
6    0   1   2   0   0   0   0   0   0   1   0   0
7    0   0   0   0   0   0   1   0   0   0   0   0
8    0   0   0   0   2   1   1   1   0   0   2   0
9    1   1   0   0   0   0   0   0   1   0   0   1
10   0   0   0   0   1   0   0   0   0   0   0   0

S_minus:
    1   2   3   4   5   6   7   8   9   10  11  12
1    0   0   0   0   0   0   0   1   0   0   1   1
2    0   0   0   0   0   0   0   0   0   0   1   0
3    1   1   0   0   0   0   0   1   0   0   0   0
4    1   1   0   0   1   0   1   1   0   0   0   0
5    0   0   0   0   0   0   0   0   1   1   1   0
6    0   0   0   0   1   0   1   0   1   0   0   2
7    0   0   0   1   0   0   0   0   1   0   0   0
8    0   0   2   0   0   0   0   0   0   0   0   0
9    0   0   0   2   0   1   0   0   0   0   0   0
10   0   1   0   0   0   0   0   0   0   0   0   0

# Realization 178
S_plus:
    1   2   3   4   5   6   7   8   9   10  11
1    1   0   0   0   1   0   0   0   0   0   0
2    1   0   1   0   1   0   0   0   0   1   1
3    1   0   0   0   0   0   0   1   0   0   0
4    0   0   0   0   0   1   0   1   0   0   0
5    0   0   0   0   0   0   1   0   0   0   0
6    0   0   0   1   0   0   0   0   1   0   0
7    0   0   0   0   0   0   2   0   0   0   0
8    0   1   0   0   0   1   0   0   0   0   0
9    0   0   0   0   0   0   0   1   0   0   0
10   0   0   0   2   0   0   0   0   0   0   0
11   0   0   0   0   0   1   0   0   0   1   1

S_minus:
    1   2   3   4   5   6   7   8   9   10  11
1    0   0   1   0   0   0   1   0   0   1   0
2    0   0   0   0   0   0   1   0   0   0   0
3    0   0   1   0   0   0   0   0   0   0   0
4    0   0   1   0   0   0   0   0   0   0   0
5    0   0   0   0   0   0   0   0   1   0   0
6    2   1   0   0   0   0   1   1   0   1   1
7    0   0   0   0   1   0   0   0   0   0   1
8    0   0   0   0   0   0   0   1   1   0   0
9    0   0   0   1   0   1   0   0   0   1   0
10   1   0   0   0   0   1   0   0   0   0   0
11   0   2   0   0   0   0   0   1   0   0   0

# Realization 179
S_plus:
   1  2  3
1  0  1  0
2  0  0  2
3  1  0  0

S_minus:
   1  2  3
1  2  0  1
2  0  1  0
3  0  0  1

# Realization 180
S_plus:
   1  2  3  4  5
1  0  2  0  0  2
2  0  1  1  0  0
3  1  0  0  0  0
4  0  0  0  1  1

S_minus:
   1  2  3  4  5
1  1  0  2  0  0
2  1  0  0  1  1
3  0  1  1  2  1
4  1  1  0  0  0

# Realization 181
S_plus:
   1  2  3  4  5  6  7
1  2  2  0  0  0  2  0
2  1  0  0  1  0  0  0
3  0  1  0  0  0  0  1
4  0  0  1  0  3  0  0

S_minus:
   1  2  3  4  5  6  7
1  0  0  0  0  0  0  1
2  0  2  3  0  1  1  1
3  0  0  0  1  2  1  0
4  1  1  0  0  0  1  1

# Realization 182
S_plus:
   1  2  3  4  5  6  7  8  9
1  0  1  2  0  2  0  1  0  0
2  0  0  0  0  1  2  0  2  0
3  1  0  0  0  0  0  2  1  1
4  0  1  0  1  0  0  0  0  0

S_minus:
   1  2  3  4  5  6  7  8  9
1  1  0  0  0  0  1  0  1  0
2  1  1  1  1  0  0  1  0  1
3  0  1  0  1  1  1  0  0  0
4  0  0  1  0  1  1  2  2  1

# Realization 183
S_plus:
    1   2   3   4   5   6   7   8   9   10
1    0   1   0   0   0   1   0   0   0   0
2    0   0   0   0   0   1   1   0   0   1
3    0   0   0   0   0   0   0   1   0   0
4    0   0   0   2   1   0   0   0   0   0
5    2   0   0   0   0   0   0   0   0   0
6    0   0   0   1   0   0   0   0   0   0
7    0   1   0   0   0   0   0   0   1   0
8    0   0   0   0   0   0   0   1   0   1
9    0   0   1   0   0   0   0   1   0   1
10   1   0   2   0   0   0   0   0   0   0

S_minus:
    1   2   3   4   5   6   7   8   9   10
1    0   0   1   1   0   0   0   0   0   0
2    1   1   0   0   0   0   0   0   1   0
3    0   0   0   0   1   0   0   0   0   0
4    0   1   0   0   0   0   0   0   0   0
5    0   0   0   0   0   0   0   0   0   1
6    0   0   0   0   0   0   0   1   0   1
7    1   0   0   0   0   1   0   0   0   0
8    0   0   1   1   1   0   0   0   0   0
9    0   0   0   0   0   0   1   0   0   0
10   0   1   0   1   0   1   0   1   0   1

# Realization 184
S_plus:
   1  2  3  4  5  6  7  8  9
1  0  0  1  0  0  1  0  0  0
2  0  0  0  0  0  1  0  0  2
3  0  0  0  2  0  0  1  0  0
4  0  0  2  0  0  0  0  0  0
5  1  1  0  0  0  0  0  0  1
6  0  0  0  0  1  0  0  1  0

S_minus:
   1  2  3  4  5  6  7  8  9
1  0  0  0  0  0  0  1  1  0
2  1  0  0  1  0  0  0  2  0
3  1  0  1  0  0  0  0  0  0
4  1  1  0  0  0  0  0  0  1
5  0  0  0  1  2  0  0  0  0
6  0  1  1  1  0  1  1  0  1

# Realization 185
S_plus:
   1  2  3  4  5  6  7  8  9
1  2  0  1  1  1  1  0  2  0
2  1  0  0  0  0  0  0  0  0
3  0  0  0  0  0  0  1  0  0
4  0  1  0  0  1  0  1  0  1

S_minus:
   1  2  3  4  5  6  7  8  9
1  0  0  0  0  0  0  0  0  1
2  0  2  0  3  0  0  2  1  0
3  1  0  1  0  2  0  0  1  1
4  1  0  1  0  0  1  0  1  0

# Realization 186
S_plus:
   1  2  3  4  5  6
1  0  0  1  0  1  0
2  0  0  0  0  0  2
3  1  0  0  0  0  0
4  1  0  0  1  0  0
5  0  1  0  1  0  0

S_minus:
   1  2  3  4  5  6
1  0  0  0  1  0  1
2  1  1  0  1  1  0
3  0  0  0  0  1  0
4  0  2  1  0  0  1
5  1  0  2  0  0  1

# Realization 187
S_plus:
   1   2   3   4   5   6   7   8   9   10  11  12
1   0   0   0   0   0   0   0   0   0   0   1   0
2   1   1   0   1   0   0   0   0   1   1   0   1
3   0   0   0   0   0   0   0   1   0   0   0   0
4   0   0   0   0   0   1   0   0   1   0   0   1
5   0   0   0   0   1   0   0   0   1   0   0   0
6   0   0   0   0   0   1   2   0   0   0   0   0
7   1   2   1   0   0   0   0   1   0   0   0   1

S_minus:
   1   2   3   4   5   6   7   8   9   10  11  12
1   0   0   1   0   0   0   1   1   1   0   0   0
2   0   0   0   0   0   0   0   0   0   0   1   0
3   1   1   0   0   0   0   0   0   1   2   0   0
4   1   0   0   2   2   0   0   0   0   1   0   0
5   1   1   0   0   0   0   1   0   0   0   0   1
6   0   0   1   0   0   0   0   0   0   0   1   0
7   0   0   0   1   1   1   0   0   0   0   1   0

# Realization 188
S_plus:
   1   2   3   4   5   6   7   8   9   10  11  12
1   0   1   0   0   1   0   0   0   2   0   0   0
2   0   0   1   1   0   1   1   1   0   1   0   0
3   0   1   0   0   0   0   0   0   0   0   0   0
4   0   0   0   1   2   0   0   0   0   0   1   0
5   1   1   1   1   0   0   0   0   0   0   0   1
6   1   0   0   0   0   1   2   0   0   0   1   0

S_minus:
   1   2   3   4   5   6   7   8   9   10  11  12
1   0   0   1   2   0   0   0   1   0   0   0   1
2   1   1   0   0   0   0   0   0   0   0   1   0
3   1   0   0   0   1   1   2   0   1   0   1   1
4   0   1   1   0   0   1   1   1   1   0   0   1
5   0   0   0   0   1   0   0   0   0   0   0   0
6   0   1   0   0   0   0   0   0   1   1   0   0

# Realization 189
S_plus:
   1  2  3  4
1  0  0  0  3
2  0  0  1  0
3  1  2  0  0

S_minus:
   1  2  3  4
1  1  2  1  0
2  1  1  0  1
3  0  0  2  0

# Realization 190
S_plus:
   1  2  3  4  5  6  7  8
1  1  0  0  0  0  0  0  0
2  0  0  0  2  0  0  1  0
3  0  2  0  0  1  0  0  0
4  0  0  0  0  0  2  0  2
5  0  0  1  0  0  1  0  0
6  0  1  1  0  0  0  0  0

S_minus:
   1  2  3  4  5  6  7  8
1  0  0  0  0  1  1  1  1
2  0  0  0  0  0  0  0  1
3  2  0  0  0  0  1  1  0
4  1  1  1  0  0  0  0  0
5  0  1  0  1  0  0  0  1
6  0  0  0  1  0  1  0  0

# Realization 191
S_plus:
    1   2   3   4   5   6   7   8   9   10  11
1    0   0   0   0   1   0   0   0   2   0   0
2    0   0   0   0   0   0   0   0   0   1   0
3    1   1   1   0   1   0   1   1   0   0   0
4    0   0   1   0   0   1   0   0   0   1   0
5    0   0   0   0   1   1   0   0   0   0   0
6    0   0   0   0   0   0   0   0   0   1   0
7    0   0   0   1   0   0   0   0   0   0   0
8    0   0   0   1   0   0   1   0   0   0   0
9    0   1   0   0   0   0   0   0   0   0   1
10   1   0   1   0   0   0   0   0   0   0   1

S_minus:
    1   2   3   4   5   6   7   8   9   10  11
1    1   1   0   0   0   0   1   0   0   0   0
2    0   0   0   0   0   0   1   0   0   0   0
3    0   0   0   0   0   1   0   0   1   1   0
4    0   0   0   0   1   0   0   0   0   0   0
5    0   0   0   1   0   0   0   1   1   1   1
6    1   0   3   1   0   0   0   0   0   0   0
7    0   0   0   0   0   0   1   0   0   1   1
8    0   0   0   0   1   0   0   0   0   0   1
9    0   0   0   0   0   1   0   0   1   0   0
10   0   0   0   0   1   1   0   0   0   0   0

# Realization 192
S_plus:
   1   2   3   4   5   6   7   8   9   10  11
1   0   0   0   0   0   0   0   0   2   0   0
2   0   1   2   1   0   0   1   1   0   0   1
3   0   1   0   0   0   0   0   0   0   0   1
4   0   0   0   0   0   1   0   0   0   0   0
5   0   0   0   0   0   0   0   0   0   1   0
6   0   1   0   2   0   0   0   0   0   0   0
7   1   0   0   0   1   0   0   0   0   1   0
8   0   0   1   0   0   0   0   0   0   0   1

S_minus:
   1   2   3   4   5   6   7   8   9   10  11
1   0   0   0   0   0   1   0   1   0   0   1
2   0   0   0   0   0   0   0   0   1   0   0
3   0   0   0   0   1   0   0   1   0   0   0
4   0   0   1   0   0   0   1   1   0   1   0
5   0   1   0   1   0   1   0   0   0   0   0
6   1   0   0   0   0   0   0   0   1   1   1
7   0   1   1   0   0   0   0   0   0   0   1
8   0   0   0   0   0   1   0   0   1   1   0

# Realization 193
S_plus:
   1   2   3   4   5   6   7   8   9   10
1   0   0   2   0   1   0   0   0   1   0
2   0   0   0   0   0   1   0   0   0   0
3   0   0   0   0   0   0   0   0   1   0
4   1   0   0   0   0   0   0   0   0   0
5   0   0   0   0   0   0   0   0   1   0
6   1   0   0   2   0   0   1   0   0   0
7   1   1   0   0   0   0   0   0   0   0
8   0   2   0   0   0   0   1   1   0   1

S_minus:
   1   2   3   4   5   6   7   8   9   10
1   1   1   0   0   0   0   0   0   0   0
2   1   1   0   0   1   0   0   1   0   0
3   0   0   1   1   0   0   0   0   0   0
4   0   0   1   1   0   0   0   0   0   0
5   1   0   0   0   1   0   1   2   0   0
6   0   0   1   0   0   0   0   0   0   0
7   0   0   0   0   0   1   0   0   1   1
8   0   0   0   1   0   0   0   0   0   0

# Realization 194
S_plus:
   1  2  3  4  5  6  7
1  0  0  1  0  0  0  0
2  0  2  1  0  0  1  1
3  0  1  1  1  0  0  1
4  1  0  0  0  0  0  0
5  0  0  0  1  0  1  0
6  0  0  0  0  2  0  1

S_minus:
   1  2  3  4  5  6  7
1  0  1  0  1  0  0  1
2  0  0  0  0  1  0  0
3  2  0  0  0  0  0  0
4  0  1  0  0  2  2  0
5  1  0  1  0  0  0  1
6  0  1  2  0  0  0  0

# Realization 195
S_plus:
   1  2  3  4  5  6
1  0  0  0  0  0  1
2  0  2  0  1  2  0
3  0  1  0  0  0  0
4  0  0  1  0  1  1
5  1  0  0  0  0  0

S_minus:
   1  2  3  4  5  6
1  0  1  0  0  1  0
2  0  0  2  0  0  1
3  0  0  1  1  0  1
4  1  1  0  1  0  0
5  0  1  0  0  0  0

# Realization 196
S_plus:
    1   2   3   4   5   6   7   8   9   10  11  12
1    0   1   0   0   0   0   0   0   0   0   2   0
2    1   0   0   1   1   0   1   0   0   0   0   0
3    0   1   0   0   0   1   0   0   0   0   0   0
4    0   1   1   1   0   0   1   0   0   0   0   0
5    0   0   0   0   0   0   0   0   2   0   1   0
6    0   0   0   0   0   0   0   0   0   2   0   0
7    1   0   2   0   0   0   0   1   0   0   0   1
8    0   0   0   0   0   0   0   0   0   0   0   1
9    0   0   0   0   0   0   0   1   0   0   0   0
10   0   0   0   0   0   0   0   1   0   0   0   0

S_minus:
    1   2   3   4   5   6   7   8   9   10  11  12
1    0   0   0   0   1   0   0   1   0   0   0   0
2    0   0   0   0   0   0   0   1   1   0   0   0
3    0   0   1   0   0   0   0   0   0   1   1   0
4    0   0   0   0   1   0   0   0   0   1   0   0
5    1   0   0   0   0   0   0   0   0   0   0   0
6    0   1   0   1   1   1   0   0   1   0   0   0
7    0   0   0   0   0   0   1   0   0   0   0   0
8    1   1   0   0   0   1   0   0   0   0   0   0
9    0   0   0   1   0   0   0   0   0   0   0   0
10   0   0   0   0   0   0   1   0   0   1   2   1

# Realization 197
S_plus:
    1   2   3   4   5   6   7   8   9   10  11  12
1    0   0   0   0   0   0   0   1   0   1   0   0
2    0   1   1   0   0   1   0   0   0   0   0   0
3    1   0   0   1   0   0   0   0   0   0   0   0
4    0   0   0   0   0   1   0   0   0   0   0   0
5    0   0   0   0   0   0   1   0   0   0   0   0
6    0   0   1   1   1   1   0   0   0   0   1   0
7    0   0   0   0   0   0   0   0   0   0   0   1
8    0   0   0   0   0   0   0   0   0   1   0   0
9    0   0   0   1   1   0   0   0   0   0   0   0
10   0   0   0   0   0   0   1   0   0   0   0   0
11   0   0   0   0   0   0   0   1   0   0   0   0
12   0   0   1   0   0   0   0   0   1   0   0   0

S_minus:
    1   2   3   4   5   6   7   8   9   10  11  12
1    0   0   0   1   1   0   1   0   0   0   0   0
2    0   0   0   1   0   0   0   0   0   0   0   0
3    0   0   1   0   1   0   0   0   0   0   1   0
4    0   0   0   0   0   0   0   1   0   1   0   2
5    1   0   0   1   0   0   0   1   0   0   0   0
6    0   0   0   0   0   0   0   0   2   0   0   0
7    0   0   0   0   1   0   1   0   1   0   0   0
8    1   0   0   0   0   1   0   1   0   0   0   0
9    1   0   0   0   0   0   0   0   0   0   0   0
10   0   1   0   0   0   0   0   0   0   1   0   0
11   0   0   0   0   0   1   0   0   0   0   0   0
12   0   0   0   0   0   1   0   0   0   1   0   0

# Realization 198
S_plus:
   1  2  3  4
1  1  0  0  1
2  0  1  0  0
3  1  0  1  0

S_minus:
   1  2  3  4
1  0  2  1  0
2  3  0  1  0
3  0  1  0  1

# Realization 199
S_plus:
   1  2  3  4  5  6  7  8  9
1  0  0  0  0  1  0  0  0  0
2  0  1  0  0  0  0  0  0  1
3  1  0  0  0  0  0  0  0  2
4  0  0  0  0  1  0  0  0  0
5  0  1  1  0  0  0  0  0  0
6  0  0  0  1  0  2  0  0  0
7  0  0  0  0  0  0  0  1  0
8  0  1  0  0  0  0  1  2  0

S_minus:
   1  2  3  4  5  6  7  8  9
1  0  0  2  0  0  0  0  0  1
2  0  0  0  0  0  0  1  0  0
3  0  0  0  0  0  0  1  1  0
4  0  0  0  2  0  1  1  0  0
5  3  0  0  1  0  0  0  1  1
6  0  1  0  0  1  0  0  0  0
7  0  1  0  0  1  0  0  0  0
8  0  0  0  0  0  0  0  0  1

# Realization 200
S_plus:
   1  2  3  4
1  1  2  0  0
2  0  0  0  1
3  1  0  0  0
4  0  0  1  0

S_minus:
   1  2  3  4
1  0  0  0  1
2  0  1  3  0
3  0  1  0  2
4  1  0  0  0

# Realization 201
S_plus:
   1  2  3  4  5  6  7  8
1  1  0  0  0  1  0  0  1
2  0  1  1  0  0  0  0  0
3  0  0  0  0  0  0  0  2
4  1  1  2  0  0  1  0  0
5  0  1  0  0  1  1  1  0
6  0  0  0  1  0  0  0  0

S_minus:
   1  2  3  4  5  6  7  8
1  0  0  1  1  0  0  0  0
2  1  0  0  1  0  1  0  1
3  0  0  0  0  0  1  1  0
4  0  0  0  1  2  0  0  1
5  0  0  1  0  0  0  0  0
6  2  1  1  0  0  1  2  0

# Realization 202
S_plus:
   1  2  3  4  5  6  7  8
1  0  1  1  0  0  0  0  0
2  0  0  1  0  2  0  1  0
3  0  0  0  2  0  1  0  0
4  1  2  0  1  0  1  1  2

S_minus:
   1  2  3  4  5  6  7  8
1  1  0  0  2  0  1  1  1
2  0  1  0  1  0  2  0  0
3  2  1  2  0  1  0  1  1
4  0  0  1  0  0  0  0  0

# Realization 203
S_plus:
   1  2  3  4  5  6  7  8
1  0  0  0  1  0  0  0  0
2  0  0  0  0  2  1  0  0
3  0  0  1  0  0  0  0  0
4  1  0  0  2  0  0  0  1
5  1  2  1  0  0  0  1  0

S_minus:
   1  2  3  4  5  6  7  8
1  0  1  1  0  1  0  0  0
2  1  1  1  3  0  0  1  0
3  0  0  0  0  1  1  1  2
4  0  1  0  0  1  0  0  0
5  0  0  0  0  0  0  0  1

# Realization 204
S_plus:
   1  2  3  4  5  6  7
1  0  0  0  0  1  0  0
2  1  1  0  1  0  0  1
3  0  1  1  0  0  1  1
4  2  0  0  0  0  2  0
5  0  0  0  0  1  0  1

S_minus:
   1  2  3  4  5  6  7
1  1  1  0  0  0  1  0
2  0  0  1  0  0  1  0
3  0  0  0  0  1  0  0
4  0  1  1  1  2  0  1
5  0  0  0  1  0  1  0

# Realization 205
S_plus:
   1  2  3  4  5  6  7  8
1  0  1  0  0  0  0  1  0
2  0  1  0  0  0  0  0  0
3  1  0  0  1  0  0  1  0
4  0  0  0  0  2  0  0  0
5  0  0  1  0  0  0  0  1
6  0  1  0  0  0  1  0  0

S_minus:
   1  2  3  4  5  6  7  8
1  0  0  1  0  0  0  0  1
2  0  0  1  1  0  0  1  0
3  0  3  0  0  0  1  0  0
4  0  0  0  1  0  0  0  0
5  1  0  0  0  1  0  0  0
6  1  0  1  0  2  0  2  2

# Realization 206
S_plus:
   1  2  3  4  5
1  0  1  1  0  0
2  1  0  0  0  2
3  1  0  0  1  0
4  0  1  0  0  1

S_minus:
   1  2  3  4  5
1  1  0  0  2  1
2  0  3  0  0  0
3  0  0  1  0  1
4  1  0  0  0  0

# Realization 207
S_plus:
    1  2  3  4  5  6  7  8  9
1   0  0  0  1  1  1  1  1  0
2   0  0  0  0  0  0  0  1  0
3   1  0  0  0  0  0  0  0  1
4   0  0  0  0  1  0  0  0  0
5   0  0  2  0  0  0  0  1  0
6   0  0  0  0  0  0  1  0  0
7   1  0  0  0  0  0  1  0  0
8   1  0  0  0  0  0  0  0  0
9   0  1  0  1  0  0  0  0  0
10  0  0  0  0  0  0  0  0  1

S_minus:
    1  2  3  4  5  6  7  8  9
1   0  1  1  0  0  0  0  0  1
2   0  0  0  0  1  0  1  0  0
3   0  0  0  0  0  2  0  0  0
4   0  1  1  0  0  0  0  0  0
5   0  0  0  1  0  1  1  0  0
6   1  0  0  0  1  0  0  0  0
7   0  1  0  0  0  0  0  0  1
8   0  0  0  0  0  0  1  0  1
9   0  0  0  0  1  0  0  0  0
10  0  0  0  1  0  0  0  1  0

# Realization 208
S_plus:
   1  2  3  4  5  6  7  8
1  0  0  0  1  2  0  1  0
2  1  1  0  0  0  1  0  0
3  1  0  2  2  1  0  0  1
4  0  0  1  0  0  0  0  0

S_minus:
   1  2  3  4  5  6  7  8
1  0  1  1  0  0  3  0  2
2  0  0  2  1  0  0  1  0
3  0  2  0  0  0  0  0  0
4  1  0  0  1  1  0  0  0

# Realization 209
S_plus:
   1  2  3  4
1  3  0  0  0
2  0  1  1  3
3  0  0  1  0

S_minus:
   1  2  3  4
1  0  1  3  2
2  1  0  0  0
3  2  1  0  0

