{
  "mgf": 1.3937131958901716,
  "vn_alpha": 1.395336990058422,
  "vn_beta": 1.395336990058422,
  "shannon_entropy": 1.5178780564284717
}