{
  "mgf": 1.2599188185692158,
  "vn_alpha": 1.2599210490783055,
  "vn_beta": 1.2599210490783055,
  "shannon_entropy": 0.9634485540171975
}