realization	parameter	index	value
0	kd	0	
0	kd	1	
0	kd	2	
0	kd	3	
0	kd	4	
0	kd	5	
0	kd	6	
0	kd	7	
0	kd	8	
0	kd	9	
0	kd	10	
0	kf	0	0.4686871284027182
0	kf	1	0.6846129853566774
0	kf	2	1.0
0	kf	3	0.4990201826715611
0	kf	4	0.6212975631966143
0	kf	5	0.20078219073803158
0	kf	6	0.28268530663161756
0	kf	7	0.4860710421720489
0	kf	8	0.3552589132871812
0	kf	9	0.023797803084960614
0	kf	10	0.11575172992565773
1	kd	0	
1	kd	1	
1	kd	2	
1	kd	3	
1	kd	4	
1	kd	5	
1	kd	6	
1	kd	7	
1	kf	0	0.002551480092550895
1	kf	1	1.0
1	kf	2	0.9092984335605414
1	kf	3	0.38875963350453147
1	kf	4	0.07340942374316183
1	kf	5	0.24919095526265647
1	kf	6	0.9093809936073836
1	kf	7	0.6807090844030668
2	kd	0	
2	kd	1	
2	kd	2	
2	kd	3	
2	kd	4	
2	kd	5	
2	kf	0	0.5547299769748154
2	kf	1	0.977918122661881
2	kf	2	0.05009554376622687
2	kf	3	1.0
2	kf	4	0.3647745999756068
2	kf	5	0.7204733819137029
3	kd	0	
3	kd	1	
3	kd	2	
3	kd	3	
3	kd	4	
3	kd	5	
3	kd	6	
3	kd	7	
3	kd	8	
3	kd	9	
3	kf	0	0.29348133843380175
3	kf	1	0.11959787087403474
3	kf	2	0.7090394853129744
3	kf	3	0.33546796213920244
3	kf	4	0.009295921808437392
3	kf	5	0.5140722571883659
3	kf	6	0.10051401588814099
3	kf	7	0.7079104021939018
3	kf	8	0.7857407905889815
3	kf	9	1.0
4	kd	0	
4	kd	1	
4	kf	0	0.7083571398923963
4	kf	1	1.0
5	kd	0	
5	kd	1	
5	kd	2	
5	kd	3	
5	kd	4	
5	kd	5	
5	kd	6	
5	kd	7	
5	kf	0	0.8871407802962403
5	kf	1	1.0
5	kf	2	0.2445382814416495
5	kf	3	0.838773648866262
5	kf	4	0.6070380903445636
5	kf	5	0.38071082242243814
5	kf	6	0.6071731799956129
5	kf	7	0.891977563430626
6	kd	0	
6	kd	1	
6	kd	2	
6	kd	3	
6	kd	4	
6	kd	5	
6	kf	0	0.22002425233054865
6	kf	1	0.47356147510122565
6	kf	2	0.4751739980963329
6	kf	3	0.7584829338495588
6	kf	4	0.5577711546470167
6	kf	5	1.0
7	kd	0	
7	kd	1	
7	kd	2	
7	kd	3	
7	kf	0	0.8466703302899715
7	kf	1	1.0
7	kf	2	0.937951865157061
7	kf	3	0.33352138759378214
8	kd	0	
8	kd	1	
8	kd	2	
8	kd	3	
8	kd	4	
8	kd	5	
8	kd	6	
8	kd	7	
8	kf	0	0.33948164424143285
8	kf	1	0.693545920040721
8	kf	2	1.0
8	kf	3	0.2211861392812047
8	kf	4	0.23192675366665247
8	kf	5	0.3686737114799434
8	kf	6	0.3764080262042888
8	kf	7	0.8102443108126081
9	kd	0	
9	kd	1	
9	kd	2	
9	kd	3	
9	kd	4	
9	kd	5	
9	kd	6	
9	kd	7	
9	kf	0	0.10497546710147711
9	kf	1	0.25480429496350065
9	kf	2	0.2429847332336408
9	kf	3	0.037049186465765126
9	kf	4	0.4923564884106751
9	kf	5	0.35315894696581446
9	kf	6	0.18415650113816232
9	kf	7	1.0
10	kd	0	
10	kd	1	
10	kd	2	
10	kd	3	
10	kd	4	
10	kd	5	
10	kd	6	
10	kd	7	
10	kd	8	
10	kd	9	
10	kd	10	
10	kf	0	0.47418523411947366
10	kf	1	0.26642161004521675
10	kf	2	0.369734245974819
10	kf	3	1.0
10	kf	4	0.45327606543290416
10	kf	5	0.7465339913390308
10	kf	6	0.45997369837185087
10	kf	7	0.6345124755552985
10	kf	8	0.5574581010117557
10	kf	9	0.9140946988941064
10	kf	10	0.9091127909375312
11	kd	0	
11	kd	1	
11	kd	2	
11	kd	3	
11	kd	4	
11	kd	5	
11	kd	6	
11	kd	7	
11	kd	8	
11	kd	9	
11	kf	0	0.03548728593917321
11	kf	1	0.004584302086798653
11	kf	2	0.2716792734188501
11	kf	3	0.9484026304779822
11	kf	4	0.28198928023672043
11	kf	5	1.0
11	kf	6	0.4336051200489821
11	kf	7	0.7526273268638738
11	kf	8	0.4154518757436866
11	kf	9	0.8138912630245864
12	kd	0	
12	kd	1	
12	kd	2	
12	kd	3	
12	kd	4	
12	kd	5	
12	kd	6	
12	kd	7	
12	kd	8	
12	kd	9	
12	kf	0	0.30475545256770403
12	kf	1	0.7834358970002143
12	kf	2	0.32469237305800935
12	kf	3	0.15392766473813152
12	kf	4	0.40352527878001754
12	kf	5	0.027885436672200566
12	kf	6	0.8790777171919272
12	kf	7	1.0
12	kf	8	0.24176951404681848
12	kf	9	0.8609754341508834
13	kd	0	
13	kd	1	
13	kd	2	
13	kd	3	
13	kd	4	
13	kf	0	0.8857942896338769
13	kf	1	0.165368545946487
13	kf	2	1.0
13	kf	3	0.8923248198931405
13	kf	4	0.20000979913304065
14	kd	0	
14	kd	1	
14	kd	2	
14	kd	3	
14	kd	4	
14	kd	5	
14	kf	0	0.8110738861952054
14	kf	1	1.0
14	kf	2	0.3501176838438702
14	kf	3	0.7228208094397947
14	kf	4	0.2666758787298746
14	kf	5	0.7040209118162278
15	kd	0	
15	kd	1	
15	kd	2	
15	kd	3	
15	kd	4	
15	kd	5	
15	kd	6	
15	kd	7	
15	kf	0	1.0
15	kf	1	0.05300829648312971
15	kf	2	0.7057916566775475
15	kf	3	0.4619153188406833
15	kf	4	0.43821089933453494
15	kf	5	0.5889485205409593
15	kf	6	0.22765472204109446
15	kf	7	0.42641676883284996
16	kd	0	
16	kd	1	
16	kd	2	
16	kd	3	
16	kd	4	
16	kd	5	
16	kd	6	
16	kd	7	
16	kd	8	
16	kd	9	
16	kd	10	
16	kd	11	
16	kf	0	0.17900338092607423
16	kf	1	0.37594150131903176
16	kf	2	0.0736783584585632
16	kf	3	0.6054965308518736
16	kf	4	0.6837306435760769
16	kf	5	0.5823459795256626
16	kf	6	0.0027065953674730602
16	kf	7	0.31118415103939756
16	kf	8	0.4036380726443519
16	kf	9	0.5555632454428586
16	kf	10	1.0
16	kf	11	0.056628750608754684
17	kd	0	
17	kd	1	
17	kd	2	
17	kd	3	
17	kd	4	
17	kd	5	
17	kf	0	0.4587386744041329
17	kf	1	0.5426774226245905
17	kf	2	0.7882249739189611
17	kf	3	0.6467720317798906
17	kf	4	0.05782643135702517
17	kf	5	1.0
18	kd	0	
18	kd	1	
18	kd	2	
18	kf	0	1.0
18	kf	1	0.5480477309970324
18	kf	2	0.2923481013143305
19	kd	0	
19	kd	1	
19	kd	2	
19	kd	3	
19	kd	4	
19	kd	5	
19	kd	6	
19	kd	7	
19	kd	8	
19	kd	9	
19	kf	0	0.014133744276670118
19	kf	1	0.33833812446113665
19	kf	2	0.31527465936284454
19	kf	3	0.5696806451827797
19	kf	4	0.800772665669435
19	kf	5	0.8835324671309546
19	kf	6	1.0
19	kf	7	0.8031934293121094
19	kf	8	0.28693480633454893
19	kf	9	0.33960377656013363
20	kd	0	
20	kd	1	
20	kd	2	
20	kd	3	
20	kd	4	
20	kd	5	
20	kd	6	
20	kd	7	
20	kd	8	
20	kd	9	
20	kd	10	
20	kf	0	1.0
20	kf	1	0.03708457683141695
20	kf	2	0.7134503890101618
20	kf	3	0.03698626872088259
20	kf	4	0.44264311576301446
20	kf	5	0.5127594308118936
20	kf	6	0.928148804065019
20	kf	7	0.004159819426701275
20	kf	8	0.6476742879079584
20	kf	9	0.506671313219419
20	kf	10	0.8579480114482106
21	kd	0	
21	kd	1	
21	kd	2	
21	kd	3	
21	kd	4	
21	kf	0	0.4886352980600007
21	kf	1	0.8430585392877852
21	kf	2	0.03608184712981822
21	kf	3	1.0
21	kf	4	0.16480884579860353
22	kd	0	
22	kd	1	
22	kd	2	
22	kd	3	
22	kd	4	
22	kd	5	
22	kd	6	
22	kd	7	
22	kf	0	0.3001398803992705
22	kf	1	0.27166026644682806
22	kf	2	0.08328278592736223
22	kf	3	0.7698071581005178
22	kf	4	0.9282176406816129
22	kf	5	0.19564818131405204
22	kf	6	0.7861071433376944
22	kf	7	1.0
23	kd	0	
23	kd	1	
23	kd	2	
23	kd	3	
23	kd	4	
23	kd	5	
23	kd	6	
23	kd	7	
23	kf	0	0.7773411520440296
23	kf	1	0.8862278777334311
23	kf	2	0.34451751432618827
23	kf	3	0.02198628263148886
23	kf	4	0.05617587076709864
23	kf	5	0.3943948250839419
23	kf	6	0.492999450113249
23	kf	7	1.0
24	kd	0	
24	kd	1	
24	kd	2	
24	kd	3	
24	kd	4	
24	kd	5	
24	kd	6	
24	kd	7	
24	kd	8	
24	kd	9	
24	kd	10	
24	kd	11	
24	kf	0	0.28419737371327836
24	kf	1	0.9595967920666072
24	kf	2	0.6457778793040718
24	kf	3	0.6421245980201007
24	kf	4	0.44410563829615246
24	kf	5	0.23294601732786713
24	kf	6	1.0
24	kf	7	0.08850973013577441
24	kf	8	0.4333259515056136
24	kf	9	0.9538793566636603
24	kf	10	0.6070752406708299
24	kf	11	0.08608447532390548
25	kd	0	
25	kd	1	
25	kd	2	
25	kd	3	
25	kd	4	
25	kd	5	
25	kd	6	
25	kd	7	
25	kd	8	
25	kd	9	
25	kd	10	
25	kf	0	0.4746219395788846
25	kf	1	0.822375563615811
25	kf	2	0.6487327596649013
25	kf	3	0.5469222090729033
25	kf	4	0.44009824085967697
25	kf	5	0.870234818759779
25	kf	6	1.0
25	kf	7	0.521108123150686
25	kf	8	0.6406983803946358
25	kf	9	0.31474814473681983
25	kf	10	0.3123207213315882
26	kd	0	
26	kd	1	
26	kd	2	
26	kd	3	
26	kd	4	
26	kd	5	
26	kd	6	
26	kd	7	
26	kd	8	
26	kf	0	1.0
26	kf	1	0.7406616596247959
26	kf	2	0.5488423301442608
26	kf	3	0.04129656048460855
26	kf	4	0.050419528374399315
26	kf	5	0.7351360097696653
26	kf	6	0.4415329913327033
26	kf	7	0.42130129965025603
26	kf	8	0.13360616719521168
27	kd	0	
27	kd	1	
27	kd	2	
27	kd	3	
27	kd	4	
27	kf	0	0.20966282635929578
27	kf	1	0.8604826607375342
27	kf	2	0.46900731749038793
27	kf	3	0.620821503475372
27	kf	4	1.0
28	kd	0	
28	kd	1	
28	kd	2	
28	kd	3	
28	kd	4	
28	kd	5	
28	kd	6	
28	kd	7	
28	kf	0	1.0
28	kf	1	0.47909208327435615
28	kf	2	0.20763110947786337
28	kf	3	0.20116725007249522
28	kf	4	0.9615594396964795
28	kf	5	0.10781761111775617
28	kf	6	0.9257578080730541
28	kf	7	0.06882435239770819
29	kd	0	
29	kd	1	
29	kf	0	1.0
29	kf	1	0.242194842344418
30	kd	0	
30	kd	1	
30	kd	2	
30	kd	3	
30	kd	4	
30	kd	5	
30	kd	6	
30	kd	7	
30	kd	8	
30	kd	9	
30	kd	10	
30	kd	11	
30	kf	0	0.5299217929591449
30	kf	1	0.07153191804686185
30	kf	2	0.021085053707780497
30	kf	3	0.2765654521015033
30	kf	4	0.08090584870223472
30	kf	5	1.0
30	kf	6	0.15195675195746697
30	kf	7	0.07666216551287751
30	kf	8	0.647953917064026
30	kf	9	0.09838271397738628
30	kf	10	0.5911346769571102
30	kf	11	0.6134008549327612
31	kd	0	
31	kd	1	
31	kd	2	
31	kd	3	
31	kd	4	
31	kf	0	1.0
31	kf	1	0.852977154479802
31	kf	2	0.037588752212695496
31	kf	3	0.6835493648021768
31	kf	4	0.5487580440233825
32	kd	0	
32	kd	1	
32	kd	2	
32	kd	3	
32	kd	4	
32	kd	5	
32	kf	0	0.015523473291510758
32	kf	1	0.32563737095086814
32	kf	2	0.32222893265985153
32	kf	3	1.0
32	kf	4	0.5652126089784156
32	kf	5	0.6325420986741871
33	kd	0	
33	kd	1	
33	kd	2	
33	kd	3	
33	kd	4	
33	kd	5	
33	kf	0	0.25563778288408345
33	kf	1	0.22878294105158792
33	kf	2	0.6016810507028115
33	kf	3	0.6597837172662159
33	kf	4	1.0
33	kf	5	0.34806781789785535
34	kd	0	
34	kd	1	
34	kd	2	
34	kd	3	
34	kd	4	
34	kd	5	
34	kd	6	
34	kd	7	
34	kd	8	
34	kd	9	
34	kf	0	0.08023088662245588
34	kf	1	0.735167365601794
34	kf	2	0.0807891893058801
34	kf	3	0.0737339695208545
34	kf	4	0.9542252767442313
34	kf	5	0.9474063183226544
34	kf	6	0.5816195089217254
34	kf	7	0.10630417839609864
34	kf	8	1.0
34	kf	9	0.5615262521759924
35	kd	0	
35	kd	1	
35	kd	2	
35	kd	3	
35	kd	4	
35	kd	5	
35	kd	6	
35	kd	7	
35	kd	8	
35	kd	9	
35	kf	0	0.3979901583096628
35	kf	1	0.43930637472191647
35	kf	2	0.1685188801697171
35	kf	3	0.9846504689974331
35	kf	4	0.7349462490995037
35	kf	5	0.8241494153340553
35	kf	6	1.0
35	kf	7	0.44146607470623184
35	kf	8	0.5772595747098479
35	kf	9	0.45413222767672645
36	kd	0	
36	kd	1	
36	kd	2	
36	kd	3	
36	kf	0	1.0
36	kf	1	0.7831690580579415
36	kf	2	0.023859453936445264
36	kf	3	0.8524210994284839
37	kd	0	
37	kd	1	
37	kd	2	
37	kd	3	
37	kd	4	
37	kd	5	
37	kf	0	0.23292255157843372
37	kf	1	0.7820520075455313
37	kf	2	0.704308386695203
37	kf	3	0.31486420908450624
37	kf	4	1.0
37	kf	5	0.7374204787917651
38	kd	0	
38	kd	1	
38	kd	2	
38	kd	3	
38	kd	4	
38	kd	5	
38	kf	0	0.83699247617744
38	kf	1	1.0
38	kf	2	0.9456006085496284
38	kf	3	0.9260777961406025
38	kf	4	0.8344759948154173
38	kf	5	0.6638304814974343
39	kd	0	
39	kd	1	
39	kd	2	
39	kd	3	
39	kd	4	
39	kd	5	
39	kf	0	0.30753298032133886
39	kf	1	0.6182307462181116
39	kf	2	0.21849786558260387
39	kf	3	0.4870231238047172
39	kf	4	1.0
39	kf	5	0.017181028069438182
40	kd	0	
40	kd	1	
40	kd	2	
40	kd	3	
40	kd	4	
40	kd	5	
40	kd	6	
40	kd	7	
40	kd	8	
40	kf	0	0.8441588756364526
40	kf	1	1.0
40	kf	2	0.6376787998040218
40	kf	3	0.627565502240869
40	kf	4	0.46911671321781817
40	kf	5	0.5253205280994969
40	kf	6	0.7026594268576559
40	kf	7	0.31931125834088636
40	kf	8	0.15005780256116175
41	kd	0	
41	kd	1	
41	kd	2	
41	kf	0	1.0
41	kf	1	0.21431258850809692
41	kf	2	0.09581872717810848
42	kd	0	
42	kd	1	
42	kd	2	
42	kd	3	
42	kd	4	
42	kd	5	
42	kf	0	0.2660159317708179
42	kf	1	1.0
42	kf	2	0.6143861603022926
42	kf	3	0.8766715339661412
42	kf	4	0.7380369242701278
42	kf	5	0.7486553405327292
43	kd	0	
43	kd	1	
43	kd	2	
43	kd	3	
43	kd	4	
43	kd	5	
43	kd	6	
43	kd	7	
43	kd	8	
43	kd	9	
43	kd	10	
43	kd	11	
43	kf	0	0.41794490086992075
43	kf	1	0.5694018423915528
43	kf	2	0.3730830033398894
43	kf	3	0.31792002026169913
43	kf	4	1.0
43	kf	5	0.7948071498452717
43	kf	6	0.3417412699219067
43	kf	7	0.8761738405732603
43	kf	8	0.5601462514723475
43	kf	9	0.5023463833062181
43	kf	10	0.8459438038893415
43	kf	11	0.5585706688441852
44	kd	0	
44	kd	1	
44	kd	2	
44	kd	3	
44	kd	4	
44	kd	5	
44	kd	6	
44	kd	7	
44	kf	0	0.22357576831175197
44	kf	1	1.0
44	kf	2	0.640580127795217
44	kf	3	0.7040621952082683
44	kf	4	0.7761378230636303
44	kf	5	0.3491806489346345
44	kf	6	0.7827848905542787
44	kf	7	0.6846413551060491
45	kd	0	
45	kd	1	
45	kd	2	
45	kd	3	
45	kd	4	
45	kd	5	
45	kd	6	
45	kd	7	
45	kd	8	
45	kf	0	0.19389375778980592
45	kf	1	1.0
45	kf	2	0.8130151543076628
45	kf	3	0.6893379573642603
45	kf	4	0.9479600782884855
45	kf	5	0.9209432819078586
45	kf	6	0.563280705341441
45	kf	7	0.5385691735884901
45	kf	8	0.8047454382564508
46	kd	0	
46	kd	1	
46	kd	2	
46	kd	3	
46	kd	4	
46	kd	5	
46	kd	6	
46	kd	7	
46	kd	8	
46	kd	9	
46	kd	10	
46	kd	11	
46	kf	0	0.6396236667493628
46	kf	1	1.0
46	kf	2	0.6378538365227844
46	kf	3	0.15900016577566267
46	kf	4	0.3140528037377906
46	kf	5	0.7479157748355143
46	kf	6	0.27123247736465234
46	kf	7	0.25422897786052967
46	kf	8	0.9079735743987144
46	kf	9	0.7555792053966147
46	kf	10	0.7337617722792714
46	kf	11	0.6288581569818178
47	kd	0	
47	kd	1	
47	kd	2	
47	kf	0	0.3065126968081504
47	kf	1	1.0
47	kf	2	0.2327029563394794
48	kd	0	
48	kd	1	
48	kd	2	
48	kd	3	
48	kd	4	
48	kd	5	
48	kd	6	
48	kf	0	0.514617554799023
48	kf	1	0.2530847689050805
48	kf	2	1.0
48	kf	3	0.00701007332955982
48	kf	4	0.12914930330917698
48	kf	5	0.6458739862410544
48	kf	6	0.41610475520003115
49	kd	0	
49	kd	1	
49	kd	2	
49	kd	3	
49	kd	4	
49	kd	5	
49	kd	6	
49	kd	7	
49	kd	8	
49	kf	0	0.1474169296439675
49	kf	1	0.9944157214490944
49	kf	2	0.8577773312405742
49	kf	3	0.3909069546631789
49	kf	4	0.35311825612473574
49	kf	5	0.2572450571594033
49	kf	6	1.0
49	kf	7	0.6341866632032246
49	kf	8	0.2371487693059546
50	kd	0	
50	kd	1	
50	kd	2	
50	kd	3	
50	kd	4	
50	kd	5	
50	kf	0	0.8100967223334107
50	kf	1	1.0
50	kf	2	0.40184723978384845
50	kf	3	0.6329064913615925
50	kf	4	0.23845234479917304
50	kf	5	0.7519156040740145
51	kd	0	
51	kd	1	
51	kd	2	
51	kd	3	
51	kd	4	
51	kd	5	
51	kd	6	
51	kf	0	0.6791179444589323
51	kf	1	0.0031637002343868933
51	kf	2	0.48962799561378073
51	kf	3	0.5465573428457843
51	kf	4	1.0
51	kf	5	0.09129555185198028
51	kf	6	0.16730678196557947
52	kd	0	
52	kd	1	
52	kd	2	
52	kd	3	
52	kd	4	
52	kd	5	
52	kd	6	
52	kd	7	
52	kd	8	
52	kd	9	
52	kf	0	0.3143674434816947
52	kf	1	0.787281180570065
52	kf	2	0.6365311101693717
52	kf	3	0.36130492896921784
52	kf	4	0.46457864483660744
52	kf	5	0.33429552536974694
52	kf	6	0.8017365990429614
52	kf	7	0.5427392108115054
52	kf	8	1.0
52	kf	9	0.9115702535268523
53	kd	0	
53	kd	1	
53	kd	2	
53	kd	3	
53	kf	0	0.23483318063268932
53	kf	1	1.0
53	kf	2	0.5045100420204649
53	kf	3	0.6340663820645498
54	kd	0	
54	kd	1	
54	kd	2	
54	kd	3	
54	kd	4	
54	kd	5	
54	kd	6	
54	kd	7	
54	kd	8	
54	kf	0	0.9951551394729337
54	kf	1	0.2925084545124922
54	kf	2	0.7409435331060518
54	kf	3	0.09493364091400971
54	kf	4	0.3326887293958419
54	kf	5	1.0
54	kf	6	0.7183974432688507
54	kf	7	0.7483363572776673
54	kf	8	0.3679712600791652
55	kd	0	
55	kd	1	
55	kd	2	
55	kd	3	
55	kd	4	
55	kd	5	
55	kd	6	
55	kd	7	
55	kf	0	0.32741646652430645
55	kf	1	1.0
55	kf	2	0.2933202203439017
55	kf	3	0.5289184420425486
55	kf	4	0.48230157647136124
55	kf	5	0.24213088739514194
55	kf	6	0.8779013724036866
55	kf	7	0.1668480169620464
56	kd	0	
56	kd	1	
56	kd	2	
56	kd	3	
56	kd	4	
56	kd	5	
56	kd	6	
56	kd	7	
56	kd	8	
56	kf	0	0.7409996444819754
56	kf	1	0.27256035217633195
56	kf	2	0.4686196935283487
56	kf	3	1.0
56	kf	4	0.4168458768867368
56	kf	5	0.7888257204307713
56	kf	6	0.30325199228804894
56	kf	7	0.3225495095060818
56	kf	8	0.09763792532362284
57	kd	0	
57	kd	1	
57	kd	2	
57	kd	3	
57	kd	4	
57	kd	5	
57	kd	6	
57	kd	7	
57	kd	8	
57	kd	9	
57	kd	10	
57	kf	0	0.7595003326046723
57	kf	1	0.847939847258964
57	kf	2	0.5808058828501309
57	kf	3	0.3015494573748101
57	kf	4	0.7616738885265208
57	kf	5	1.0
57	kf	6	0.6735314341568535
57	kf	7	0.7807865556359717
57	kf	8	0.23761571289752872
57	kf	9	0.5363027348224576
57	kf	10	0.10016620113389807
58	kd	0	
58	kd	1	
58	kd	2	
58	kd	3	
58	kd	4	
58	kd	5	
58	kd	6	
58	kd	7	
58	kd	8	
58	kd	9	
58	kd	10	
58	kf	0	0.08777334045035845
58	kf	1	0.45491434545236853
58	kf	2	0.24886318764694637
58	kf	3	0.47374094315386295
58	kf	4	1.0
58	kf	5	0.6600381307187054
58	kf	6	0.4001475465700681
58	kf	7	0.9956598045695918
58	kf	8	0.9084262211448102
58	kf	9	0.17994300895575666
58	kf	10	0.4578319164344358
59	kd	0	
59	kd	1	
59	kd	2	
59	kd	3	
59	kf	0	0.22750274472005516
59	kf	1	0.16238156815944402
59	kf	2	0.3507044352432301
59	kf	3	1.0
60	kd	0	
60	kd	1	
60	kd	2	
60	kd	3	
60	kd	4	
60	kd	5	
60	kd	6	
60	kf	0	1.0
60	kf	1	0.23427180796730274
60	kf	2	0.5226436974561041
60	kf	3	0.006133322721562499
60	kf	4	0.02615634423659584
60	kf	5	0.5751361166315393
60	kf	6	0.995697343011506
61	kd	0	
61	kd	1	
61	kd	2	
61	kd	3	
61	kd	4	
61	kd	5	
61	kd	6	
61	kd	7	
61	kd	8	
61	kd	9	
61	kd	10	
61	kf	0	0.1653858295440602
61	kf	1	0.7683377393386474
61	kf	2	0.21374472503259564
61	kf	3	0.38389996901136336
61	kf	4	0.516826499049765
61	kf	5	0.9797230787822409
61	kf	6	1.0
61	kf	7	0.42008707903178766
61	kf	8	0.13173340164872377
61	kf	9	0.9950986129610875
61	kf	10	0.9094572037440806
62	kd	0	
62	kd	1	
62	kd	2	
62	kd	3	
62	kd	4	
62	kd	5	
62	kd	6	
62	kd	7	
62	kd	8	
62	kd	9	
62	kd	10	
62	kd	11	
62	kf	0	0.9721016913648595
62	kf	1	0.43413342273695443
62	kf	2	0.07670823027961837
62	kf	3	0.5952540586674288
62	kf	4	0.018161913659577766
62	kf	5	1.0
62	kf	6	0.9689240156502116
62	kf	7	0.9371857156292286
62	kf	8	0.04762310928574398
62	kf	9	0.15628795570721882
62	kf	10	0.5069845767874018
62	kf	11	0.9227290288650954
63	kd	0	
63	kd	1	
63	kd	2	
63	kd	3	
63	kd	4	
63	kd	5	
63	kf	0	0.7447314616272771
63	kf	1	0.7240899492102898
63	kf	2	0.5215411159603307
63	kf	3	0.9184564449625932
63	kf	4	1.0
63	kf	5	0.18508821113851393
64	kd	0	
64	kd	1	
64	kd	2	
64	kd	3	
64	kd	4	
64	kd	5	
64	kd	6	
64	kd	7	
64	kf	0	0.44827857359222933
64	kf	1	0.6262750540682293
64	kf	2	0.5464302675792526
64	kf	3	0.43616372491552946
64	kf	4	0.7224512499269974
64	kf	5	0.2448986506722911
64	kf	6	1.0
64	kf	7	0.46754545272023873
65	kd	0	
65	kd	1	
65	kd	2	
65	kf	0	0.6618326302689691
65	kf	1	0.1845876028123212
65	kf	2	1.0
66	kd	0	
66	kd	1	
66	kd	2	
66	kd	3	
66	kd	4	
66	kd	5	
66	kd	6	
66	kd	7	
66	kd	8	
66	kd	9	
66	kf	0	0.9183236976651895
66	kf	1	1.0
66	kf	2	0.40435508798575354
66	kf	3	0.6047499782488819
66	kf	4	0.876165724451029
66	kf	5	0.8244141339826137
66	kf	6	0.6137207937924172
66	kf	7	0.7256345397084507
66	kf	8	0.9474729833545267
66	kf	9	0.6941297698418892
67	kd	0	
67	kd	1	
67	kd	2	
67	kd	3	
67	kd	4	
67	kd	5	
67	kd	6	
67	kd	7	
67	kd	8	
67	kf	0	0.5787884238305953
67	kf	1	0.008282086319725379
67	kf	2	0.3859173886013301
67	kf	3	1.0
67	kf	4	0.47595805577405453
67	kf	5	0.6148373442107897
67	kf	6	0.593002182842793
67	kf	7	0.5732012341465236
67	kf	8	0.8332014924727271
68	kd	0	
68	kd	1	
68	kd	2	
68	kd	3	
68	kd	4	
68	kd	5	
68	kd	6	
68	kd	7	
68	kd	8	
68	kd	9	
68	kd	10	
68	kd	11	
68	kf	0	0.015999864109196453
68	kf	1	0.8704056108747837
68	kf	2	0.45707449906534664
68	kf	3	0.8619146172572381
68	kf	4	0.5456248340207919
68	kf	5	0.3864663354383621
68	kf	6	0.4878316139886798
68	kf	7	0.5758459597243423
68	kf	8	1.0
68	kf	9	0.3934848169683148
68	kf	10	0.1305824019393248
68	kf	11	0.7449288749483896
69	kd	0	
69	kd	1	
69	kd	2	
69	kd	3	
69	kd	4	
69	kd	5	
69	kd	6	
69	kd	7	
69	kd	8	
69	kd	9	
69	kd	10	
69	kf	0	0.19729670633252377
69	kf	1	0.14878042226878319
69	kf	2	0.5528187296533025
69	kf	3	0.1069272885542611
69	kf	4	0.8573219529875624
69	kf	5	1.0
69	kf	6	0.6494038658141442
69	kf	7	0.5151439100730693
69	kf	8	0.417130956105683
69	kf	9	0.03913763265458597
69	kf	10	0.6934785420312952
70	kd	0	
70	kd	1	
70	kd	2	
70	kd	3	
70	kd	4	
70	kd	5	
70	kd	6	
70	kd	7	
70	kd	8	
70	kd	9	
70	kf	0	0.27186844576000385
70	kf	1	0.07204756234937822
70	kf	2	0.1679792244410438
70	kf	3	0.8910824223094072
70	kf	4	1.0
70	kf	5	0.4660625327788792
70	kf	6	0.13485908849208958
70	kf	7	0.005912451561428007
70	kf	8	0.9330811142333667
70	kf	9	0.8002734867822185
71	kd	0	
71	kd	1	
71	kd	2	
71	kd	3	
71	kd	4	
71	kd	5	
71	kd	6	
71	kf	0	0.6124767449859507
71	kf	1	1.0
71	kf	2	0.6125406332726212
71	kf	3	0.9647487008652825
71	kf	4	0.19919199625660391
71	kf	5	0.7459657315823596
71	kf	6	0.30683905319730526
72	kd	0	
72	kd	1	
72	kd	2	
72	kf	0	1.0
72	kf	1	0.8052270528837053
72	kf	2	0.7848026870863005
73	kd	0	
73	kd	1	
73	kd	2	
73	kd	3	
73	kd	4	
73	kd	5	
73	kd	6	
73	kd	7	
73	kd	8	
73	kd	9	
73	kd	10	
73	kf	0	0.32570780596563775
73	kf	1	0.4693440039320737
73	kf	2	1.0
73	kf	3	0.32543012299390717
73	kf	4	0.4372388819611767
73	kf	5	0.32684489376657894
73	kf	6	0.48968299976403123
73	kf	7	0.8942542558148948
73	kf	8	0.9666547050832247
73	kf	9	0.5729141040285181
73	kf	10	0.4037952746780102
74	kd	0	
74	kd	1	
74	kf	0	0.2848525057041206
74	kf	1	1.0
75	kd	0	
75	kd	1	
75	kd	2	
75	kd	3	
75	kd	4	
75	kd	5	
75	kd	6	
75	kd	7	
75	kd	8	
75	kd	9	
75	kf	0	0.027496453008551438
75	kf	1	0.2595321599158869
75	kf	2	1.0
75	kf	3	0.8544950266710397
75	kf	4	0.328773619266245
75	kf	5	0.979040846944857
75	kf	6	0.808946294879779
75	kf	7	0.274010552455821
75	kf	8	0.5699188118412825
75	kf	9	0.23773231243017706
76	kd	0	
76	kd	1	
76	kd	2	
76	kd	3	
76	kd	4	
76	kd	5	
76	kd	6	
76	kd	7	
76	kd	8	
76	kd	9	
76	kf	0	0.40163491394211376
76	kf	1	0.5935138950117144
76	kf	2	0.24163625344127504
76	kf	3	0.6640256660982046
76	kf	4	0.42819533670028914
76	kf	5	1.0
76	kf	6	0.015189585038984045
76	kf	7	0.5372189117245493
76	kf	8	0.5504477007700774
76	kf	9	0.9727388335132601
77	kd	0	
77	kd	1	
77	kd	2	
77	kd	3	
77	kd	4	
77	kf	0	0.8786798754942948
77	kf	1	1.0
77	kf	2	0.5315319375907595
77	kf	3	0.2144196341592879
77	kf	4	0.32006495228965226
78	kd	0	
78	kd	1	
78	kd	2	
78	kd	3	
78	kd	4	
78	kd	5	
78	kf	0	0.598748579805147
78	kf	1	0.5511491604437222
78	kf	2	0.4635062714687506
78	kf	3	0.3461158519596131
78	kf	4	1.0
78	kf	5	0.8230078491482178
79	kd	0	
79	kd	1	
79	kd	2	
79	kd	3	
79	kd	4	
79	kd	5	
79	kd	6	
79	kd	7	
79	kd	8	
79	kf	0	0.8987828480341118
79	kf	1	0.5534977027705165
79	kf	2	0.5369947883690703
79	kf	3	0.4286043300516653
79	kf	4	1.0
79	kf	5	0.965120132587906
79	kf	6	0.6510498228705622
79	kf	7	0.6458498908676326
79	kf	8	0.15972500178641594
80	kd	0	
80	kd	1	
80	kd	2	
80	kd	3	
80	kd	4	
80	kd	5	
80	kd	6	
80	kd	7	
80	kd	8	
80	kd	9	
80	kf	0	0.6344168730468787
80	kf	1	0.8777019225173958
80	kf	2	0.4106531618804756
80	kf	3	0.488282339093504
80	kf	4	0.5484492977597305
80	kf	5	0.850382906462165
80	kf	6	0.033980123574660286
80	kf	7	0.08967027081988754
80	kf	8	0.4090787125475742
80	kf	9	1.0
81	kd	0	
81	kd	1	
81	kd	2	
81	kd	3	
81	kd	4	
81	kd	5	
81	kd	6	
81	kd	7	
81	kd	8	
81	kd	9	
81	kd	10	
81	kf	0	0.24114148217797915
81	kf	1	0.15839617557778496
81	kf	2	0.971478947770686
81	kf	3	0.28754270190060255
81	kf	4	0.9594150039953863
81	kf	5	1.0
81	kf	6	0.8878624198355798
81	kf	7	0.6276430683981193
81	kf	8	0.9617948423918912
81	kf	9	0.7476942028672204
81	kf	10	0.8200514505131538
82	kd	0	
82	kd	1	
82	kd	2	
82	kd	3	
82	kd	4	
82	kf	0	0.9791265069379373
82	kf	1	0.012651556704100153
82	kf	2	0.27107256710230715
82	kf	3	0.7325523000124694
82	kf	4	1.0
83	kd	0	
83	kd	1	
83	kd	2	
83	kd	3	
83	kd	4	
83	kd	5	
83	kf	0	0.4036255484931587
83	kf	1	0.7770527985093224
83	kf	2	0.9494637317405326
83	kf	3	1.0
83	kf	4	0.7331320728841239
83	kf	5	0.44640891180049325
84	kd	0	
84	kd	1	
84	kd	2	
84	kd	3	
84	kf	0	0.506955805030057
84	kf	1	0.31418710637574687
84	kf	2	1.0
84	kf	3	0.4771607633091479
85	kd	0	
85	kd	1	
85	kd	2	
85	kd	3	
85	kd	4	
85	kd	5	
85	kf	0	0.819959798511045
85	kf	1	0.7288260180089006
85	kf	2	0.757505994883694
85	kf	3	0.9945995450683363
85	kf	4	0.13302796572577902
85	kf	5	1.0
86	kd	0	
86	kd	1	
86	kd	2	
86	kd	3	
86	kd	4	
86	kd	5	
86	kd	6	
86	kf	0	0.35567464325181686
86	kf	1	0.6036940888521108
86	kf	2	0.7545639092890429
86	kf	3	1.0
86	kf	4	0.836786841042203
86	kf	5	0.2663663277978794
86	kf	6	0.5490164829154822
87	kd	0	
87	kd	1	
87	kd	2	
87	kd	3	
87	kd	4	
87	kd	5	
87	kf	0	0.601608010770783
87	kf	1	1.0
87	kf	2	0.06200208929918828
87	kf	3	0.44418307210815733
87	kf	4	0.5105713996803283
87	kf	5	0.04596917424676609
88	kd	0	
88	kd	1	
88	kd	2	
88	kd	3	
88	kd	4	
88	kd	5	
88	kd	6	
88	kd	7	
88	kd	8	
88	kd	9	
88	kd	10	
88	kf	0	0.04054558430139067
88	kf	1	0.644506587971019
88	kf	2	0.04611669181860156
88	kf	3	0.9120208880044313
88	kf	4	0.8414437235977342
88	kf	5	0.6707798493964459
88	kf	6	0.079816635379603
88	kf	7	1.0
88	kf	8	0.10673930005220202
88	kf	9	0.2842140053266284
88	kf	10	0.19278063958286726
89	kd	0	
89	kd	1	
89	kd	2	
89	kd	3	
89	kf	0	0.44794651250514583
89	kf	1	1.0
89	kf	2	0.7542630751307701
89	kf	3	0.39963371237613615
90	kd	0	
90	kd	1	
90	kd	2	
90	kd	3	
90	kd	4	
90	kd	5	
90	kd	6	
90	kf	0	0.657148433325778
90	kf	1	0.0401141979299779
90	kf	2	0.6555086662934954
90	kf	3	1.0
90	kf	4	0.45050052386584655
90	kf	5	0.8065274397049861
90	kf	6	0.4160495903526516
91	kd	0	
91	kd	1	
91	kd	2	
91	kd	3	
91	kd	4	
91	kd	5	
91	kd	6	
91	kf	0	0.5785274335547913
91	kf	1	0.2167992130654143
91	kf	2	0.16163724807860078
91	kf	3	1.0
91	kf	4	0.6315124846803067
91	kf	5	0.7747403893992701
91	kf	6	0.3438712059384208
92	kd	0	
92	kd	1	
92	kd	2	
92	kd	3	
92	kd	4	
92	kf	0	1.0
92	kf	1	0.60323114075264
92	kf	2	0.3114950874729023
92	kf	3	0.2551915752681826
92	kf	4	0.3956462426912626
93	kd	0	
93	kd	1	
93	kd	2	
93	kd	3	
93	kd	4	
93	kd	5	
93	kd	6	
93	kd	7	
93	kd	8	
93	kf	0	0.2395376841733969
93	kf	1	0.9295151172952181
93	kf	2	1.0
93	kf	3	0.8484951363616164
93	kf	4	0.2991296674299614
93	kf	5	0.7804453936558117
93	kf	6	0.5530026645540719
93	kf	7	0.4757348446912551
93	kf	8	0.5912801761254644
94	kd	0	
94	kd	1	
94	kd	2	
94	kd	3	
94	kd	4	
94	kd	5	
94	kd	6	
94	kd	7	
94	kd	8	
94	kf	0	0.5817838584578476
94	kf	1	0.22401418262149925
94	kf	2	0.4338114840826959
94	kf	3	0.04386090354398795
94	kf	4	0.7166241562157483
94	kf	5	0.22099768778069567
94	kf	6	1.0
94	kf	7	0.8919006982505351
94	kf	8	0.8725971064063582
95	kd	0	
95	kd	1	
95	kd	2	
95	kd	3	
95	kd	4	
95	kf	0	1.0
95	kf	1	0.8066171992849961
95	kf	2	0.03888121393336749
95	kf	3	0.22381125635299987
95	kf	4	0.6243434770136902
96	kd	0	
96	kd	1	
96	kd	2	
96	kd	3	
96	kd	4	
96	kd	5	
96	kd	6	
96	kd	7	
96	kd	8	
96	kd	9	
96	kd	10	
96	kd	11	
96	kf	0	0.12241989179828841
96	kf	1	0.21752417923629502
96	kf	2	0.5345894152615493
96	kf	3	0.31605500379401746
96	kf	4	0.2412806605205701
96	kf	5	0.7768222286018737
96	kf	6	1.0
96	kf	7	0.7023043888948403
96	kf	8	0.13379347466081545
96	kf	9	0.5724078430039025
96	kf	10	0.13909014568159186
96	kf	11	0.004215095767295611
97	kd	0	
97	kd	1	
97	kd	2	
97	kd	3	
97	kd	4	
97	kd	5	
97	kd	6	
97	kd	7	
97	kd	8	
97	kd	9	
97	kf	0	0.8335579048965266
97	kf	1	0.4150819011630265
97	kf	2	0.9121159840951072
97	kf	3	0.05046269494076586
97	kf	4	0.6177206182137662
97	kf	5	0.2348584351936102
97	kf	6	1.0
97	kf	7	0.8425383802446726
97	kf	8	0.716968455083221
97	kf	9	0.8467214882695818
98	kd	0	
98	kd	1	
98	kd	2	
98	kd	3	
98	kd	4	
98	kd	5	
98	kd	6	
98	kd	7	
98	kd	8	
98	kd	9	
98	kd	10	
98	kd	11	
98	kf	0	1.0
98	kf	1	0.48305838288198716
98	kf	2	0.8581745301717235
98	kf	3	0.7023417268856196
98	kf	4	0.9725381109384792
98	kf	5	0.7345027974821532
98	kf	6	0.4331145625204323
98	kf	7	0.4608845242403105
98	kf	8	0.5235991677478095
98	kf	9	0.9754455455087089
98	kf	10	0.17885563710902755
98	kf	11	0.7517478310313115
99	kd	0	
99	kd	1	
99	kd	2	
99	kd	3	
99	kd	4	
99	kd	5	
99	kd	6	
99	kd	7	
99	kd	8	
99	kd	9	
99	kf	0	0.3820768382864029
99	kf	1	0.4746235117240441
99	kf	2	0.14306086069054177
99	kf	3	0.85259656571074
99	kf	4	0.7810616755953322
99	kf	5	0.6619638251436769
99	kf	6	0.9604341900907113
99	kf	7	0.015843020647967894
99	kf	8	0.9811947701166501
99	kf	9	1.0
100	kd	0	
100	kd	1	
100	kd	2	
100	kd	3	
100	kd	4	
100	kd	5	
100	kd	6	
100	kf	0	0.4164339425587833
100	kf	1	0.09944274662642932
100	kf	2	0.526934370005327
100	kf	3	0.9138221657303692
100	kf	4	0.7181217055908213
100	kf	5	0.32656924264980436
100	kf	6	1.0
101	kd	0	
101	kd	1	
101	kd	2	
101	kd	3	
101	kd	4	
101	kd	5	
101	kd	6	
101	kd	7	
101	kd	8	
101	kf	0	0.8312983366413934
101	kf	1	1.0
101	kf	2	0.7190352330745431
101	kf	3	0.12413972572578925
101	kf	4	0.5320164502163716
101	kf	5	0.10671285851313869
101	kf	6	0.6475033596208133
101	kf	7	0.9920890969192248
101	kf	8	0.8853723690177162
102	kd	0	
102	kd	1	
102	kd	2	
102	kd	3	
102	kd	4	
102	kd	5	
102	kd	6	
102	kf	0	0.8718376727215776
102	kf	1	0.24400724372741955
102	kf	2	0.9829333365051078
102	kf	3	1.0
102	kf	4	0.7696335836166195
102	kf	5	0.6763127911594703
102	kf	6	0.01071190672812823
103	kd	0	
103	kd	1	
103	kd	2	
103	kd	3	
103	kd	4	
103	kd	5	
103	kd	6	
103	kd	7	
103	kd	8	
103	kd	9	
103	kd	10	
103	kf	0	0.9675021381319303
103	kf	1	0.5996350554967053
103	kf	2	0.1128480614268475
103	kf	3	0.23124075245934528
103	kf	4	0.3512196381598374
103	kf	5	0.27202712592259787
103	kf	6	0.4239597282834585
103	kf	7	0.8368349158132332
103	kf	8	0.21995067918106043
103	kf	9	1.0
103	kf	10	0.907431378493013
104	kd	0	
104	kd	1	
104	kd	2	
104	kd	3	
104	kd	4	
104	kd	5	
104	kd	6	
104	kf	0	0.3161651692007191
104	kf	1	0.35043022883309294
104	kf	2	0.13718321699777206
104	kf	3	0.528165450045094
104	kf	4	0.5308797330433814
104	kf	5	1.0
104	kf	6	0.7839622555103404
105	kd	0	
105	kd	1	
105	kd	2	
105	kf	0	1.0
105	kf	1	0.9379336559594031
105	kf	2	0.5052176991715339
106	kd	0	
106	kd	1	
106	kd	2	
106	kd	3	
106	kf	0	1.0
106	kf	1	0.8577332804486462
106	kf	2	0.010348344584504395
106	kf	3	0.963218112569716
107	kd	0	
107	kd	1	
107	kd	2	
107	kd	3	
107	kd	4	
107	kd	5	
107	kd	6	
107	kd	7	
107	kf	0	0.967105005248957
107	kf	1	0.13830613113473877
107	kf	2	0.6114081823390358
107	kf	3	1.0
107	kf	4	0.8764185493074514
107	kf	5	0.588765502381597
107	kf	6	0.12063133652418516
107	kf	7	0.9925725756969136
108	kd	0	
108	kd	1	
108	kd	2	
108	kd	3	
108	kd	4	
108	kd	5	
108	kd	6	
108	kd	7	
108	kd	8	
108	kf	0	0.15675531427217063
108	kf	1	0.08053970477570103
108	kf	2	0.0455672188161543
108	kf	3	0.7245469334066171
108	kf	4	0.646946217470703
108	kf	5	0.24275799997410968
108	kf	6	1.0
108	kf	7	0.20987479685371102
108	kf	8	0.24279085771237582
109	kd	0	
109	kd	1	
109	kd	2	
109	kd	3	
109	kd	4	
109	kd	5	
109	kd	6	
109	kd	7	
109	kd	8	
109	kd	9	
109	kd	10	
109	kf	0	0.7131810525344682
109	kf	1	0.12854477837944855
109	kf	2	0.5978199716564728
109	kf	3	0.7794063005433742
109	kf	4	0.48808535429833555
109	kf	5	0.8030622256774447
109	kf	6	0.8740639468383724
109	kf	7	0.7879252624627959
109	kf	8	0.9388223017609924
109	kf	9	0.3642376841058506
109	kf	10	1.0
110	kd	0	
110	kd	1	
110	kd	2	
110	kd	3	
110	kd	4	
110	kd	5	
110	kd	6	
110	kd	7	
110	kd	8	
110	kf	0	0.7509883582203776
110	kf	1	0.9273431531127245
110	kf	2	0.5908314808154281
110	kf	3	0.6530154247035554
110	kf	4	0.5908021829502881
110	kf	5	0.5570945349811236
110	kf	6	0.8235344196479635
110	kf	7	1.0
110	kf	8	0.5438347477651716
111	kd	0	
111	kd	1	
111	kd	2	
111	kd	3	
111	kf	0	0.08795433155410788
111	kf	1	1.0
111	kf	2	0.9975113854010896
111	kf	3	0.38780098097796006
112	kd	0	
112	kd	1	
112	kd	2	
112	kd	3	
112	kd	4	
112	kd	5	
112	kd	6	
112	kd	7	
112	kd	8	
112	kf	0	0.2327959426578192
112	kf	1	0.5575070701442166
112	kf	2	0.691220617413749
112	kf	3	0.9521416411277481
112	kf	4	0.8359197693948914
112	kf	5	1.0
112	kf	6	0.4574559741057699
112	kf	7	0.8615200631987691
112	kf	8	0.08691004519544902
113	kd	0	
113	kd	1	
113	kd	2	
113	kd	3	
113	kd	4	
113	kd	5	
113	kd	6	
113	kd	7	
113	kf	0	0.8006808128562465
113	kf	1	1.0
113	kf	2	0.6126158732072021
113	kf	3	0.01921054693680444
113	kf	4	0.2763316654851803
113	kf	5	0.33948610605934004
113	kf	6	0.7513407439339551
113	kf	7	0.1648566436982557
114	kd	0	
114	kd	1	
114	kd	2	
114	kd	3	
114	kd	4	
114	kd	5	
114	kd	6	
114	kf	0	0.4896502005222533
114	kf	1	1.0
114	kf	2	0.4219521529828605
114	kf	3	0.6245454172198832
114	kf	4	0.8638193438292412
114	kf	5	0.8526555804944641
114	kf	6	0.7355760232766302
115	kd	0	
115	kd	1	
115	kd	2	
115	kd	3	
115	kd	4	
115	kd	5	
115	kd	6	
115	kd	7	
115	kd	8	
115	kf	0	0.8919211362732733
115	kf	1	0.6344535317781786
115	kf	2	0.39439199142103293
115	kf	3	0.19830407438242717
115	kf	4	1.0
115	kf	5	0.01776337208574492
115	kf	6	0.4594127160772494
115	kf	7	0.6302854110334343
115	kf	8	0.8706147805326409
116	kd	0	
116	kd	1	
116	kd	2	
116	kd	3	
116	kf	0	0.12320677816501482
116	kf	1	1.0
116	kf	2	0.26358239841943104
116	kf	3	0.5159711684601229
117	kd	0	
117	kd	1	
117	kd	2	
117	kd	3	
117	kd	4	
117	kd	5	
117	kd	6	
117	kd	7	
117	kd	8	
117	kd	9	
117	kd	10	
117	kf	0	0.5127248233111422
117	kf	1	0.23537520967902387
117	kf	2	0.8358878607437539
117	kf	3	0.9540990069414212
117	kf	4	0.6275077490843745
117	kf	5	0.6253658095205404
117	kf	6	0.34141743886560255
117	kf	7	1.0
117	kf	8	0.5529339651171773
117	kf	9	0.3409612268365199
117	kf	10	0.07663702052052772
118	kd	0	
118	kd	1	
118	kd	2	
118	kd	3	
118	kd	4	
118	kd	5	
118	kf	0	0.9202660927607226
118	kf	1	1.0
118	kf	2	0.9854406250368626
118	kf	3	0.5293658148612248
118	kf	4	0.13343643770794938
118	kf	5	0.3896666086409126
119	kd	0	
119	kd	1	
119	kd	2	
119	kd	3	
119	kf	0	0.343032388412445
119	kf	1	0.3689246674329391
119	kf	2	0.21394552093028044
119	kf	3	1.0
120	kd	0	
120	kd	1	
120	kd	2	
120	kd	3	
120	kd	4	
120	kd	5	
120	kd	6	
120	kd	7	
120	kd	8	
120	kf	0	0.5774181940632354
120	kf	1	0.632865821582186
120	kf	2	0.8058249081553402
120	kf	3	0.14795994477677601
120	kf	4	0.6770855543558582
120	kf	5	1.0
120	kf	6	0.405210865220233
120	kf	7	0.6348166828976183
120	kf	8	0.35310696983137385
121	kd	0	
121	kd	1	
121	kd	2	
121	kd	3	
121	kd	4	
121	kd	5	
121	kd	6	
121	kd	7	
121	kd	8	
121	kd	9	
121	kd	10	
121	kd	11	
121	kf	0	1.0
121	kf	1	0.2511769084485967
121	kf	2	0.7399071528422223
121	kf	3	0.901694528292682
121	kf	4	0.876216529226177
121	kf	5	0.7535046435756768
121	kf	6	0.7383333834262362
121	kf	7	0.29540447464899827
121	kf	8	0.3538250014794687
121	kf	9	0.6734966806425048
121	kf	10	0.819082134036962
121	kf	11	0.7723381449780108
122	kd	0	
122	kd	1	
122	kd	2	
122	kd	3	
122	kd	4	
122	kd	5	
122	kf	0	0.4770823972205441
122	kf	1	0.3561967943539397
122	kf	2	0.960763684955034
122	kf	3	0.4255928514381196
122	kf	4	0.3895351467551565
122	kf	5	1.0
123	kd	0	
123	kd	1	
123	kd	2	
123	kd	3	
123	kd	4	
123	kd	5	
123	kd	6	
123	kf	0	0.4470725415425267
123	kf	1	0.7086251514960211
123	kf	2	0.9946111323624749
123	kf	3	0.3538609037962304
123	kf	4	0.7746187377062212
123	kf	5	1.0
123	kf	6	0.8889234394207767
124	kd	0	
124	kd	1	
124	kd	2	
124	kd	3	
124	kd	4	
124	kf	0	1.0
124	kf	1	0.5665861366201661
124	kf	2	0.12072907867312982
124	kf	3	0.9374282803856914
124	kf	4	0.8142021599085081
125	kd	0	
125	kd	1	
125	kd	2	
125	kd	3	
125	kd	4	
125	kd	5	
125	kd	6	
125	kd	7	
125	kd	8	
125	kd	9	
125	kf	0	1.0
125	kf	1	0.8463215146492621
125	kf	2	0.7434678541580999
125	kf	3	0.3970854031467635
125	kf	4	0.7862326407013095
125	kf	5	0.9875565028424172
125	kf	6	0.9203404696216237
125	kf	7	0.7469648851436721
125	kf	8	0.037506904679133465
125	kf	9	0.8020751830433657
126	kd	0	
126	kd	1	
126	kd	2	
126	kd	3	
126	kd	4	
126	kd	5	
126	kd	6	
126	kd	7	
126	kd	8	
126	kf	0	0.5538621027220281
126	kf	1	1.0
126	kf	2	0.8922554297824389
126	kf	3	0.14705409136846032
126	kf	4	0.028591091946387773
126	kf	5	0.4867610375835528
126	kf	6	0.6406592062249756
126	kf	7	0.5028263173407002
126	kf	8	0.03759098754690314
127	kd	0	
127	kd	1	
127	kd	2	
127	kd	3	
127	kd	4	
127	kd	5	
127	kd	6	
127	kd	7	
127	kd	8	
127	kd	9	
127	kd	10	
127	kf	0	0.10001718277961674
127	kf	1	0.22217916004035396
127	kf	2	0.1426905081326071
127	kf	3	0.2461042550535937
127	kf	4	0.37237694865745896
127	kf	5	0.8907647232084058
127	kf	6	1.0
127	kf	7	0.6355588326488463
127	kf	8	0.7657048687459896
127	kf	9	0.9047027879573308
127	kf	10	0.8688546935705685
128	kd	0	
128	kd	1	
128	kd	2	
128	kd	3	
128	kd	4	
128	kf	0	0.8838954228096303
128	kf	1	0.26540722701666325
128	kf	2	0.5594052296898238
128	kf	3	1.0
128	kf	4	0.9684409506976996
129	kd	0	
129	kd	1	
129	kd	2	
129	kf	0	0.5174069289507262
129	kf	1	1.0
129	kf	2	0.1953987750396612
130	kd	0	
130	kd	1	
130	kd	2	
130	kf	0	1.0
130	kf	1	0.7283096106169017
130	kf	2	0.8946306250940004
131	kd	0	
131	kd	1	
131	kd	2	
131	kd	3	
131	kf	0	0.42966947974890907
131	kf	1	1.0
131	kf	2	0.4561298922096903
131	kf	3	0.014129825556144953
132	kd	0	
132	kd	1	
132	kd	2	
132	kd	3	
132	kd	4	
132	kd	5	
132	kf	0	0.5928516835536634
132	kf	1	0.9579993020562098
132	kf	2	0.7705864195202725
132	kf	3	0.8825887447156129
132	kf	4	1.0
132	kf	5	0.5119055584657979
133	kd	0	
133	kd	1	
133	kd	2	
133	kd	3	
133	kd	4	
133	kd	5	
133	kd	6	
133	kd	7	
133	kf	0	0.1235471322187868
133	kf	1	0.6167554261215344
133	kf	2	0.6072950589497483
133	kf	3	0.8445042187624928
133	kf	4	1.0
133	kf	5	0.5984680820602338
133	kf	6	0.8558815724875493
133	kf	7	0.6197916181974086
134	kd	0	
134	kd	1	
134	kd	2	
134	kd	3	
134	kf	0	0.03015109811501579
134	kf	1	0.24882877291208635
134	kf	2	1.0
134	kf	3	0.573765631774672
135	kd	0	
135	kd	1	
135	kd	2	
135	kd	3	
135	kd	4	
135	kd	5	
135	kd	6	
135	kd	7	
135	kd	8	
135	kd	9	
135	kf	0	0.3332586248098467
135	kf	1	0.7019507996432135
135	kf	2	0.5734207939280592
135	kf	3	1.0
135	kf	4	0.3530219783407018
135	kf	5	0.09810518399655187
135	kf	6	0.703809240711774
135	kf	7	0.482923430779793
135	kf	8	0.6526708360181226
135	kf	9	0.6502270006395728
136	kd	0	
136	kd	1	
136	kd	2	
136	kd	3	
136	kd	4	
136	kd	5	
136	kd	6	
136	kf	0	0.018493176190569522
136	kf	1	0.1674102242869598
136	kf	2	0.5455050721535071
136	kf	3	0.13694477626232493
136	kf	4	0.19565353377896838
136	kf	5	1.0
136	kf	6	0.3561884395760285
137	kd	0	
137	kd	1	
137	kd	2	
137	kd	3	
137	kd	4	
137	kd	5	
137	kd	6	
137	kd	7	
137	kd	8	
137	kd	9	
137	kd	10	
137	kd	11	
137	kf	0	0.7311705449722679
137	kf	1	1.0
137	kf	2	0.9038149776046862
137	kf	3	0.5278530045702038
137	kf	4	0.538097271164104
137	kf	5	0.23217611070930583
137	kf	6	0.2224538784196642
137	kf	7	0.8131669985774854
137	kf	8	0.37886175834216285
137	kf	9	0.7430522370933584
137	kf	10	0.9633670408451513
137	kf	11	0.7596536589555449
138	kd	0	
138	kd	1	
138	kd	2	
138	kd	3	
138	kd	4	
138	kd	5	
138	kf	0	0.35523144935141676
138	kf	1	0.18137298890244233
138	kf	2	0.01586213510467629
138	kf	3	0.9919037559527976
138	kf	4	0.14413914797110877
138	kf	5	1.0
139	kd	0	
139	kd	1	
139	kd	2	
139	kd	3	
139	kd	4	
139	kf	0	0.2689467627392077
139	kf	1	0.677211068742603
139	kf	2	0.06744679767181434
139	kf	3	1.0
139	kf	4	0.7314102245411717
140	kd	0	
140	kd	1	
140	kd	2	
140	kd	3	
140	kd	4	
140	kd	5	
140	kd	6	
140	kd	7	
140	kd	8	
140	kd	9	
140	kd	10	
140	kd	11	
140	kf	0	0.7055261790665176
140	kf	1	0.8534808014844053
140	kf	2	0.928711226415853
140	kf	3	0.015255340572980593
140	kf	4	0.339863214693775
140	kf	5	0.722420683058642
140	kf	6	0.7710065979584737
140	kf	7	0.3397740385399016
140	kf	8	0.06652609390470789
140	kf	9	0.7609675973917415
140	kf	10	0.17221046508083482
140	kf	11	1.0
141	kd	0	
141	kd	1	
141	kd	2	
141	kd	3	
141	kd	4	
141	kf	0	0.7527663247047872
141	kf	1	0.9710569476401574
141	kf	2	1.0
141	kf	3	0.9949502693804174
141	kf	4	0.19031964655314232
142	kd	0	
142	kd	1	
142	kd	2	
142	kd	3	
142	kd	4	
142	kd	5	
142	kd	6	
142	kd	7	
142	kd	8	
142	kf	0	0.8842765450868405
142	kf	1	1.0
142	kf	2	0.2941387379977988
142	kf	3	0.6881233146228328
142	kf	4	0.6861688585091428
142	kf	5	0.20074076923872455
142	kf	6	0.9653485189691603
142	kf	7	0.4898187204791426
142	kf	8	0.8489031976971263
143	kd	0	
143	kd	1	
143	kd	2	
143	kd	3	
143	kd	4	
143	kd	5	
143	kd	6	
143	kd	7	
143	kd	8	
143	kd	9	
143	kd	10	
143	kf	0	0.22495024626198382
143	kf	1	0.5028363167129559
143	kf	2	0.1981995920009393
143	kf	3	0.8444024931002184
143	kf	4	1.0
143	kf	5	0.5798432905885754
143	kf	6	0.5053530323852601
143	kf	7	0.13232876989569886
143	kf	8	0.5202681980461268
143	kf	9	0.2818406154782141
143	kf	10	0.6066888657501985
144	kd	0	
144	kd	1	
144	kd	2	
144	kd	3	
144	kf	0	0.06372926501132666
144	kf	1	1.0
144	kf	2	0.8281372602347947
144	kf	3	0.9575581949423518
145	kd	0	
145	kd	1	
145	kd	2	
145	kd	3	
145	kd	4	
145	kd	5	
145	kd	6	
145	kd	7	
145	kd	8	
145	kd	9	
145	kf	0	0.7174360419512814
145	kf	1	0.7374058532735971
145	kf	2	0.8757798903201935
145	kf	3	1.0
145	kf	4	0.8195185102151419
145	kf	5	0.09031903183090002
145	kf	6	0.10535121740627791
145	kf	7	0.4421389540956452
145	kf	8	0.4658969498574788
145	kf	9	0.6695305529019776
146	kd	0	
146	kd	1	
146	kd	2	
146	kd	3	
146	kd	4	
146	kf	0	0.8791346277894593
146	kf	1	0.9815682780192241
146	kf	2	0.7233541617516374
146	kf	3	1.0
146	kf	4	0.32495327587743245
147	kd	0	
147	kd	1	
147	kd	2	
147	kd	3	
147	kd	4	
147	kd	5	
147	kd	6	
147	kd	7	
147	kd	8	
147	kd	9	
147	kf	0	0.9909810794618978
147	kf	1	0.9882770785705937
147	kf	2	1.0
147	kf	3	0.07816493747526133
147	kf	4	0.5739177980268925
147	kf	5	0.3479636725627586
147	kf	6	0.07813505735585752
147	kf	7	0.21569898536755283
147	kf	8	0.596206277274171
147	kf	9	0.14962180605078923
148	kd	0	
148	kd	1	
148	kd	2	
148	kd	3	
148	kd	4	
148	kd	5	
148	kd	6	
148	kd	7	
148	kd	8	
148	kd	9	
148	kf	0	1.0
148	kf	1	0.5707326681897278
148	kf	2	0.38060234440626006
148	kf	3	0.21972120679909898
148	kf	4	0.41664188562049237
148	kf	5	0.5339121057983865
148	kf	6	0.40929661235072773
148	kf	7	0.39208408983082993
148	kf	8	0.9057942730166324
148	kf	9	0.17008308686203422
149	kd	0	
149	kd	1	
149	kd	2	
149	kd	3	
149	kf	0	0.7034172596731554
149	kf	1	1.0
149	kf	2	0.3403643318159002
149	kf	3	0.309200960606277
150	kd	0	
150	kd	1	
150	kd	2	
150	kd	3	
150	kd	4	
150	kd	5	
150	kd	6	
150	kd	7	
150	kf	0	0.7319520174490659
150	kf	1	0.7829853671895817
150	kf	2	0.7915779659527968
150	kf	3	0.9296972697052007
150	kf	4	1.0
150	kf	5	0.4288568119598092
150	kf	6	0.15302275404348406
150	kf	7	0.5540880664565876
151	kd	0	
151	kd	1	
151	kd	2	
151	kd	3	
151	kd	4	
151	kd	5	
151	kd	6	
151	kd	7	
151	kd	8	
151	kd	9	
151	kd	10	
151	kf	0	0.8838217221647828
151	kf	1	0.42828618607950014
151	kf	2	0.475837895956516
151	kf	3	0.43021997757143865
151	kf	4	0.4847104364660371
151	kf	5	1.0
151	kf	6	0.09381366801675264
151	kf	7	0.8796563076049353
151	kf	8	0.1236284114747723
151	kf	9	0.5277596866972725
151	kf	10	0.11063203783481586
152	kd	0	
152	kd	1	
152	kd	2	
152	kd	3	
152	kf	0	0.5752223933243806
152	kf	1	1.0
152	kf	2	0.826948547856055
152	kf	3	0.8536194990531126
153	kd	0	
153	kd	1	
153	kd	2	
153	kd	3	
153	kd	4	
153	kf	0	0.1741995422784876
153	kf	1	0.4391497690932877
153	kf	2	1.0
153	kf	3	0.3537199525430459
153	kf	4	0.43681133698283936
154	kd	0	
154	kd	1	
154	kd	2	
154	kd	3	
154	kd	4	
154	kf	0	0.39578650280635574
154	kf	1	1.0
154	kf	2	0.08585791175744004
154	kf	3	0.4811973150287432
154	kf	4	0.21334539196002397
155	kd	0	
155	kd	1	
155	kd	2	
155	kd	3	
155	kd	4	
155	kd	5	
155	kf	0	0.20826471763626617
155	kf	1	0.3579309088418523
155	kf	2	0.2750583281349624
155	kf	3	0.5897037704326502
155	kf	4	0.8727242767884583
155	kf	5	1.0
156	kd	0	
156	kd	1	
156	kd	2	
156	kd	3	
156	kd	4	
156	kd	5	
156	kd	6	
156	kd	7	
156	kf	0	0.15084530626728734
156	kf	1	0.6463498064969669
156	kf	2	1.0
156	kf	3	0.7682749973476486
156	kf	4	0.6994217121751347
156	kf	5	0.6845965145731614
156	kf	6	0.5970707493167731
156	kf	7	0.7973577269663542
157	kd	0	
157	kd	1	
157	kd	2	
157	kd	3	
157	kf	0	0.9202147857570318
157	kf	1	0.8934992600850539
157	kf	2	1.0
157	kf	3	0.13793060595820492
158	kd	0	
158	kd	1	
158	kd	2	
158	kd	3	
158	kd	4	
158	kd	5	
158	kd	6	
158	kf	0	0.5775756056352
158	kf	1	0.6369888315658865
158	kf	2	0.4593298140861425
158	kf	3	1.0
158	kf	4	0.7231509903026102
158	kf	5	0.8597803095363408
158	kf	6	0.8887679281019997
159	kd	0	
159	kd	1	
159	kd	2	
159	kd	3	
159	kd	4	
159	kf	0	0.7636453241759042
159	kf	1	0.002687037429716076
159	kf	2	1.0
159	kf	3	0.04925286017783728
159	kf	4	0.8304672929394804
160	kd	0	
160	kd	1	
160	kd	2	
160	kd	3	
160	kf	0	1.0
160	kf	1	0.35903361488440544
160	kf	2	0.5259141362587644
160	kf	3	0.5740790484493392
161	kd	0	
161	kd	1	
161	kd	2	
161	kd	3	
161	kd	4	
161	kd	5	
161	kd	6	
161	kd	7	
161	kd	8	
161	kd	9	
161	kf	0	0.7544259048415741
161	kf	1	0.42462334240205374
161	kf	2	0.22372256823315875
161	kf	3	0.22780938696836386
161	kf	4	0.5418639881876811
161	kf	5	0.38670748665380794
161	kf	6	0.5583997666708127
161	kf	7	0.2759393577325599
161	kf	8	1.0
161	kf	9	0.11815437129519278
162	kd	0	
162	kd	1	
162	kd	2	
162	kd	3	
162	kd	4	
162	kd	5	
162	kd	6	
162	kf	0	0.6970929761292978
162	kf	1	0.12427969505965865
162	kf	2	1.0
162	kf	3	0.8374295148440527
162	kf	4	0.08096285721288177
162	kf	5	0.3886794476736177
162	kf	6	0.6776367791481934
163	kd	0	
163	kd	1	
163	kd	2	
163	kd	3	
163	kd	4	
163	kd	5	
163	kd	6	
163	kd	7	
163	kf	0	0.5402561505903141
163	kf	1	0.7160061118905527
163	kf	2	0.44996904251511693
163	kf	3	0.8991530452128456
163	kf	4	1.0
163	kf	5	0.14297216549164904
163	kf	6	0.8062880551013207
163	kf	7	0.525547630737093
164	kd	0	
164	kd	1	
164	kd	2	
164	kd	3	
164	kd	4	
164	kd	5	
164	kd	6	
164	kf	0	0.5199362936499311
164	kf	1	0.3931099196052774
164	kf	2	0.08422282054643922
164	kf	3	0.5765220409500578
164	kf	4	0.04371160323991644
164	kf	5	0.6111601592316862
164	kf	6	1.0
165	kd	0	
165	kd	1	
165	kd	2	
165	kd	3	
165	kd	4	
165	kd	5	
165	kd	6	
165	kd	7	
165	kd	8	
165	kd	9	
165	kd	10	
165	kf	0	0.32536978274724343
165	kf	1	0.29066802159068456
165	kf	2	0.018428622519603557
165	kf	3	1.0
165	kf	4	0.6201066924367566
165	kf	5	0.3751757299057501
165	kf	6	0.7853117185741838
165	kf	7	0.33883312052200526
165	kf	8	0.7935889305398885
165	kf	9	0.14432801596354655
165	kf	10	0.15483152869796296
166	kd	0	
166	kd	1	
166	kd	2	
166	kd	3	
166	kd	4	
166	kf	0	0.6858767568464524
166	kf	1	1.0
166	kf	2	0.9248953446725836
166	kf	3	0.32310683596317036
166	kf	4	0.7771345758107113
167	kd	0	
167	kd	1	
167	kd	2	
167	kd	3	
167	kd	4	
167	kd	5	
167	kd	6	
167	kd	7	
167	kf	0	0.8169482013279595
167	kf	1	0.5603565009695191
167	kf	2	0.8760059715709995
167	kf	3	0.843913760448433
167	kf	4	1.0
167	kf	5	0.3603684051458483
167	kf	6	0.5146997261524422
167	kf	7	0.16613248088871882
168	kd	0	
168	kd	1	
168	kd	2	
168	kd	3	
168	kd	4	
168	kd	5	
168	kf	0	0.7169402271400022
168	kf	1	0.5627386634607248
168	kf	2	1.0
168	kf	3	0.5422824237978824
168	kf	4	0.4863101213877974
168	kf	5	0.6664086754011814
169	kd	0	
169	kd	1	
169	kd	2	
169	kd	3	
169	kd	4	
169	kd	5	
169	kd	6	
169	kd	7	
169	kd	8	
169	kd	9	
169	kd	10	
169	kf	0	0.34579522246774924
169	kf	1	0.21358883744548293
169	kf	2	0.5129090953648439
169	kf	3	0.41467656621548715
169	kf	4	0.2272423985887951
169	kf	5	0.3023164986772321
169	kf	6	0.008604745323435059
169	kf	7	0.9023512137823524
169	kf	8	0.018499441389912614
169	kf	9	0.5961334181158489
169	kf	10	1.0
170	kd	0	
170	kd	1	
170	kd	2	
170	kf	0	0.3686831375631777
170	kf	1	0.08704082404730108
170	kf	2	1.0
171	kd	0	
171	kd	1	
171	kd	2	
171	kd	3	
171	kd	4	
171	kd	5	
171	kd	6	
171	kd	7	
171	kd	8	
171	kd	9	
171	kf	0	0.6237350586626619
171	kf	1	0.11759302026289863
171	kf	2	0.2556395854095871
171	kf	3	0.9946258040805439
171	kf	4	0.15294548424705523
171	kf	5	0.1860856556788811
171	kf	6	1.0
171	kf	7	0.4816177942173611
171	kf	8	0.8847795060179903
171	kf	9	0.11288027925912587
172	kd	0	
172	kd	1	
172	kd	2	
172	kd	3	
172	kd	4	
172	kd	5	
172	kd	6	
172	kd	7	
172	kd	8	
172	kd	9	
172	kd	10	
172	kd	11	
172	kf	0	0.9146125456568222
172	kf	1	0.3427932952528197
172	kf	2	0.8185153357770377
172	kf	3	0.6663461889479159
172	kf	4	0.10944904132897162
172	kf	5	0.41927437741681217
172	kf	6	0.6012495711696896
172	kf	7	0.9008047644663435
172	kf	8	1.0
172	kf	9	0.6616071144325975
172	kf	10	0.9318057518679967
172	kf	11	0.8572610479632524
173	kd	0	
173	kd	1	
173	kd	2	
173	kd	3	
173	kd	4	
173	kf	0	0.009782284586372772
173	kf	1	0.4748057559399763
173	kf	2	0.5020667893857437
173	kf	3	1.0
173	kf	4	0.488637387689723
174	kd	0	
174	kd	1	
174	kd	2	
174	kd	3	
174	kd	4	
174	kf	0	0.1540452359730365
174	kf	1	1.0
174	kf	2	0.9865249869227583
174	kf	3	0.6408874034844807
174	kf	4	0.7645288321901071
175	kd	0	
175	kd	1	
175	kd	2	
175	kd	3	
175	kd	4	
175	kd	5	
175	kd	6	
175	kd	7	
175	kd	8	
175	kd	9	
175	kd	10	
175	kf	0	0.00694543645666656
175	kf	1	1.0
175	kf	2	0.8584787250396441
175	kf	3	0.25030742894220426
175	kf	4	0.10645061679822908
175	kf	5	0.8872623280389222
175	kf	6	0.7556547282903231
175	kf	7	0.45273117922095873
175	kf	8	0.6717933574122686
175	kf	9	0.2885968141920721
175	kf	10	0.0712944324854806
176	kd	0	
176	kd	1	
176	kd	2	
176	kd	3	
176	kd	4	
176	kd	5	
176	kd	6	
176	kd	7	
176	kd	8	
176	kf	0	0.17478206265543939
176	kf	1	0.33256216200903177
176	kf	2	0.4084319874084597
176	kf	3	0.8659240943717369
176	kf	4	0.946066032057133
176	kf	5	0.11227122532990176
176	kf	6	0.8974923833057142
176	kf	7	1.0
176	kf	8	0.4429058260352724
177	kd	0	
177	kd	1	
177	kd	2	
177	kd	3	
177	kd	4	
177	kd	5	
177	kf	0	0.08940643048237426
177	kf	1	1.0
177	kf	2	0.4040986523476352
177	kf	3	0.9844582914697865
177	kf	4	0.0766899004482891
177	kf	5	0.05278500188732601
178	kd	0	
178	kd	1	
178	kd	2	
178	kd	3	
178	kd	4	
178	kd	5	
178	kd	6	
178	kd	7	
178	kf	0	0.2519057312645368
178	kf	1	0.05489085735816711
178	kf	2	0.18332151095805477
178	kf	3	0.9447406436444784
178	kf	4	1.0
178	kf	5	0.34067905125550735
178	kf	6	0.8701643485203158
178	kf	7	0.9846741760232642
179	kd	0	
179	kd	1	
179	kd	2	
179	kd	3	
179	kd	4	
179	kf	0	0.9265075243211515
179	kf	1	1.0
179	kf	2	0.8200153329366725
179	kf	3	0.33869709003146276
179	kf	4	0.33904075269677014
180	kd	0	
180	kd	1	
180	kd	2	
180	kd	3	
180	kd	4	
180	kd	5	
180	kd	6	
180	kd	7	
180	kf	0	1.0
180	kf	1	0.689742848836847
180	kf	2	0.144365840978963
180	kf	3	0.32244099492627326
180	kf	4	0.2164932647624493
180	kf	5	0.8780659254369738
180	kf	6	0.5709896254005126
180	kf	7	0.004559386454319623
181	kd	0	
181	kd	1	
181	kd	2	
181	kd	3	
181	kd	4	
181	kf	0	0.11861859297535692
181	kf	1	0.015550824741488466
181	kf	2	0.0508106222476905
181	kf	3	0.5332903539560606
181	kf	4	1.0
182	kd	0	
182	kd	1	
182	kd	2	
182	kd	3	
182	kd	4	
182	kd	5	
182	kd	6	
182	kd	7	
182	kd	8	
182	kd	9	
182	kd	10	
182	kf	0	0.930198763625609
182	kf	1	0.152749506953494
182	kf	2	0.0583778785926661
182	kf	3	0.2095377619173442
182	kf	4	0.725483300546532
182	kf	5	0.10487596207521442
182	kf	6	0.9468821902911826
182	kf	7	0.9779633814421281
182	kf	8	0.9373881866899659
182	kf	9	0.47777529659637497
182	kf	10	1.0
183	kd	0	
183	kd	1	
183	kd	2	
183	kd	3	
183	kd	4	
183	kd	5	
183	kd	6	
183	kd	7	
183	kf	0	0.7409363865031648
183	kf	1	1.0
183	kf	2	0.3576129066804894
183	kf	3	0.721921651500705
183	kf	4	0.7439415078793655
183	kf	5	0.8878251466040878
183	kf	6	0.1172790692986451
183	kf	7	0.7918973654130927
184	kd	0	
184	kd	1	
184	kd	2	
184	kd	3	
184	kd	4	
184	kf	0	1.0
184	kf	1	0.6642318124078528
184	kf	2	0.49124627878901433
184	kf	3	0.6301047049649402
184	kf	4	0.965313771968002
185	kd	0	
185	kd	1	
185	kd	2	
185	kf	0	0.0970150295705986
185	kf	1	1.0
185	kf	2	0.12073411494069616
186	kd	0	
186	kd	1	
186	kd	2	
186	kd	3	
186	kd	4	
186	kf	0	0.3078325671463307
186	kf	1	0.12970179877358187
186	kf	2	0.7594291537537841
186	kf	3	0.9181802298882155
186	kf	4	1.0
187	kd	0	
187	kd	1	
187	kd	2	
187	kd	3	
187	kd	4	
187	kd	5	
187	kd	6	
187	kd	7	
187	kf	0	0.4596696492661314
187	kf	1	0.2515216524786706
187	kf	2	0.7590497218477062
187	kf	3	0.3243542651620232
187	kf	4	0.07732136658273718
187	kf	5	0.9077048975764868
187	kf	6	0.4876196220348705
187	kf	7	1.0
188	kd	0	
188	kd	1	
188	kf	0	1.0
188	kf	1	0.47618988611824864
189	kd	0	
189	kd	1	
189	kd	2	
189	kd	3	
189	kf	0	0.279905946642495
189	kf	1	0.32283985489499106
189	kf	2	0.3946032443854542
189	kf	3	1.0
190	kd	0	
190	kd	1	
190	kd	2	
190	kd	3	
190	kd	4	
190	kd	5	
190	kd	6	
190	kd	7	
190	kd	8	
190	kd	9	
190	kd	10	
190	kf	0	0.9119516187119636
190	kf	1	0.7380196011523306
190	kf	2	0.014262105119580646
190	kf	3	0.6289234337731113
190	kf	4	0.8584544123387268
190	kf	5	0.48728080758973835
190	kf	6	0.8092620662282569
190	kf	7	0.9444736933967381
190	kf	8	0.3505637810126711
190	kf	9	0.5982032194956501
190	kf	10	1.0
191	kd	0	
191	kd	1	
191	kd	2	
191	kd	3	
191	kd	4	
191	kd	5	
191	kd	6	
191	kf	0	0.3402315568635103
191	kf	1	0.8466587100585059
191	kf	2	0.39350698765608916
191	kf	3	0.2057645619507672
191	kf	4	0.8877132029763001
191	kf	5	0.5738333753557368
191	kf	6	1.0
192	kd	0	
192	kd	1	
192	kd	2	
192	kd	3	
192	kd	4	
192	kd	5	
192	kd	6	
192	kd	7	
192	kd	8	
192	kd	9	
192	kf	0	0.9840446189609068
192	kf	1	0.7558652597171012
192	kf	2	0.7681783939143387
192	kf	3	0.974064108601313
192	kf	4	0.18054486678538925
192	kf	5	0.7694611890659036
192	kf	6	1.0
192	kf	7	0.4321506673850833
192	kf	8	0.23464098433219785
192	kf	9	0.8155557978369166
193	kd	0	
193	kd	1	
193	kd	2	
193	kd	3	
193	kd	4	
193	kd	5	
193	kd	6	
193	kd	7	
193	kd	8	
193	kf	0	1.0
193	kf	1	0.3748906320147777
193	kf	2	0.5516195399298192
193	kf	3	0.212428368076907
193	kf	4	0.44093073753393425
193	kf	5	0.4756746215613128
193	kf	6	0.5915728370309509
193	kf	7	0.5319628003461294
193	kf	8	0.8961047703096775
194	kd	0	
194	kd	1	
194	kd	2	
194	kf	0	0.5085734667799322
194	kf	1	1.0
194	kf	2	0.24797140522999284
195	kd	0	
195	kd	1	
195	kd	2	
195	kd	3	
195	kd	4	
195	kd	5	
195	kd	6	
195	kd	7	
195	kf	0	0.8993057013702764
195	kf	1	0.482620603092071
195	kf	2	1.0
195	kf	3	0.8572060403517958
195	kf	4	0.7778643467308491
195	kf	5	0.3607674426405165
195	kf	6	0.7769011390603187
195	kf	7	0.8623082497695518
196	kd	0	
196	kd	1	
196	kd	2	
196	kd	3	
196	kd	4	
196	kd	5	
196	kd	6	
196	kd	7	
196	kd	8	
196	kd	9	
196	kf	0	0.3521897058986204
196	kf	1	0.3408531938453803
196	kf	2	0.22786497632393968
196	kf	3	0.6903176220575743
196	kf	4	0.3766974496240992
196	kf	5	0.5194520987480079
196	kf	6	1.0
196	kf	7	0.4343804614320678
196	kf	8	0.26448402689690204
196	kf	9	0.4502630544627726
197	kd	0	
197	kd	1	
197	kd	2	
197	kd	3	
197	kd	4	
197	kd	5	
197	kd	6	
197	kd	7	
197	kf	0	0.06113072793624731
197	kf	1	0.6103707204971445
197	kf	2	1.0
197	kf	3	0.968571000890905
197	kf	4	0.6004948927978073
197	kf	5	0.5428450805660123
197	kf	6	0.27798731296695844
197	kf	7	0.6065876175485013
198	kd	0	
198	kd	1	
198	kd	2	
198	kd	3	
198	kf	0	0.09373379786164907
198	kf	1	0.9682691211342382
198	kf	2	0.4944361428395137
198	kf	3	1.0
199	kd	0	
199	kd	1	
199	kd	2	
199	kd	3	
199	kd	4	
199	kd	5	
199	kd	6	
199	kd	7	
199	kd	8	
199	kd	9	
199	kf	0	1.0
199	kf	1	0.9633747983526387
199	kf	2	0.22549993564956966
199	kf	3	0.08153148786191694
199	kf	4	0.9538019745627874
199	kf	5	0.31866243493432767
199	kf	6	0.7330454316192674
199	kf	7	0.5970133534846364
199	kf	8	0.4711952264930016
199	kf	9	0.989420432780872
200	kd	0	
200	kd	1	
200	kd	2	
200	kd	3	
200	kf	0	0.8284047271866548
200	kf	1	0.5922853340683591
200	kf	2	0.7542658106128032
200	kf	3	1.0
201	kd	0	
201	kd	1	
201	kd	2	
201	kf	0	1.0
201	kf	1	0.11829165250236223
201	kf	2	0.6704079873944657
202	kd	0	
202	kd	1	
202	kd	2	
202	kf	0	0.6172870846327054
202	kf	1	0.26247716704554985
202	kf	2	1.0
203	kd	0	
203	kd	1	
203	kd	2	
203	kd	3	
203	kd	4	
203	kd	5	
203	kf	0	0.1722360456700044
203	kf	1	0.9917121605475512
203	kf	2	0.49808251769794515
203	kf	3	1.0
203	kf	4	0.48766972349339666
203	kf	5	0.38152503323115533
204	kd	0	
204	kd	1	
204	kd	2	
204	kd	3	
204	kd	4	
204	kf	0	0.3930348177204565
204	kf	1	0.7350961912641292
204	kf	2	0.8665923249037455
204	kf	3	1.0
204	kf	4	0.2533961735442893
205	kd	0	
205	kd	1	
205	kd	2	
205	kd	3	
205	kf	0	0.4781072125568115
205	kf	1	0.35418284963880453
205	kf	2	0.8697393578618864
205	kf	3	1.0
206	kd	0	
206	kd	1	
206	kd	2	
206	kd	3	
206	kd	4	
206	kf	0	0.08807273827016404
206	kf	1	0.7597274172802582
206	kf	2	0.05349900730738826
206	kf	3	1.0
206	kf	4	0.8073506987001432
207	kd	0	
207	kd	1	
207	kd	2	
207	kd	3	
207	kf	0	0.6746331300584828
207	kf	1	0.02593903292196849
207	kf	2	1.0
207	kf	3	0.7824471593325544
208	kd	0	
208	kd	1	
208	kd	2	
208	kd	3	
208	kd	4	
208	kd	5	
208	kd	6	
208	kd	7	
208	kd	8	
208	kd	9	
208	kf	0	0.6336260342141607
208	kf	1	0.873912930035202
208	kf	2	0.049110828594760805
208	kf	3	0.24870358794153605
208	kf	4	1.0
208	kf	5	0.20097976966720504
208	kf	6	0.7100269911555818
208	kf	7	0.6815416765424197
208	kf	8	0.18658111005016614
208	kf	9	0.6807423004508241
209	kd	0	
209	kd	1	
209	kd	2	
209	kf	0	0.6515974741889227
209	kf	1	1.0
209	kf	2	0.9954416835363232
210	kd	0	
210	kd	1	
210	kd	2	
210	kd	3	
210	kd	4	
210	kd	5	
210	kd	6	
210	kd	7	
210	kf	0	0.030656505341302518
210	kf	1	1.0
210	kf	2	0.250202161212645
210	kf	3	0.6671613116460652
210	kf	4	0.3921001044597129
210	kf	5	0.26181636327012514
210	kf	6	0.614999696343932
210	kf	7	0.7162450030972147
211	kd	0	
211	kd	1	
211	kd	2	
211	kd	3	
211	kd	4	
211	kd	5	
211	kd	6	
211	kd	7	
211	kf	0	0.40819538796643656
211	kf	1	0.5171209904463586
211	kf	2	0.297154290513066
211	kf	3	0.5556826307472302
211	kf	4	1.0
211	kf	5	0.9059974548718288
211	kf	6	0.8892827281396779
211	kf	7	0.8838349508843751
212	kd	0	
212	kd	1	
212	kd	2	
212	kd	3	
212	kd	4	
212	kd	5	
212	kd	6	
212	kd	7	
212	kd	8	
212	kd	9	
212	kf	0	1.0
212	kf	1	0.7375960152597999
212	kf	2	0.29557309776705115
212	kf	3	0.3271262438906372
212	kf	4	0.4002137862445302
212	kf	5	0.8049429414510257
212	kf	6	0.5461359575710362
212	kf	7	0.19801017890891495
212	kf	8	0.9000845403548411
212	kf	9	0.10203837768157575
213	kd	0	
213	kd	1	
213	kd	2	
213	kd	3	
213	kf	0	0.4480693986608247
213	kf	1	1.0
213	kf	2	0.5494576145976515
213	kf	3	0.1537930923536476
214	kd	0	
214	kd	1	
214	kd	2	
214	kf	0	1.0
214	kf	1	0.5092766150384948
214	kf	2	0.6550459209476477
215	kd	0	
215	kd	1	
215	kd	2	
215	kd	3	
215	kd	4	
215	kd	5	
215	kd	6	
215	kd	7	
215	kf	0	1.0
215	kf	1	0.2595651131596011
215	kf	2	0.6636502408745512
215	kf	3	0.8940055018639925
215	kf	4	0.5403388451941014
215	kf	5	0.4083494365466867
215	kf	6	0.600613833962564
215	kf	7	0.12735499043933765
216	kd	0	
216	kd	1	
216	kd	2	
216	kd	3	
216	kd	4	
216	kd	5	
216	kd	6	
216	kd	7	
216	kf	0	0.4979665866095912
216	kf	1	0.45114683758531743
216	kf	2	0.7112614489693073
216	kf	3	0.06646286276502467
216	kf	4	0.5214048098693291
216	kf	5	1.0
216	kf	6	0.33721247644184116
216	kf	7	0.475175907542849
217	kd	0	
217	kd	1	
217	kd	2	
217	kd	3	
217	kd	4	
217	kd	5	
217	kd	6	
217	kd	7	
217	kd	8	
217	kf	0	0.9750664416890433
217	kf	1	0.3795488670476061
217	kf	2	0.1698685467696815
217	kf	3	1.0
217	kf	4	0.9580083553189821
217	kf	5	0.19966264493994182
217	kf	6	0.804937699639941
217	kf	7	0.7462625136406675
217	kf	8	0.5601451039861303
218	kd	0	
218	kd	1	
218	kd	2	
218	kd	3	
218	kf	0	0.9163961538783947
218	kf	1	1.0
218	kf	2	0.46885839825270276
218	kf	3	0.6399758165575038
219	kd	0	
219	kd	1	
219	kf	0	1.0
219	kf	1	0.5300822962931928
220	kd	0	
220	kd	1	
220	kd	2	
220	kd	3	
220	kd	4	
220	kd	5	
220	kd	6	
220	kd	7	
220	kf	0	0.5104038083100428
220	kf	1	0.8625784143813683
220	kf	2	0.8324785028621643
220	kf	3	1.0
220	kf	4	0.4666001713538461
220	kf	5	0.5066729812359261
220	kf	6	0.19597183720197292
220	kf	7	0.20810999201394018
221	kd	0	
221	kd	1	
221	kd	2	
221	kd	3	
221	kd	4	
221	kd	5	
221	kf	0	0.22236258633828831
221	kf	1	0.7260097137930526
221	kf	2	0.8444945788671973
221	kf	3	0.21244333721612413
221	kf	4	0.049772404183455916
221	kf	5	1.0
222	kd	0	
222	kd	1	
222	kd	2	
222	kf	0	0.9342878042197995
222	kf	1	1.0
222	kf	2	0.01015095638052929
223	kd	0	
223	kd	1	
223	kd	2	
223	kd	3	
223	kd	4	
223	kd	5	
223	kf	0	0.17353797714231067
223	kf	1	0.5658423462486599
223	kf	2	0.23172905321786808
223	kf	3	0.2964718093039319
223	kf	4	1.0
223	kf	5	0.5391567191225016
224	kd	0	
224	kd	1	
224	kd	2	
224	kd	3	
224	kd	4	
224	kf	0	0.8427702415934325
224	kf	1	0.887068224300134
224	kf	2	1.0
224	kf	3	0.17450789914707482
224	kf	4	0.25114846871819513
225	kd	0	
225	kd	1	
225	kd	2	
225	kd	3	
225	kd	4	
225	kd	5	
225	kf	0	0.11092653273437345
225	kf	1	0.5523011561982153
225	kf	2	0.25048324821668727
225	kf	3	0.8363020754554562
225	kf	4	1.0
225	kf	5	0.7895832266921502
226	kd	0	
226	kd	1	
226	kd	2	
226	kd	3	
226	kd	4	
226	kd	5	
226	kd	6	
226	kf	0	1.0
226	kf	1	0.3024566224961125
226	kf	2	0.6113289684166396
226	kf	3	0.16730589755514463
226	kf	4	0.33338082135002595
226	kf	5	0.9465939040637181
226	kf	6	0.8887663728414259
227	kd	0	
227	kd	1	
227	kd	2	
227	kd	3	
227	kd	4	
227	kf	0	0.728638026383372
227	kf	1	0.49777801462092247
227	kf	2	0.7664867626236835
227	kf	3	0.6099882223551484
227	kf	4	1.0
228	kd	0	
228	kd	1	
228	kd	2	
228	kd	3	
228	kd	4	
228	kd	5	
228	kd	6	
228	kd	7	
228	kd	8	
228	kd	9	
228	kd	10	
228	kf	0	0.12779292771223216
228	kf	1	0.9272491327301225
228	kf	2	0.778216228061391
228	kf	3	0.05200656892529894
228	kf	4	0.886963943230822
228	kf	5	0.6304184456549099
228	kf	6	0.4994456409554066
228	kf	7	1.0
228	kf	8	0.3687833169416608
228	kf	9	0.614178176238837
228	kf	10	0.7244382240436736
229	kd	0	
229	kd	1	
229	kd	2	
229	kd	3	
229	kd	4	
229	kf	0	0.7953904068769159
229	kf	1	1.0
229	kf	2	0.5439439439827124
229	kf	3	0.467278327924429
229	kf	4	0.005420500231457996
230	kd	0	
230	kd	1	
230	kd	2	
230	kd	3	
230	kd	4	
230	kd	5	
230	kd	6	
230	kd	7	
230	kf	0	0.05235765994461436
230	kf	1	0.3918247594219966
230	kf	2	0.04350585656137445
230	kf	3	1.0
230	kf	4	0.6917260444086089
230	kf	5	0.8088023046958831
230	kf	6	0.42786797331663035
230	kf	7	0.6721755528677715
231	kd	0	
231	kd	1	
231	kf	0	1.0
231	kf	1	0.34529268104997773
232	kd	0	
232	kd	1	
232	kd	2	
232	kd	3	
232	kd	4	
232	kd	5	
232	kd	6	
232	kd	7	
232	kd	8	
232	kf	0	0.7291534983654662
232	kf	1	0.018942807741055525
232	kf	2	0.951052716886605
232	kf	3	0.12913693740605284
232	kf	4	0.4004081627589491
232	kf	5	0.5903639878996999
232	kf	6	1.0
232	kf	7	0.5293346774275025
232	kf	8	0.21697236028798347
233	kd	0	
233	kd	1	
233	kd	2	
233	kd	3	
233	kd	4	
233	kd	5	
233	kd	6	
233	kd	7	
233	kd	8	
233	kf	0	0.013695073904156502
233	kf	1	0.7883639650752907
233	kf	2	0.8681842287023906
233	kf	3	0.486619688475698
233	kf	4	0.17725282928137026
233	kf	5	1.0
233	kf	6	0.20178781767994836
233	kf	7	0.2592415438215913
233	kf	8	0.22602687237527644
234	kd	0	
234	kd	1	
234	kd	2	
234	kd	3	
234	kd	4	
234	kd	5	
234	kd	6	
234	kd	7	
234	kd	8	
234	kf	0	0.938950403879466
234	kf	1	0.4813667842616174
234	kf	2	0.5295279602608046
234	kf	3	0.9452188738574017
234	kf	4	0.030975496694832388
234	kf	5	0.3437714670899421
234	kf	6	0.13690852773826373
234	kf	7	0.2129648112989803
234	kf	8	1.0
235	kd	0	
235	kd	1	
235	kd	2	
235	kd	3	
235	kf	0	0.4921576614695167
235	kf	1	0.6638178871224828
235	kf	2	1.0
235	kf	3	0.8560794368968699
236	kd	0	
236	kd	1	
236	kd	2	
236	kd	3	
236	kd	4	
236	kd	5	
236	kd	6	
236	kd	7	
236	kd	8	
236	kf	0	0.8260044587576967
236	kf	1	0.48673828503703864
236	kf	2	0.8474400741762956
236	kf	3	0.5327375331938465
236	kf	4	1.0
236	kf	5	0.07626518387612863
236	kf	6	0.9133231732604119
236	kf	7	0.12034242240896798
236	kf	8	0.7646855587622204
237	kd	0	
237	kd	1	
237	kd	2	
237	kd	3	
237	kd	4	
237	kf	0	0.42597645393595546
237	kf	1	1.0
237	kf	2	0.9921846084419882
237	kf	3	0.7577636044141446
237	kf	4	0.73228382596154
238	kd	0	
238	kd	1	
238	kd	2	
238	kd	3	
238	kd	4	
238	kd	5	
238	kd	6	
238	kf	0	1.0
238	kf	1	0.2000136423948293
238	kf	2	0.9801029211519193
238	kf	3	0.43578857334294935
238	kf	4	0.4540304941562501
238	kf	5	0.19073067127475438
238	kf	6	0.17425832136870908
239	kd	0	
239	kd	1	
239	kd	2	
239	kd	3	
239	kd	4	
239	kd	5	
239	kd	6	
239	kd	7	
239	kd	8	
239	kf	0	1.0
239	kf	1	0.3587861934465394
239	kf	2	0.8826991335100146
239	kf	3	0.03019286418310821
239	kf	4	0.6533976592479437
239	kf	5	0.031069590877040282
239	kf	6	0.25331609309188274
239	kf	7	0.49498256779146893
239	kf	8	0.22499955499104113
240	kd	0	
240	kd	1	
240	kd	2	
240	kd	3	
240	kd	4	
240	kd	5	
240	kd	6	
240	kd	7	
240	kd	8	
240	kd	9	
240	kf	0	0.7952106721816429
240	kf	1	0.6301947353401595
240	kf	2	1.0
240	kf	3	0.876815085240159
240	kf	4	0.3147576946779805
240	kf	5	0.06904001627871775
240	kf	6	0.8985959066919986
240	kf	7	0.08664502355767824
240	kf	8	0.6941474978235589
240	kf	9	0.8345544398012598
241	kd	0	
241	kd	1	
241	kd	2	
241	kd	3	
241	kd	4	
241	kd	5	
241	kf	0	1.0
241	kf	1	0.7084380632338302
241	kf	2	0.15779380663086387
241	kf	3	0.8340069560744106
241	kf	4	0.23042310479311814
241	kf	5	0.18198112127065452
242	kd	0	
242	kd	1	
242	kd	2	
242	kd	3	
242	kd	4	
242	kd	5	
242	kd	6	
242	kd	7	
242	kd	8	
242	kd	9	
242	kd	10	
242	kf	0	0.4676146031033995
242	kf	1	0.11815308587910933
242	kf	2	0.020823046392941493
242	kf	3	0.7743028841002738
242	kf	4	0.48235954475640674
242	kf	5	0.44219767252594244
242	kf	6	0.3531020792205282
242	kf	7	0.225397447671677
242	kf	8	0.36043097512901484
242	kf	9	1.0
242	kf	10	0.5583101107546814
243	kd	0	
243	kd	1	
243	kd	2	
243	kd	3	
243	kd	4	
243	kd	5	
243	kd	6	
243	kd	7	
243	kd	8	
243	kd	9	
243	kf	0	0.04639838483751014
243	kf	1	0.4294993577525946
243	kf	2	0.7685348775399843
243	kf	3	0.9679819231610799
243	kf	4	0.4256858781682527
243	kf	5	1.0
243	kf	6	0.0848054689853963
243	kf	7	0.9875090436912134
243	kf	8	0.8448780507063427
243	kf	9	0.0366429699988313
244	kd	0	
244	kd	1	
244	kd	2	
244	kd	3	
244	kd	4	
244	kd	5	
244	kd	6	
244	kf	0	0.7455174366712328
244	kf	1	0.9671396467896965
244	kf	2	0.37512566047502194
244	kf	3	0.17819960097879659
244	kf	4	1.0
244	kf	5	0.9369996428147995
244	kf	6	0.6663799099667972
245	kd	0	
245	kd	1	
245	kd	2	
245	kd	3	
245	kd	4	
245	kd	5	
245	kd	6	
245	kd	7	
245	kd	8	
245	kd	9	
245	kd	10	
245	kf	0	0.8129413244085464
245	kf	1	0.3774708159496592
245	kf	2	0.262296988078028
245	kf	3	0.4443113790767977
245	kf	4	0.16644516698985237
245	kf	5	0.007747937844683147
245	kf	6	1.0
245	kf	7	0.6693629042578702
245	kf	8	0.5941209110115094
245	kf	9	0.7924227739256963
245	kf	10	0.278356278589057
246	kd	0	
246	kd	1	
246	kd	2	
246	kd	3	
246	kd	4	
246	kd	5	
246	kd	6	
246	kd	7	
246	kd	8	
246	kd	9	
246	kd	10	
246	kf	0	0.14918116595353262
246	kf	1	0.9086004629395439
246	kf	2	1.0
246	kf	3	0.2730968912016275
246	kf	4	0.38165623041089003
246	kf	5	0.9850993719425977
246	kf	6	0.31717429180918666
246	kf	7	0.8972909185357388
246	kf	8	0.9790709322578551
246	kf	9	0.6606478857776403
246	kf	10	0.6011412612070068
247	kd	0	
247	kd	1	
247	kd	2	
247	kd	3	
247	kd	4	
247	kd	5	
247	kd	6	
247	kd	7	
247	kf	0	0.72306300912857
247	kf	1	0.7618426013482084
247	kf	2	0.9684474272286467
247	kf	3	1.0
247	kf	4	0.037587251588902026
247	kf	5	0.6996875117700091
247	kf	6	0.8592815368547447
247	kf	7	0.12288463513102689
248	kd	0	
248	kd	1	
248	kd	2	
248	kd	3	
248	kd	4	
248	kf	0	0.25022101998448193
248	kf	1	1.0
248	kf	2	0.5182534395029329
248	kf	3	0.728630732724234
248	kf	4	0.4352590459663801
249	kd	0	
249	kd	1	
249	kd	2	
249	kf	0	0.9705766697319076
249	kf	1	1.0
249	kf	2	0.6653258359169043
250	kd	0	
250	kd	1	
250	kd	2	
250	kf	0	1.0
250	kf	1	0.32228520702693186
250	kf	2	0.7497014550399601
251	kd	0	
251	kd	1	
251	kd	2	
251	kd	3	
251	kd	4	
251	kd	5	
251	kd	6	
251	kd	7	
251	kd	8	
251	kd	9	
251	kd	10	
251	kf	0	0.9418372409712407
251	kf	1	0.15735480402342522
251	kf	2	0.818020164448976
251	kf	3	0.6221026299728848
251	kf	4	0.6744839995201863
251	kf	5	1.0
251	kf	6	0.8235643721730109
251	kf	7	0.7816771138172904
251	kf	8	0.605256359967106
251	kf	9	0.4217448513635698
251	kf	10	0.21664078353021335
252	kd	0	
252	kd	1	
252	kd	2	
252	kd	3	
252	kd	4	
252	kd	5	
252	kf	0	0.5143290541154815
252	kf	1	0.6073777995743515
252	kf	2	0.1367493534231456
252	kf	3	1.0
252	kf	4	0.5199135432378824
252	kf	5	0.9525467527907524
253	kd	0	
253	kd	1	
253	kd	2	
253	kd	3	
253	kd	4	
253	kd	5	
253	kd	6	
253	kd	7	
253	kf	0	0.9986098871169441
253	kf	1	0.9242879915838175
253	kf	2	0.014943584386915365
253	kf	3	1.0
253	kf	4	0.4201904567759018
253	kf	5	0.6337146293121237
253	kf	6	0.353311975621022
253	kf	7	0.495195416377505
254	kd	0	
254	kd	1	
254	kd	2	
254	kd	3	
254	kd	4	
254	kd	5	
254	kd	6	
254	kd	7	
254	kd	8	
254	kd	9	
254	kd	10	
254	kf	0	1.0
254	kf	1	0.7409891996923205
254	kf	2	0.8962542441207297
254	kf	3	0.19559015567654092
254	kf	4	0.4498972127464423
254	kf	5	0.7886272304085601
254	kf	6	0.30503819249784797
254	kf	7	0.09940798420604424
254	kf	8	0.6368769352191488
254	kf	9	0.6675632783386786
254	kf	10	0.1137270019436475
255	kd	0	
255	kd	1	
255	kd	2	
255	kd	3	
255	kd	4	
255	kd	5	
255	kd	6	
255	kd	7	
255	kd	8	
255	kd	9	
255	kf	0	0.7942525725128938
255	kf	1	0.5756770902231959
255	kf	2	0.8365897291071518
255	kf	3	1.0
255	kf	4	0.4109982563886525
255	kf	5	0.5920013707306852
255	kf	6	0.7177210304439767
255	kf	7	0.4446924947313653
255	kf	8	0.21219980278387476
255	kf	9	0.19091985714339058
256	kd	0	
256	kd	1	
256	kd	2	
256	kd	3	
256	kd	4	
256	kd	5	
256	kd	6	
256	kd	7	
256	kd	8	
256	kf	0	0.4165056875155188
256	kf	1	0.5755143480685448
256	kf	2	1.0
256	kf	3	0.1910711928241931
256	kf	4	0.16698906881919592
256	kf	5	0.23613769925196476
256	kf	6	0.5283303103155519
256	kf	7	0.3539593100118927
256	kf	8	0.6151749671452639
257	kd	0	
257	kd	1	
257	kd	2	
257	kd	3	
257	kd	4	
257	kd	5	
257	kd	6	
257	kd	7	
257	kd	8	
257	kf	0	0.6325177069306496
257	kf	1	0.9438230942918147
257	kf	2	0.4372303083647762
257	kf	3	0.10976136953240721
257	kf	4	0.6417845317263843
257	kf	5	0.15248005259107839
257	kf	6	0.4994458704841533
257	kf	7	1.0
257	kf	8	0.7473764994116869
258	kd	0	
258	kd	1	
258	kd	2	
258	kd	3	
258	kd	4	
258	kd	5	
258	kd	6	
258	kf	0	1.0
258	kf	1	0.9653542330042773
258	kf	2	0.4621903585561504
258	kf	3	0.5970685709131742
258	kf	4	0.9738960487414903
258	kf	5	0.5708584167996612
258	kf	6	0.09674028743352493
259	kd	0	
259	kd	1	
259	kd	2	
259	kd	3	
259	kd	4	
259	kd	5	
259	kd	6	
259	kd	7	
259	kd	8	
259	kf	0	0.011507425369627802
259	kf	1	1.0
259	kf	2	0.34046586938264173
259	kf	3	0.5595050534376101
259	kf	4	0.18404753372140026
259	kf	5	0.7060986595494012
259	kf	6	0.7189899998570531
259	kf	7	0.5402015664536002
259	kf	8	0.2699336166719923
260	kd	0	
260	kd	1	
260	kf	0	1.0
260	kf	1	0.7762123591214825
261	kd	0	
261	kd	1	
261	kd	2	
261	kd	3	
261	kd	4	
261	kd	5	
261	kd	6	
261	kf	0	0.4569271889479345
261	kf	1	0.12104493376737172
261	kf	2	0.5304808167168318
261	kf	3	0.8995218257526452
261	kf	4	0.04489180746215737
261	kf	5	1.0
261	kf	6	0.6376262429187813
262	kd	0	
262	kd	1	
262	kd	2	
262	kd	3	
262	kd	4	
262	kd	5	
262	kd	6	
262	kd	7	
262	kd	8	
262	kf	0	0.7101391962819324
262	kf	1	0.026583877409464197
262	kf	2	0.5245048112349391
262	kf	3	0.8617958956093873
262	kf	4	1.0
262	kf	5	0.784137917111973
262	kf	6	0.5257084595411771
262	kf	7	0.7710490080382874
262	kf	8	0.37864368316742714
263	kd	0	
263	kd	1	
263	kd	2	
263	kd	3	
263	kf	0	0.36232982510587386
263	kf	1	1.0
263	kf	2	0.8960013582700486
263	kf	3	0.8856389790529197
264	kd	0	
264	kd	1	
264	kd	2	
264	kd	3	
264	kd	4	
264	kd	5	
264	kd	6	
264	kd	7	
264	kd	8	
264	kd	9	
264	kf	0	0.8707004070985768
264	kf	1	0.009304378685586485
264	kf	2	0.8329245375106505
264	kf	3	0.4962291739844464
264	kf	4	0.1106562179668724
264	kf	5	0.06214023147298933
264	kf	6	1.0
264	kf	7	0.13622826550932549
264	kf	8	0.7162052673292644
264	kf	9	0.04341964564249868
265	kd	0	
265	kd	1	
265	kd	2	
265	kd	3	
265	kd	4	
265	kd	5	
265	kf	0	1.0
265	kf	1	0.254254260623094
265	kf	2	0.7032423114475628
265	kf	3	0.19269773292595765
265	kf	4	0.6504593318908632
265	kf	5	0.3619930138881644
266	kd	0	
266	kd	1	
266	kd	2	
266	kd	3	
266	kd	4	
266	kf	0	0.8452817632267038
266	kf	1	0.6495914082296299
266	kf	2	1.0
266	kf	3	0.07435694557216609
266	kf	4	0.6917798413046635
267	kd	0	
267	kd	1	
267	kd	2	
267	kd	3	
267	kd	4	
267	kd	5	
267	kd	6	
267	kd	7	
267	kd	8	
267	kf	0	0.8349742826145972
267	kf	1	0.2343962436525607
267	kf	2	0.03863567451539264
267	kf	3	0.7083065985998865
267	kf	4	0.4237918925923275
267	kf	5	1.0
267	kf	6	0.7018304002589713
267	kf	7	0.6833722865230045
267	kf	8	0.07963452839072933
268	kd	0	
268	kd	1	
268	kd	2	
268	kd	3	
268	kd	4	
268	kd	5	
268	kd	6	
268	kf	0	0.8176361097294363
268	kf	1	0.01371425821942575
268	kf	2	0.7235479321151618
268	kf	3	0.8462662025617177
268	kf	4	0.6699459610345411
268	kf	5	0.3245724715472778
268	kf	6	1.0
269	kd	0	
269	kd	1	
269	kd	2	
269	kd	3	
269	kd	4	
269	kd	5	
269	kd	6	
269	kf	0	0.7846752624505955
269	kf	1	0.0540853771424647
269	kf	2	1.0
269	kf	3	0.494764632460098
269	kf	4	0.18545691029501338
269	kf	5	0.4542152353178301
269	kf	6	0.16222257350426889
270	kd	0	
270	kd	1	
270	kd	2	
270	kd	3	
270	kd	4	
270	kd	5	
270	kd	6	
270	kf	0	0.7790767750608026
270	kf	1	0.7749426806783076
270	kf	2	1.0
270	kf	3	0.27044930690285257
270	kf	4	0.788482323176515
270	kf	5	0.9491403395357936
270	kf	6	0.5607216725210706
271	kd	0	
271	kd	1	
271	kd	2	
271	kd	3	
271	kd	4	
271	kd	5	
271	kd	6	
271	kf	0	0.4561065629703789
271	kf	1	0.974921644298472
271	kf	2	0.032844156276304395
271	kf	3	0.7362997478745399
271	kf	4	1.0
271	kf	5	0.5005137206217147
271	kf	6	0.5034994890108682
272	kd	0	
272	kd	1	
272	kd	2	
272	kd	3	
272	kd	4	
272	kd	5	
272	kd	6	
272	kf	0	0.37110775374277777
272	kf	1	0.19396582702062765
272	kf	2	0.40984117326347885
272	kf	3	1.0
272	kf	4	0.29410505396982584
272	kf	5	0.41733247186391453
272	kf	6	0.20647318435006243
273	kd	0	
273	kd	1	
273	kd	2	
273	kd	3	
273	kd	4	
273	kd	5	
273	kd	6	
273	kd	7	
273	kd	8	
273	kd	9	
273	kd	10	
273	kf	0	0.6530023536459804
273	kf	1	0.7258929524619325
273	kf	2	0.5412444792514549
273	kf	3	0.7680721777627988
273	kf	4	0.52958826697477
273	kf	5	0.5485733210683595
273	kf	6	0.39838311064617665
273	kf	7	0.637428337774548
273	kf	8	0.29921638594400796
273	kf	9	1.0
273	kf	10	0.9775679385483524
274	kd	0	
274	kd	1	
274	kd	2	
274	kd	3	
274	kd	4	
274	kd	5	
274	kf	0	0.8911195662613756
274	kf	1	1.0
274	kf	2	0.8752846496482595
274	kf	3	0.08652646009400898
274	kf	4	0.04840911364877974
274	kf	5	0.4556070256766581
275	kd	0	
275	kd	1	
275	kd	2	
275	kd	3	
275	kd	4	
275	kd	5	
275	kd	6	
275	kf	0	0.22928570510516993
275	kf	1	0.20247028870616385
275	kf	2	1.0
275	kf	3	0.08872164511394744
275	kf	4	0.13289345706673258
275	kf	5	0.6387748357341082
275	kf	6	0.8970771218151797
276	kd	0	
276	kd	1	
276	kd	2	
276	kd	3	
276	kd	4	
276	kf	0	0.32917779071042447
276	kf	1	1.0
276	kf	2	0.15454762237771918
276	kf	3	0.2890669611379417
276	kf	4	0.67159920031875
277	kd	0	
277	kd	1	
277	kd	2	
277	kf	0	0.42530326789705164
277	kf	1	0.023563151260068204
277	kf	2	1.0
278	kd	0	
278	kd	1	
278	kd	2	
278	kd	3	
278	kd	4	
278	kf	0	0.8375754531058316
278	kf	1	0.46856013505078237
278	kf	2	0.8468808542060747
278	kf	3	1.0
278	kf	4	0.4606989321916993
279	kd	0	
279	kd	1	
279	kd	2	
279	kd	3	
279	kd	4	
279	kd	5	
279	kd	6	
279	kf	0	0.5169623169572434
279	kf	1	0.4152069866202304
279	kf	2	0.6413916784766404
279	kf	3	0.6723212013669974
279	kf	4	1.0
279	kf	5	0.09023457413178865
279	kf	6	0.3340664226791231
280	kd	0	
280	kd	1	
280	kd	2	
280	kd	3	
280	kd	4	
280	kd	5	
280	kf	0	0.01615313607733768
280	kf	1	1.0
280	kf	2	0.3332373892526973
280	kf	3	0.5222876297270286
280	kf	4	0.21280029410408224
280	kf	5	0.3843684039790145
281	kd	0	
281	kd	1	
281	kd	2	
281	kd	3	
281	kd	4	
281	kd	5	
281	kd	6	
281	kd	7	
281	kd	8	
281	kf	0	0.9306633577717447
281	kf	1	0.9996107816678977
281	kf	2	0.08203492616362035
281	kf	3	0.8217107304930793
281	kf	4	1.0
281	kf	5	0.8268446031796243
281	kf	6	0.6947491963425225
281	kf	7	0.4282690433438857
281	kf	8	0.07002649045745808
282	kd	0	
282	kd	1	
282	kd	2	
282	kd	3	
282	kd	4	
282	kd	5	
282	kf	0	0.07253217304831015
282	kf	1	0.4437130144314387
282	kf	2	0.1880745846856143
282	kf	3	1.0
282	kf	4	0.03365423690151975
282	kf	5	0.5181219501136399
283	kd	0	
283	kd	1	
283	kd	2	
283	kd	3	
283	kd	4	
283	kd	5	
283	kd	6	
283	kd	7	
283	kd	8	
283	kd	9	
283	kd	10	
283	kf	0	0.948707139028107
283	kf	1	0.4258538923832151
283	kf	2	0.5371212722087398
283	kf	3	0.18750979878410864
283	kf	4	0.34020638279743254
283	kf	5	0.666341744757493
283	kf	6	0.7182295928806105
283	kf	7	1.0
283	kf	8	0.22597704956105522
283	kf	9	0.039222225796668446
283	kf	10	0.24458022846969835
284	kd	0	
284	kd	1	
284	kd	2	
284	kd	3	
284	kd	4	
284	kd	5	
284	kd	6	
284	kd	7	
284	kd	8	
284	kf	0	0.3604292397049026
284	kf	1	0.594865496272465
284	kf	2	0.1619292301744724
284	kf	3	0.1435822552360324
284	kf	4	0.8063061109055173
284	kf	5	0.5754526859609174
284	kf	6	0.8405297938885108
284	kf	7	0.01374283327912186
284	kf	8	1.0
285	kd	0	
285	kd	1	
285	kf	0	1.0
285	kf	1	0.2966882802167801
286	kd	0	
286	kd	1	
286	kd	2	
286	kd	3	
286	kd	4	
286	kd	5	
286	kd	6	
286	kd	7	
286	kd	8	
286	kd	9	
286	kd	10	
286	kf	0	1.0
286	kf	1	0.0026051856744415806
286	kf	2	0.8778813000465069
286	kf	3	0.8738311064148495
286	kf	4	0.0338579320896738
286	kf	5	0.6272227653840612
286	kf	6	0.02259627749507782
286	kf	7	0.3353264320167071
286	kf	8	0.18690421265552007
286	kf	9	0.468973714574746
286	kf	10	0.4547563177059735
287	kd	0	
287	kd	1	
287	kd	2	
287	kd	3	
287	kd	4	
287	kd	5	
287	kd	6	
287	kf	0	0.9598861843567805
287	kf	1	0.22384938784019812
287	kf	2	0.38417747534628655
287	kf	3	0.20153517232696755
287	kf	4	0.047731832586765686
287	kf	5	1.0
287	kf	6	0.44294225502962137
288	kd	0	
288	kd	1	
288	kd	2	
288	kd	3	
288	kd	4	
288	kd	5	
288	kd	6	
288	kd	7	
288	kf	0	0.8910626341658798
288	kf	1	1.0
288	kf	2	0.976424927833239
288	kf	3	0.38135380892191717
288	kf	4	0.3515682516357607
288	kf	5	0.7804085564582636
288	kf	6	0.9262873847336175
288	kf	7	0.6385019918920553
289	kd	0	
289	kd	1	
289	kd	2	
289	kd	3	
289	kd	4	
289	kd	5	
289	kd	6	
289	kf	0	0.6950249567650278
289	kf	1	0.17027966250725263
289	kf	2	1.0
289	kf	3	0.2773333827960961
289	kf	4	0.22545739194290595
289	kf	5	0.6445955634597441
289	kf	6	0.6867669487773664
290	kd	0	
290	kd	1	
290	kd	2	
290	kd	3	
290	kd	4	
290	kd	5	
290	kd	6	
290	kd	7	
290	kd	8	
290	kd	9	
290	kd	10	
290	kf	0	0.3770251223969495
290	kf	1	0.5333617270988817
290	kf	2	0.7869881672895658
290	kf	3	0.5911220405558759
290	kf	4	0.6109946593156803
290	kf	5	0.9667339707960783
290	kf	6	1.0
290	kf	7	0.10607235471083598
290	kf	8	0.5814976217509658
290	kf	9	0.39470930196050846
290	kf	10	0.3187739513564421
291	kd	0	
291	kd	1	
291	kd	2	
291	kd	3	
291	kd	4	
291	kd	5	
291	kd	6	
291	kd	7	
291	kd	8	
291	kd	9	
291	kd	10	
291	kf	0	0.2975676765071228
291	kf	1	1.0
291	kf	2	0.5659529898908296
291	kf	3	0.674395927535741
291	kf	4	0.5742861536106975
291	kf	5	0.36386071743198856
291	kf	6	0.3179156980302752
291	kf	7	0.8715514617935458
291	kf	8	0.3895673865437152
291	kf	9	0.5707012463304465
291	kf	10	0.020661025347315724
292	kd	0	
292	kd	1	
292	kd	2	
292	kd	3	
292	kd	4	
292	kd	5	
292	kd	6	
292	kd	7	
292	kd	8	
292	kd	9	
292	kf	0	0.7806071654176504
292	kf	1	0.265333898878776
292	kf	2	0.7555723710516095
292	kf	3	0.05953360406321979
292	kf	4	0.10787247652920226
292	kf	5	0.930732408528203
292	kf	6	1.0
292	kf	7	0.5962890946943379
292	kf	8	0.9874209563313914
292	kf	9	0.6869400174292241
293	kd	0	
293	kd	1	
293	kd	2	
293	kd	3	
293	kd	4	
293	kd	5	
293	kd	6	
293	kd	7	
293	kd	8	
293	kd	9	
293	kf	0	0.5779729565603665
293	kf	1	1.0
293	kf	2	0.3502920509514295
293	kf	3	0.7964080186052506
293	kf	4	0.8366182431535473
293	kf	5	0.226935465109119
293	kf	6	0.14788096018361152
293	kf	7	0.5664099585935369
293	kf	8	0.5208869196977938
293	kf	9	0.1993911679852152
294	kd	0	
294	kd	1	
294	kd	2	
294	kd	3	
294	kf	0	0.765125846731702
294	kf	1	1.0
294	kf	2	0.9451660484156087
294	kf	3	0.9831466896029273
295	kd	0	
295	kd	1	
295	kd	2	
295	kd	3	
295	kd	4	
295	kd	5	
295	kf	0	0.09169510747245534
295	kf	1	1.0
295	kf	2	0.9352762284410366
295	kf	3	0.9581932078170382
295	kf	4	0.4490622853911519
295	kf	5	0.36354073417781724
296	kd	0	
296	kd	1	
296	kd	2	
296	kd	3	
296	kd	4	
296	kd	5	
296	kf	0	0.2091308200079937
296	kf	1	0.7502447802260381
296	kf	2	1.0
296	kf	3	0.3686086511058053
296	kf	4	0.9286072811080763
296	kf	5	0.6969696980771116
297	kd	0	
297	kd	1	
297	kd	2	
297	kd	3	
297	kd	4	
297	kd	5	
297	kd	6	
297	kd	7	
297	kd	8	
297	kd	9	
297	kf	0	0.6419031655885266
297	kf	1	0.09336627783602812
297	kf	2	0.3773004246052148
297	kf	3	1.0
297	kf	4	0.7181172399026089
297	kf	5	0.44333098311887964
297	kf	6	0.9127306876090482
297	kf	7	0.961852633626316
297	kf	8	0.6477257989959988
297	kf	9	0.610008959684258
298	kd	0	
298	kd	1	
298	kd	2	
298	kd	3	
298	kd	4	
298	kd	5	
298	kd	6	
298	kd	7	
298	kd	8	
298	kd	9	
298	kd	10	
298	kf	0	0.2526075140107137
298	kf	1	0.42233292277476275
298	kf	2	0.5339249694589759
298	kf	3	0.9832868279059395
298	kf	4	0.6532223283382201
298	kf	5	1.0
298	kf	6	0.20637077944059196
298	kf	7	0.9060815550885266
298	kf	8	0.7321848972372204
298	kf	9	0.5132112174996685
298	kf	10	0.01998459989116174
299	kd	0	
299	kd	1	
299	kd	2	
299	kd	3	
299	kd	4	
299	kd	5	
299	kf	0	0.1427794439300873
299	kf	1	1.0
299	kf	2	0.6298556329885683
299	kf	3	0.40777220532167885
299	kf	4	0.23595111540306032
299	kf	5	0.9978039408195092
300	kd	0	
300	kd	1	
300	kd	2	
300	kd	3	
300	kd	4	
300	kd	5	
300	kd	6	
300	kd	7	
300	kd	8	
300	kd	9	
300	kd	10	
300	kf	0	0.49229858125324893
300	kf	1	0.26522600251935896
300	kf	2	0.2599150220180801
300	kf	3	0.11549511024526639
300	kf	4	0.3851933679888456
300	kf	5	1.0
300	kf	6	0.13712668595846927
300	kf	7	0.5049720654790066
300	kf	8	0.366893402165449
300	kf	9	0.4743006831857068
300	kf	10	0.38748346761120583
301	kd	0	
301	kd	1	
301	kd	2	
301	kd	3	
301	kd	4	
301	kd	5	
301	kd	6	
301	kd	7	
301	kf	0	1.0
301	kf	1	0.8328054249290958
301	kf	2	0.35238031386196667
301	kf	3	0.9617633580852148
301	kf	4	0.37171504737093863
301	kf	5	0.24655172152342655
301	kf	6	0.0022141109428093636
301	kf	7	0.9131853053397426
302	kd	0	
302	kd	1	
302	kd	2	
302	kd	3	
302	kd	4	
302	kd	5	
302	kd	6	
302	kd	7	
302	kf	0	0.7754244472054951
302	kf	1	0.08579712626470185
302	kf	2	0.5216137202473482
302	kf	3	0.45786120434268424
302	kf	4	0.0675066916607258
302	kf	5	0.5084272391004446
302	kf	6	0.09788071618986673
302	kf	7	1.0
303	kd	0	
303	kd	1	
303	kd	2	
303	kd	3	
303	kd	4	
303	kd	5	
303	kd	6	
303	kf	0	0.5130693512063712
303	kf	1	0.16140501295389625
303	kf	2	1.0
303	kf	3	0.5440548926043434
303	kf	4	0.3140554447627123
303	kf	5	0.9271204279658337
303	kf	6	0.8252335455912985
304	kd	0	
304	kd	1	
304	kd	2	
304	kf	0	0.005952643522158939
304	kf	1	1.0
304	kf	2	0.6663801595416702
305	kd	0	
305	kd	1	
305	kd	2	
305	kd	3	
305	kd	4	
305	kd	5	
305	kd	6	
305	kf	0	0.5474818403350885
305	kf	1	0.6227383237374925
305	kf	2	0.30007691497401723
305	kf	3	0.2785659548887462
305	kf	4	1.0
305	kf	5	0.9172566161602146
305	kf	6	0.44020343534081335
306	kd	0	
306	kd	1	
306	kd	2	
306	kd	3	
306	kd	4	
306	kd	5	
306	kf	0	0.7313555457284898
306	kf	1	1.0
306	kf	2	0.9587928009334672
306	kf	3	0.7102222612758261
306	kf	4	0.8009216683672586
306	kf	5	0.6765999401477492
307	kd	0	
307	kd	1	
307	kd	2	
307	kd	3	
307	kd	4	
307	kd	5	
307	kd	6	
307	kd	7	
307	kf	0	0.603986811410786
307	kf	1	1.0
307	kf	2	0.3160243432872136
307	kf	3	0.4655492751197184
307	kf	4	0.7112294914504718
307	kf	5	0.16630775577081425
307	kf	6	0.6839332403336975
307	kf	7	0.29505915070747035
308	kd	0	
308	kd	1	
308	kd	2	
308	kd	3	
308	kd	4	
308	kd	5	
308	kd	6	
308	kf	0	1.0
308	kf	1	0.2187441327513651
308	kf	2	0.2770798569945434
308	kf	3	0.20353436090652566
308	kf	4	0.6580981311456389
308	kf	5	0.8774366809423102
308	kf	6	0.9558138237467926
309	kd	0	
309	kd	1	
309	kd	2	
309	kd	3	
309	kd	4	
309	kd	5	
309	kd	6	
309	kd	7	
309	kf	0	0.5672625074760321
309	kf	1	1.0
309	kf	2	0.9478037662683512
309	kf	3	0.6332099462956258
309	kf	4	0.568641520693635
309	kf	5	0.7719739256716367
309	kf	6	0.22989409327295132
309	kf	7	0.9839754714730913
310	kd	0	
310	kd	1	
310	kd	2	
310	kd	3	
310	kd	4	
310	kd	5	
310	kf	0	0.8812624397124033
310	kf	1	0.30700851150873154
310	kf	2	0.6398589206660329
310	kf	3	1.0
310	kf	4	0.34516470155479084
310	kf	5	0.9939711892101503
311	kd	0	
311	kd	1	
311	kd	2	
311	kd	3	
311	kd	4	
311	kd	5	
311	kd	6	
311	kd	7	
311	kd	8	
311	kd	9	
311	kd	10	
311	kd	11	
311	kf	0	0.2500003216943181
311	kf	1	0.871292293556346
311	kf	2	0.7301276338716063
311	kf	3	0.9541969269833558
311	kf	4	1.0
311	kf	5	0.32912550360282405
311	kf	6	0.9573554501189513
311	kf	7	0.5623121279463946
311	kf	8	0.03132421000494596
311	kf	9	0.23262286812248553
311	kf	10	0.07703702003460905
311	kf	11	0.5786691638077307
312	kd	0	
312	kd	1	
312	kd	2	
312	kd	3	
312	kd	4	
312	kd	5	
312	kd	6	
312	kd	7	
312	kd	8	
312	kd	9	
312	kd	10	
312	kf	0	0.43377965573232447
312	kf	1	0.8234143790461315
312	kf	2	0.18237372991123416
312	kf	3	0.8104774779971579
312	kf	4	0.3692456309564362
312	kf	5	0.7506038029635606
312	kf	6	0.4767129815001113
312	kf	7	0.5956989445582285
312	kf	8	0.41114177928728296
312	kf	9	0.3955041720631341
312	kf	10	1.0
313	kd	0	
313	kd	1	
313	kd	2	
313	kd	3	
313	kd	4	
313	kd	5	
313	kf	0	0.5904437654843202
313	kf	1	0.49969911670558714
313	kf	2	0.899212542472144
313	kf	3	0.6925190119644615
313	kf	4	1.0
313	kf	5	0.7707233121104942
314	kd	0	
314	kd	1	
314	kd	2	
314	kd	3	
314	kd	4	
314	kd	5	
314	kd	6	
314	kd	7	
314	kd	8	
314	kd	9	
314	kf	0	0.9867657083943827
314	kf	1	0.6838201589562093
314	kf	2	0.9495529496945811
314	kf	3	0.8916885521570828
314	kf	4	0.6039414779646818
314	kf	5	0.4048179414963474
314	kf	6	0.8661357238168514
314	kf	7	0.8748887475675833
314	kf	8	1.0
314	kf	9	0.42917577312003763
315	kd	0	
315	kd	1	
315	kd	2	
315	kd	3	
315	kd	4	
315	kf	0	0.5083072786179461
315	kf	1	0.49576707860851604
315	kf	2	1.0
315	kf	3	0.8592754245880825
315	kf	4	0.8792864186362734
316	kd	0	
316	kd	1	
316	kd	2	
316	kf	0	1.0
316	kf	1	0.838812562193278
316	kf	2	0.9788317902027257
317	kd	0	
317	kd	1	
317	kd	2	
317	kd	3	
317	kd	4	
317	kd	5	
317	kf	0	0.1624348522016658
317	kf	1	0.1796999807058989
317	kf	2	0.5266451366124821
317	kf	3	0.9371727458906776
317	kf	4	1.0
317	kf	5	0.0176978212335393
318	kd	0	
318	kd	1	
318	kd	2	
318	kd	3	
318	kd	4	
318	kf	0	0.6046808536278824
318	kf	1	1.0
318	kf	2	0.5659077656624448
318	kf	3	0.6116085290225125
318	kf	4	0.623988289579752
319	kd	0	
319	kd	1	
319	kd	2	
319	kf	0	0.3528872319320089
319	kf	1	0.9952542507063651
319	kf	2	1.0
320	kd	0	
320	kd	1	
320	kd	2	
320	kd	3	
320	kd	4	
320	kf	0	0.5916420422550529
320	kf	1	0.2384312121768715
320	kf	2	0.44757166168485635
320	kf	3	1.0
320	kf	4	0.24791302080358465
321	kd	0	
321	kd	1	
321	kd	2	
321	kd	3	
321	kf	0	1.0
321	kf	1	0.41108188169025317
321	kf	2	0.15363851855722108
321	kf	3	0.14177270614105958
322	kd	0	
322	kd	1	
322	kd	2	
322	kd	3	
322	kd	4	
322	kd	5	
322	kd	6	
322	kd	7	
322	kd	8	
322	kd	9	
322	kd	10	
322	kf	0	0.778765944189422
322	kf	1	0.29066460732844435
322	kf	2	0.8615120315483317
322	kf	3	0.14966346823812166
322	kf	4	0.4560723706025115
322	kf	5	0.6728031281163702
322	kf	6	0.3420565422323378
322	kf	7	0.7008374478304631
322	kf	8	1.0
322	kf	9	0.1768431084316138
322	kf	10	0.7326156121818237
323	kd	0	
323	kd	1	
323	kd	2	
323	kd	3	
323	kd	4	
323	kf	0	1.0
323	kf	1	0.39999356531878416
323	kf	2	0.8991064831573148
323	kf	3	0.9979086259378774
323	kf	4	0.4009224303836641
324	kd	0	
324	kd	1	
324	kd	2	
324	kd	3	
324	kd	4	
324	kd	5	
324	kf	0	1.0
324	kf	1	0.3177697319228119
324	kf	2	0.15525730259937265
324	kf	3	0.2279174750701242
324	kf	4	0.8074180177116604
324	kf	5	0.7955032675902989
325	kd	0	
325	kd	1	
325	kd	2	
325	kd	3	
325	kd	4	
325	kd	5	
325	kf	0	0.5214303231027767
325	kf	1	0.7059705204870372
325	kf	2	0.035588402301964334
325	kf	3	1.0
325	kf	4	0.037361912446971214
325	kf	5	0.5954100993271985
326	kd	0	
326	kd	1	
326	kd	2	
326	kd	3	
326	kd	4	
326	kd	5	
326	kd	6	
326	kd	7	
326	kf	0	0.3051019195786002
326	kf	1	1.0
326	kf	2	0.3255557057786572
326	kf	3	0.7230687267256533
326	kf	4	0.5903623507950653
326	kf	5	0.6291361465549906
326	kf	6	0.04026759572960439
326	kf	7	0.6875119303247411
327	kd	0	
327	kd	1	
327	kd	2	
327	kd	3	
327	kd	4	
327	kd	5	
327	kd	6	
327	kd	7	
327	kd	8	
327	kd	9	
327	kd	10	
327	kf	0	0.2863116721951528
327	kf	1	0.5897093385777004
327	kf	2	1.0
327	kf	3	0.11457149849343057
327	kf	4	0.8244024970303471
327	kf	5	0.18755894877758447
327	kf	6	0.33355723297132656
327	kf	7	0.4697987817656489
327	kf	8	0.19847038076850315
327	kf	9	0.9615368647941828
327	kf	10	0.6304418726215532
328	kd	0	
328	kd	1	
328	kd	2	
328	kd	3	
328	kd	4	
328	kd	5	
328	kd	6	
328	kd	7	
328	kd	8	
328	kd	9	
328	kf	0	1.0
328	kf	1	0.16264336097947465
328	kf	2	0.9611384988919845
328	kf	3	0.8763030458877453
328	kf	4	0.2619631291772421
328	kf	5	0.41189138122724794
328	kf	6	0.09343967196832231
328	kf	7	0.1042717111828001
328	kf	8	0.287492918751955
328	kf	9	0.2790031144957404
329	kd	0	
329	kd	1	
329	kd	2	
329	kd	3	
329	kd	4	
329	kd	5	
329	kd	6	
329	kd	7	
329	kd	8	
329	kd	9	
329	kd	10	
329	kd	11	
329	kf	0	0.3584702543013813
329	kf	1	1.0
329	kf	2	0.6125941641340409
329	kf	3	0.6263397074308303
329	kf	4	0.6413555864461373
329	kf	5	0.42013887408828515
329	kf	6	0.763386191815796
329	kf	7	0.3700152756588304
329	kf	8	0.6172820813096797
329	kf	9	0.38218014078064044
329	kf	10	0.3567243675973657
329	kf	11	0.3952838760944506
330	kd	0	
330	kd	1	
330	kd	2	
330	kd	3	
330	kd	4	
330	kd	5	
330	kd	6	
330	kf	0	0.02066419211948786
330	kf	1	0.5030442567617551
330	kf	2	0.8439543063912873
330	kf	3	0.6689615731659605
330	kf	4	1.0
330	kf	5	0.5765488739580455
330	kf	6	0.19855039895723076
331	kd	0	
331	kd	1	
331	kd	2	
331	kd	3	
331	kd	4	
331	kd	5	
331	kd	6	
331	kd	7	
331	kf	0	0.3221725500971038
331	kf	1	0.5677519325246158
331	kf	2	0.10490520942284308
331	kf	3	0.996726126206276
331	kf	4	0.16203627310103055
331	kf	5	1.0
331	kf	6	0.5304856010181467
331	kf	7	0.528473603450546
332	kd	0	
332	kd	1	
332	kd	2	
332	kd	3	
332	kd	4	
332	kf	0	0.5780870305235043
332	kf	1	0.7990786578793969
332	kf	2	1.0
332	kf	3	0.12329097876207344
332	kf	4	0.1741937494857056
333	kd	0	
333	kd	1	
333	kd	2	
333	kd	3	
333	kd	4	
333	kd	5	
333	kd	6	
333	kd	7	
333	kf	0	0.34152974209487735
333	kf	1	0.4447856746121377
333	kf	2	0.6718994210910227
333	kf	3	0.5233933789864194
333	kf	4	0.5077375451871786
333	kf	5	0.5690519712515286
333	kf	6	1.0
333	kf	7	0.2955371560186882
334	kd	0	
334	kd	1	
334	kd	2	
334	kd	3	
334	kd	4	
334	kd	5	
334	kf	0	0.33464486401478133
334	kf	1	1.0
334	kf	2	0.48436417758702033
334	kf	3	0.8608080586417636
334	kf	4	0.4445534897257094
334	kf	5	0.06614327817500246
335	kd	0	
335	kd	1	
335	kd	2	
335	kd	3	
335	kd	4	
335	kd	5	
335	kd	6	
335	kd	7	
335	kd	8	
335	kd	9	
335	kd	10	
335	kf	0	0.9671517527043431
335	kf	1	0.8152554853129296
335	kf	2	0.8052259735922668
335	kf	3	0.9662833780762958
335	kf	4	0.15722765771922048
335	kf	5	0.28964155038482964
335	kf	6	0.7609047133370245
335	kf	7	0.3264916522096829
335	kf	8	0.7627355040904222
335	kf	9	0.3244687570877235
335	kf	10	1.0
336	kd	0	
336	kd	1	
336	kd	2	
336	kd	3	
336	kd	4	
336	kd	5	
336	kd	6	
336	kd	7	
336	kd	8	
336	kf	0	0.14587565139381609
336	kf	1	0.5835216246113132
336	kf	2	1.0
336	kf	3	0.8973789373967682
336	kf	4	0.4724788679794117
336	kf	5	0.9847139727067113
336	kf	6	0.19889623566395617
336	kf	7	0.7027587913850788
336	kf	8	0.9022622936150064
337	kd	0	
337	kd	1	
337	kd	2	
337	kd	3	
337	kf	0	0.5631438042012632
337	kf	1	1.0
337	kf	2	0.04722614673273797
337	kf	3	0.7316528432768806
338	kd	0	
338	kd	1	
338	kd	2	
338	kd	3	
338	kd	4	
338	kf	0	1.0
338	kf	1	0.35123394484346265
338	kf	2	0.7893542716944133
338	kf	3	0.8785050838006652
338	kf	4	0.9298033655800241
339	kd	0	
339	kd	1	
339	kd	2	
339	kd	3	
339	kd	4	
339	kd	5	
339	kd	6	
339	kd	7	
339	kd	8	
339	kd	9	
339	kd	10	
339	kd	11	
339	kf	0	0.04190035348833174
339	kf	1	0.074220352080334
339	kf	2	0.41083575368878844
339	kf	3	0.47910456419732794
339	kf	4	0.3281379282816463
339	kf	5	0.4013359790685806
339	kf	6	0.1415106188346694
339	kf	7	0.3638294628143846
339	kf	8	0.611106144281106
339	kf	9	1.0
339	kf	10	0.39556873780281543
339	kf	11	0.41470322722770503
340	kd	0	
340	kd	1	
340	kd	2	
340	kd	3	
340	kd	4	
340	kf	0	0.887653240458732
340	kf	1	1.0
340	kf	2	0.9971002683872702
340	kf	3	0.85733296417525
340	kf	4	0.6410640946468591
341	kd	0	
341	kd	1	
341	kd	2	
341	kf	0	0.9741366123566783
341	kf	1	0.7203174746761362
341	kf	2	1.0
342	kd	0	
342	kd	1	
342	kd	2	
342	kd	3	
342	kd	4	
342	kd	5	
342	kd	6	
342	kd	7	
342	kd	8	
342	kd	9	
342	kf	0	0.7732701792590712
342	kf	1	0.3183646886844538
342	kf	2	0.06512905964632412
342	kf	3	0.44247816102907334
342	kf	4	1.0
342	kf	5	0.007291868455467267
342	kf	6	0.6218126555497757
342	kf	7	0.563797778635002
342	kf	8	0.753524798127371
342	kf	9	0.9516853602167735
343	kd	0	
343	kd	1	
343	kd	2	
343	kd	3	
343	kd	4	
343	kd	5	
343	kf	0	0.21755361198647696
343	kf	1	0.9696894164462094
343	kf	2	0.4508020563169256
343	kf	3	0.21657137268042456
343	kf	4	1.0
343	kf	5	0.9411052976000878
344	kd	0	
344	kd	1	
344	kd	2	
344	kf	0	1.0
344	kf	1	0.5336069604624522
344	kf	2	0.851825048443297
345	kd	0	
345	kd	1	
345	kd	2	
345	kd	3	
345	kd	4	
345	kd	5	
345	kd	6	
345	kd	7	
345	kd	8	
345	kf	0	1.0
345	kf	1	0.4908162436061446
345	kf	2	0.21610111212107688
345	kf	3	0.4355899683322863
345	kf	4	0.8027116130100322
345	kf	5	0.3750530315959353
345	kf	6	0.890500858322631
345	kf	7	0.36263251012617337
345	kf	8	0.022017521044623622
346	kd	0	
346	kd	1	
346	kd	2	
346	kd	3	
346	kd	4	
346	kd	5	
346	kd	6	
346	kd	7	
346	kf	0	0.5579001630530103
346	kf	1	1.0
346	kf	2	0.022043046820868994
346	kf	3	0.5407813809508373
346	kf	4	0.7882966022447747
346	kf	5	0.35452559580209975
346	kf	6	0.14052624964033703
346	kf	7	0.5940809716534305
347	kd	0	
347	kd	1	
347	kd	2	
347	kd	3	
347	kd	4	
347	kd	5	
347	kd	6	
347	kd	7	
347	kd	8	
347	kf	0	0.5616470071854256
347	kf	1	0.2880965867547223
347	kf	2	0.8198654928431259
347	kf	3	0.3955438593365549
347	kf	4	0.5508015989658547
347	kf	5	0.9006221272096672
347	kf	6	1.0
347	kf	7	0.615237608171121
347	kf	8	0.7210787332688776
348	kd	0	
348	kd	1	
348	kd	2	
348	kd	3	
348	kd	4	
348	kf	0	1.0
348	kf	1	0.8413984984963816
348	kf	2	0.10294442120270089
348	kf	3	0.540243800965809
348	kf	4	0.9845317065043057
349	kd	0	
349	kd	1	
349	kd	2	
349	kd	3	
349	kd	4	
349	kd	5	
349	kd	6	
349	kd	7	
349	kf	0	0.3087723537765688
349	kf	1	0.6818162307687453
349	kf	2	0.27841750084516975
349	kf	3	1.0
349	kf	4	0.6039441780537881
349	kf	5	0.21226319887149342
349	kf	6	0.10433333176403344
349	kf	7	0.8977501281103506
350	kd	0	
350	kd	1	
350	kd	2	
350	kd	3	
350	kd	4	
350	kf	0	0.2414466682960819
350	kf	1	0.4541078856660824
350	kf	2	1.0
350	kf	3	0.9162701729512096
350	kf	4	0.7270206065032288
351	kd	0	
351	kd	1	
351	kd	2	
351	kd	3	
351	kd	4	
351	kd	5	
351	kd	6	
351	kd	7	
351	kf	0	0.06026408905906553
351	kf	1	0.6661182350992777
351	kf	2	0.32524089920219673
351	kf	3	0.4179472473513922
351	kf	4	1.0
351	kf	5	0.597986300421206
351	kf	6	0.40308279618073106
351	kf	7	0.8924996619598989
352	kd	0	
352	kd	1	
352	kd	2	
352	kd	3	
352	kf	0	0.6160243219696367
352	kf	1	0.08871689467767414
352	kf	2	1.0
352	kf	3	0.1361793235533188
353	kd	0	
353	kd	1	
353	kd	2	
353	kd	3	
353	kd	4	
353	kd	5	
353	kd	6	
353	kd	7	
353	kd	8	
353	kf	0	0.1695141223881005
353	kf	1	0.4206104045628482
353	kf	2	0.26879696761449406
353	kf	3	0.46157552210867464
353	kf	4	1.0
353	kf	5	0.15355355044660415
353	kf	6	0.0014508101598145848
353	kf	7	0.10992368845081868
353	kf	8	0.5403805489553983
354	kd	0	
354	kd	1	
354	kd	2	
354	kd	3	
354	kd	4	
354	kd	5	
354	kd	6	
354	kd	7	
354	kd	8	
354	kd	9	
354	kf	0	0.7167368482675736
354	kf	1	0.9829513583959912
354	kf	2	1.0
354	kf	3	0.032071235787106835
354	kf	4	0.2619613231611676
354	kf	5	0.012962127544069032
354	kf	6	0.8670843425766227
354	kf	7	0.08937179936114203
354	kf	8	0.6137773206339819
354	kf	9	0.7037500309966551
355	kd	0	
355	kd	1	
355	kd	2	
355	kd	3	
355	kd	4	
355	kd	5	
355	kd	6	
355	kd	7	
355	kd	8	
355	kd	9	
355	kd	10	
355	kd	11	
355	kf	0	0.7391796048964456
355	kf	1	0.962225344421439
355	kf	2	0.5806338095635469
355	kf	3	0.8930560525834285
355	kf	4	0.6315678583962437
355	kf	5	0.16337561894338906
355	kf	6	0.11052423026748755
355	kf	7	0.6694967526423032
355	kf	8	0.06967775821403674
355	kf	9	0.23806148654989356
355	kf	10	1.0
355	kf	11	0.8549454001043949
356	kd	0	
356	kd	1	
356	kd	2	
356	kf	0	1.0
356	kf	1	0.4718031617942679
356	kf	2	0.4096699153757041
357	kd	0	
357	kd	1	
357	kd	2	
357	kd	3	
357	kd	4	
357	kf	0	1.0
357	kf	1	0.27415204215935146
357	kf	2	0.8033798202557186
357	kf	3	0.7906838181720065
357	kf	4	0.9342029671920354
358	kd	0	
358	kd	1	
358	kd	2	
358	kd	3	
358	kd	4	
358	kd	5	
358	kd	6	
358	kd	7	
358	kd	8	
358	kf	0	1.0
358	kf	1	0.24423897168253342
358	kf	2	0.2652539397221069
358	kf	3	0.8730862768447967
358	kf	4	0.30030302587309454
358	kf	5	0.21397040918056096
358	kf	6	0.10841256599686067
358	kf	7	0.6255712766500171
358	kf	8	0.7303436811455057
359	kd	0	
359	kd	1	
359	kd	2	
359	kd	3	
359	kd	4	
359	kd	5	
359	kf	0	0.5304284454486972
359	kf	1	1.0
359	kf	2	0.003840518815342589
359	kf	3	0.4024650065050447
359	kf	4	0.4927451208604254
359	kf	5	0.17344837246205402
360	kd	0	
360	kd	1	
360	kd	2	
360	kd	3	
360	kd	4	
360	kd	5	
360	kf	0	0.06975168026566689
360	kf	1	0.31475008383463127
360	kf	2	0.036546419285675556
360	kf	3	0.3487443945408141
360	kf	4	0.1362636371318909
360	kf	5	1.0
361	kd	0	
361	kd	1	
361	kd	2	
361	kf	0	1.0
361	kf	1	0.32067283837875055
361	kf	2	0.8305751060371916
362	kd	0	
362	kd	1	
362	kd	2	
362	kf	0	0.6006766460236248
362	kf	1	0.29753281947636323
362	kf	2	1.0
363	kd	0	
363	kd	1	
363	kd	2	
363	kd	3	
363	kd	4	
363	kd	5	
363	kd	6	
363	kf	0	0.9514991873283364
363	kf	1	0.6276733148958069
363	kf	2	0.804810708056322
363	kf	3	1.0
363	kf	4	0.959245036659914
363	kf	5	0.29648817328571364
363	kf	6	0.9663573512081269
364	kd	0	
364	kd	1	
364	kd	2	
364	kd	3	
364	kd	4	
364	kf	0	0.8559772708384465
364	kf	1	1.0
364	kf	2	0.722680178154062
364	kf	3	0.8367103376566636
364	kf	4	0.2617262021218064
365	kd	0	
365	kd	1	
365	kd	2	
365	kd	3	
365	kd	4	
365	kd	5	
365	kd	6	
365	kd	7	
365	kd	8	
365	kf	0	0.8831651791574375
365	kf	1	0.20922097083493738
365	kf	2	0.3893991590283444
365	kf	3	0.6253205575376779
365	kf	4	0.8177976065103392
365	kf	5	0.8313309044927686
365	kf	6	0.0543505215068611
365	kf	7	1.0
365	kf	8	0.6967464113460315
366	kd	0	
366	kd	1	
366	kd	2	
366	kd	3	
366	kd	4	
366	kd	5	
366	kf	0	0.19779422092735138
366	kf	1	1.0
366	kf	2	0.07552916705934923
366	kf	3	0.1870572980473782
366	kf	4	0.004463755706968921
366	kf	5	0.05973385159309549
367	kd	0	
367	kd	1	
367	kd	2	
367	kd	3	
367	kd	4	
367	kd	5	
367	kd	6	
367	kd	7	
367	kf	0	0.6931444672995035
367	kf	1	0.37161173641305695
367	kf	2	0.7611785506525592
367	kf	3	0.7219092356619149
367	kf	4	0.4099089391255117
367	kf	5	0.596391688844237
367	kf	6	0.7485321634624249
367	kf	7	1.0
368	kd	0	
368	kd	1	
368	kd	2	
368	kd	3	
368	kd	4	
368	kd	5	
368	kd	6	
368	kf	0	0.7579839454089504
368	kf	1	0.8176402924479305
368	kf	2	0.7051104932721516
368	kf	3	0.5596335305157066
368	kf	4	0.26675159849132285
368	kf	5	1.0
368	kf	6	0.9253273776148037
369	kd	0	
369	kd	1	
369	kd	2	
369	kd	3	
369	kd	4	
369	kd	5	
369	kf	0	1.0
369	kf	1	0.5842259332925526
369	kf	2	0.268107763460321
369	kf	3	0.5317761783490912
369	kf	4	0.27060455848660425
369	kf	5	0.6065471873920205
370	kd	0	
370	kd	1	
370	kd	2	
370	kd	3	
370	kd	4	
370	kf	0	0.04483365188092069
370	kf	1	1.0
370	kf	2	0.45111247840012175
370	kf	3	0.28643720816093493
370	kf	4	0.6649623915789393
371	kd	0	
371	kd	1	
371	kd	2	
371	kd	3	
371	kd	4	
371	kd	5	
371	kd	6	
371	kd	7	
371	kd	8	
371	kf	0	0.5476376669406409
371	kf	1	0.6395450116775059
371	kf	2	0.6544833203178912
371	kf	3	0.925262843344024
371	kf	4	0.10838400250912009
371	kf	5	0.5168982730787842
371	kf	6	0.8119830994979166
371	kf	7	1.0
371	kf	8	0.10184973655458646
372	kd	0	
372	kd	1	
372	kd	2	
372	kd	3	
372	kd	4	
372	kd	5	
372	kf	0	0.28967563054891143
372	kf	1	0.20431957954607025
372	kf	2	1.0
372	kf	3	0.09189165457239445
372	kf	4	0.9430294587574444
372	kf	5	0.8665781476326244
373	kd	0	
373	kd	1	
373	kd	2	
373	kf	0	1.0
373	kf	1	0.708667540930942
373	kf	2	0.6240811472405913
374	kd	0	
374	kd	1	
374	kd	2	
374	kd	3	
374	kf	0	1.0
374	kf	1	0.19846860784417342
374	kf	2	0.3730800649164611
374	kf	3	0.7087079851124416
375	kd	0	
375	kd	1	
375	kd	2	
375	kf	0	1.0
375	kf	1	0.02237014426599176
375	kf	2	0.07230826882327897
376	kd	0	
376	kd	1	
376	kd	2	
376	kd	3	
376	kf	0	0.2742230077536119
376	kf	1	0.6326471073882197
376	kf	2	1.0
376	kf	3	0.5851685040478092
377	kd	0	
377	kd	1	
377	kd	2	
377	kd	3	
377	kd	4	
377	kd	5	
377	kd	6	
377	kd	7	
377	kf	0	0.9813843249416416
377	kf	1	1.0
377	kf	2	0.3160720992805722
377	kf	3	0.8257572748565878
377	kf	4	0.5078019620692749
377	kf	5	0.5183216033644005
377	kf	6	0.7495243023690186
377	kf	7	0.22796936457982608
378	kd	0	
378	kd	1	
378	kd	2	
378	kd	3	
378	kd	4	
378	kd	5	
378	kd	6	
378	kd	7	
378	kd	8	
378	kf	0	0.6796157434462846
378	kf	1	1.0
378	kf	2	0.07729908253960861
378	kf	3	0.32098637601931385
378	kf	4	0.8787099055390138
378	kf	5	0.8256598976629174
378	kf	6	0.48804053868903857
378	kf	7	0.36176191849787065
378	kf	8	0.929551008965739
379	kd	0	
379	kd	1	
379	kd	2	
379	kf	0	0.6820996018788151
379	kf	1	0.5265040599964437
379	kf	2	1.0
380	kd	0	
380	kd	1	
380	kd	2	
380	kf	0	0.7688223546192321
380	kf	1	1.0
380	kf	2	0.48405180013208493
381	kd	0	
381	kd	1	
381	kd	2	
381	kd	3	
381	kd	4	
381	kf	0	0.2637426596615494
381	kf	1	1.0
381	kf	2	0.8073752105868578
381	kf	3	0.5885242365243779
381	kf	4	0.9346559491378778
382	kd	0	
382	kd	1	
382	kf	0	1.0
382	kf	1	0.13578617558584213
383	kd	0	
383	kd	1	
383	kd	2	
383	kd	3	
383	kd	4	
383	kd	5	
383	kd	6	
383	kd	7	
383	kd	8	
383	kd	9	
383	kf	0	0.46236047458605517
383	kf	1	0.9727605430463887
383	kf	2	0.5195227055655135
383	kf	3	0.09630654582842554
383	kf	4	0.867294235539137
383	kf	5	0.31431359494897715
383	kf	6	1.0
383	kf	7	0.6378870117742426
383	kf	8	0.4048659054760922
383	kf	9	0.08583990333527561
384	kd	0	
384	kd	1	
384	kd	2	
384	kf	0	0.01714932455040594
384	kf	1	0.8683566416546267
384	kf	2	1.0
385	kd	0	
385	kd	1	
385	kd	2	
385	kd	3	
385	kd	4	
385	kd	5	
385	kd	6	
385	kd	7	
385	kd	8	
385	kd	9	
385	kd	10	
385	kd	11	
385	kf	0	0.7139845583811377
385	kf	1	0.8692570074992961
385	kf	2	0.12274396071459107
385	kf	3	0.7790810517024669
385	kf	4	0.5956856003050035
385	kf	5	0.673251817073026
385	kf	6	0.1629572627604591
385	kf	7	0.8166635307340108
385	kf	8	0.9138948827801793
385	kf	9	0.39953420788475624
385	kf	10	1.0
385	kf	11	0.8024337626523991
386	kd	0	
386	kd	1	
386	kd	2	
386	kd	3	
386	kd	4	
386	kd	5	
386	kd	6	
386	kf	0	0.7031181323477694
386	kf	1	0.22544157074551166
386	kf	2	0.1731877034387544
386	kf	3	0.9132362476966924
386	kf	4	0.8732001298721083
386	kf	5	0.42221489854332195
386	kf	6	1.0
387	kd	0	
387	kd	1	
387	kd	2	
387	kd	3	
387	kd	4	
387	kd	5	
387	kd	6	
387	kd	7	
387	kd	8	
387	kf	0	0.5980088534163686
387	kf	1	0.48036251861397
387	kf	2	0.5229341347721402
387	kf	3	1.0
387	kf	4	0.5033578445726808
387	kf	5	0.0366110041310973
387	kf	6	0.2587986833251665
387	kf	7	0.518514186430957
387	kf	8	0.5142543766855547
388	kd	0	
388	kd	1	
388	kd	2	
388	kd	3	
388	kd	4	
388	kd	5	
388	kd	6	
388	kd	7	
388	kd	8	
388	kd	9	
388	kd	10	
388	kd	11	
388	kf	0	0.43009369492146643
388	kf	1	0.900908922715045
388	kf	2	0.8169757440684257
388	kf	3	1.0
388	kf	4	0.9461755368833726
388	kf	5	0.2972865062849809
388	kf	6	0.3832193602981664
388	kf	7	0.41016295168400657
388	kf	8	0.9025503916801124
388	kf	9	0.9170598950500575
388	kf	10	0.06498346656325008
388	kf	11	0.2889018957410932
389	kd	0	
389	kd	1	
389	kd	2	
389	kd	3	
389	kf	0	0.6583819302799194
389	kf	1	1.0
389	kf	2	0.4965323359927328
389	kf	3	0.8218685207790499
390	kd	0	
390	kd	1	
390	kd	2	
390	kf	0	0.14304153313883203
390	kf	1	0.008683953999188032
390	kf	2	1.0
391	kd	0	
391	kd	1	
391	kd	2	
391	kd	3	
391	kd	4	
391	kd	5	
391	kd	6	
391	kf	0	0.2617007877445133
391	kf	1	0.2890524910344043
391	kf	2	0.13423938050631032
391	kf	3	0.3509344144152477
391	kf	4	1.0
391	kf	5	0.6069567278947493
391	kf	6	0.4499433805130293
392	kd	0	
392	kd	1	
392	kd	2	
392	kd	3	
392	kd	4	
392	kd	5	
392	kd	6	
392	kd	7	
392	kd	8	
392	kf	0	0.8387412608188016
392	kf	1	0.01681419623450638
392	kf	2	0.5899970465234744
392	kf	3	0.8811546990685443
392	kf	4	0.8424863691066362
392	kf	5	1.0
392	kf	6	0.6628504279801518
392	kf	7	0.13916558036149124
392	kf	8	0.9088694838883313
393	kd	0	
393	kd	1	
393	kd	2	
393	kd	3	
393	kd	4	
393	kd	5	
393	kd	6	
393	kd	7	
393	kd	8	
393	kd	9	
393	kf	0	0.5672108801901637
393	kf	1	1.0
393	kf	2	0.3107235803125354
393	kf	3	0.8054574210937371
393	kf	4	0.47616644704378475
393	kf	5	0.7159605706570664
393	kf	6	0.2322673470492934
393	kf	7	0.3626876728932188
393	kf	8	0.20113538292913782
393	kf	9	0.45321500224096595
394	kd	0	
394	kd	1	
394	kd	2	
394	kd	3	
394	kd	4	
394	kd	5	
394	kd	6	
394	kd	7	
394	kd	8	
394	kf	0	0.8903529734246549
394	kf	1	0.008359500325259138
394	kf	2	0.18958554602928868
394	kf	3	0.9925219664664504
394	kf	4	0.6638152220391553
394	kf	5	0.0028190450577787645
394	kf	6	1.0
394	kf	7	0.9367906795562856
394	kf	8	0.9718036286397561
395	kd	0	
395	kd	1	
395	kd	2	
395	kd	3	
395	kf	0	1.0
395	kf	1	0.5186198465210675
395	kf	2	0.5128813729915767
395	kf	3	0.37605391256167237
396	kd	0	
396	kd	1	
396	kd	2	
396	kd	3	
396	kd	4	
396	kd	5	
396	kf	0	0.78051014908691
396	kf	1	0.4819152906830658
396	kf	2	0.2899355248140898
396	kf	3	0.0091063764265728
396	kf	4	0.5830194163588396
396	kf	5	1.0
397	kd	0	
397	kd	1	
397	kf	0	1.0
397	kf	1	0.7424416314920339
398	kd	0	
398	kd	1	
398	kd	2	
398	kf	0	1.0
398	kf	1	0.8326758131228631
398	kf	2	0.39247978646936915
399	kd	0	
399	kd	1	
399	kd	2	
399	kf	0	1.0
399	kf	1	0.34901694543489686
399	kf	2	0.6007761999945137
400	kd	0	
400	kd	1	
400	kd	2	
400	kd	3	
400	kd	4	
400	kd	5	
400	kd	6	
400	kd	7	
400	kd	8	
400	kf	0	0.5773793198252218
400	kf	1	0.5472950527857958
400	kf	2	0.06495974365659882
400	kf	3	0.6202756785209905
400	kf	4	1.0
400	kf	5	0.3416631795273993
400	kf	6	0.6202252063363156
400	kf	7	0.3951483482353194
400	kf	8	0.44115223845186713
401	kd	0	
401	kd	1	
401	kd	2	
401	kd	3	
401	kd	4	
401	kd	5	
401	kf	0	1.0
401	kf	1	0.969502185504513
401	kf	2	0.7289903506148845
401	kf	3	0.8935444476188263
401	kf	4	0.3328547619479921
401	kf	5	0.3628385544127373
402	kd	0	
402	kd	1	
402	kd	2	
402	kd	3	
402	kd	4	
402	kd	5	
402	kd	6	
402	kd	7	
402	kd	8	
402	kd	9	
402	kd	10	
402	kd	11	
402	kf	0	0.9693661917182081
402	kf	1	0.8539937805296938
402	kf	2	0.2912495846835074
402	kf	3	1.0
402	kf	4	0.6413079508057592
402	kf	5	0.7499146384001467
402	kf	6	0.34774983326645514
402	kf	7	0.7491250300132151
402	kf	8	0.13179375073359517
402	kf	9	0.42567268274594455
402	kf	10	0.1431112493530133
402	kf	11	0.09554290274551053
403	kd	0	
403	kd	1	
403	kd	2	
403	kd	3	
403	kd	4	
403	kd	5	
403	kf	0	0.16473584874304822
403	kf	1	0.042919704846852334
403	kf	2	0.842000029187316
403	kf	3	0.10094125012656222
403	kf	4	1.0
403	kf	5	0.7981048875772156
404	kd	0	
404	kd	1	
404	kd	2	
404	kf	0	1.0
404	kf	1	0.19727016264805064
404	kf	2	0.43834388858446216
405	kd	0	
405	kd	1	
405	kd	2	
405	kd	3	
405	kd	4	
405	kd	5	
405	kd	6	
405	kd	7	
405	kd	8	
405	kf	0	0.37361106133581445
405	kf	1	1.0
405	kf	2	0.4625418025629921
405	kf	3	0.8812285379988651
405	kf	4	0.2646449520391799
405	kf	5	0.7453545987726325
405	kf	6	0.5999405990917464
405	kf	7	0.4868025918287945
405	kf	8	0.036207293903507146
406	kd	0	
406	kd	1	
406	kd	2	
406	kd	3	
406	kf	0	0.9561835376513452
406	kf	1	1.0
406	kf	2	0.5224823922664436
406	kf	3	0.8856587622428733
407	kd	0	
407	kd	1	
407	kd	2	
407	kd	3	
407	kd	4	
407	kd	5	
407	kd	6	
407	kd	7	
407	kf	0	0.4933215174559118
407	kf	1	0.497750014885635
407	kf	2	0.6626765301212332
407	kf	3	0.6402226247695649
407	kf	4	1.0
407	kf	5	0.08853383230394826
407	kf	6	0.5428943478081651
407	kf	7	0.6545531755732586
408	kd	0	
408	kd	1	
408	kd	2	
408	kf	0	1.0
408	kf	1	0.9346773184919703
408	kf	2	0.6948192866011363
409	kd	0	
409	kd	1	
409	kd	2	
409	kd	3	
409	kd	4	
409	kd	5	
409	kf	0	0.5154746208001687
409	kf	1	1.0
409	kf	2	0.9325413776133713
409	kf	3	0.1860941874320346
409	kf	4	0.8870402119321458
409	kf	5	0.9335924361756104
410	kd	0	
410	kd	1	
410	kf	0	1.0
410	kf	1	0.49792180621898646
411	kd	0	
411	kd	1	
411	kd	2	
411	kf	0	0.7736949042820608
411	kf	1	0.08570385646342037
411	kf	2	1.0
412	kd	0	
412	kd	1	
412	kd	2	
412	kd	3	
412	kd	4	
412	kd	5	
412	kf	0	0.8691543387406327
412	kf	1	0.9072840294561935
412	kf	2	1.0
412	kf	3	0.3302806382859006
412	kf	4	0.30887728839043677
412	kf	5	0.5171729043098311
413	kd	0	
413	kd	1	
413	kd	2	
413	kd	3	
413	kd	4	
413	kd	5	
413	kd	6	
413	kd	7	
413	kd	8	
413	kf	0	0.8652827489051601
413	kf	1	0.8099412902711979
413	kf	2	1.0
413	kf	3	0.6326076198884772
413	kf	4	0.9924288862841006
413	kf	5	0.45453585695500887
413	kf	6	0.24825467880282592
413	kf	7	0.8199854039974306
413	kf	8	0.99813781389387
414	kd	0	
414	kd	1	
414	kd	2	
414	kd	3	
414	kd	4	
414	kd	5	
414	kd	6	
414	kd	7	
414	kd	8	
414	kd	9	
414	kd	10	
414	kd	11	
414	kf	0	0.7449987429274956
414	kf	1	1.0
414	kf	2	0.7901890915711662
414	kf	3	0.5723000908582727
414	kf	4	0.015432464270973292
414	kf	5	0.5928185092267116
414	kf	6	0.17549180329368577
414	kf	7	0.07740074616392417
414	kf	8	0.14796828279117732
414	kf	9	0.6486414029729233
414	kf	10	0.028926998020346584
414	kf	11	0.5352664843790138
415	kd	0	
415	kd	1	
415	kd	2	
415	kd	3	
415	kf	0	0.061644940301345943
415	kf	1	0.9864491292289728
415	kf	2	1.0
415	kf	3	0.41135318701910284
416	kd	0	
416	kd	1	
416	kf	0	0.5834121045337782
416	kf	1	1.0
417	kd	0	
417	kd	1	
417	kd	2	
417	kd	3	
417	kf	0	0.6942996065097723
417	kf	1	0.8995474637569361
417	kf	2	0.6631123824650558
417	kf	3	1.0
418	kd	0	
418	kd	1	
418	kd	2	
418	kd	3	
418	kd	4	
418	kf	0	0.09534734562007356
418	kf	1	0.9303658831667747
418	kf	2	1.0
418	kf	3	0.29280594789716075
418	kf	4	0.1525926387393476
419	kd	0	
419	kd	1	
419	kd	2	
419	kd	3	
419	kd	4	
419	kd	5	
419	kd	6	
419	kf	0	0.9143057124567334
419	kf	1	0.31626868130547736
419	kf	2	0.6770120180481339
419	kf	3	0.2610886795231472
419	kf	4	1.0
419	kf	5	0.9688857840402182
419	kf	6	0.25025363903436804
420	kd	0	
420	kd	1	
420	kd	2	
420	kd	3	
420	kd	4	
420	kd	5	
420	kd	6	
420	kd	7	
420	kd	8	
420	kd	9	
420	kd	10	
420	kd	11	
420	kf	0	0.9791578022676125
420	kf	1	0.8106996674259634
420	kf	2	0.18150153257018606
420	kf	3	0.0873224679124361
420	kf	4	0.8467843323531761
420	kf	5	0.5993375055224228
420	kf	6	0.10083020558662284
420	kf	7	0.11168279914543747
420	kf	8	0.41055893303284424
420	kf	9	0.9704337489551496
420	kf	10	1.0
420	kf	11	0.8950334632920933
421	kd	0	
421	kd	1	
421	kd	2	
421	kd	3	
421	kd	4	
421	kd	5	
421	kd	6	
421	kd	7	
421	kf	0	0.9793963761635165
421	kf	1	0.9819919580159897
421	kf	2	0.8653487828176908
421	kf	3	0.32070137080926114
421	kf	4	0.7364569889389126
421	kf	5	1.0
421	kf	6	0.41154616685886325
421	kf	7	0.44301344836654516
422	kd	0	
422	kd	1	
422	kd	2	
422	kd	3	
422	kf	0	1.0
422	kf	1	0.8249219007316059
422	kf	2	0.2945784671390891
422	kf	3	0.7601006876955612
423	kd	0	
423	kd	1	
423	kd	2	
423	kd	3	
423	kd	4	
423	kd	5	
423	kd	6	
423	kd	7	
423	kd	8	
423	kf	0	0.8133655924137472
423	kf	1	0.9716204374591594
423	kf	2	0.4772040294744608
423	kf	3	1.0
423	kf	4	0.6936638241740761
423	kf	5	0.4622005870642278
423	kf	6	0.8754791344723076
423	kf	7	0.26218926295837014
423	kf	8	0.2801420365778422
424	kd	0	
424	kd	1	
424	kd	2	
424	kd	3	
424	kd	4	
424	kd	5	
424	kd	6	
424	kd	7	
424	kf	0	1.0
424	kf	1	0.06327562789249819
424	kf	2	0.24174819113457818
424	kf	3	0.5712879674115061
424	kf	4	0.3378099596013082
424	kf	5	0.9187028512820626
424	kf	6	0.9471825625076801
424	kf	7	0.3946465574991584
425	kd	0	
425	kd	1	
425	kd	2	
425	kd	3	
425	kd	4	
425	kd	5	
425	kd	6	
425	kd	7	
425	kf	0	0.08630681584955815
425	kf	1	0.5471266978151648
425	kf	2	1.0
425	kf	3	0.054639823532974335
425	kf	4	0.13064906333109985
425	kf	5	0.5296156852586621
425	kf	6	0.8049905359301139
425	kf	7	0.4367377777064013
426	kd	0	
426	kd	1	
426	kd	2	
426	kf	0	1.0
426	kf	1	0.9576678013993363
426	kf	2	0.8304917772648376
427	kd	0	
427	kd	1	
427	kd	2	
427	kd	3	
427	kd	4	
427	kd	5	
427	kd	6	
427	kd	7	
427	kd	8	
427	kd	9	
427	kf	0	0.07467924414732682
427	kf	1	0.8459023615569831
427	kf	2	0.5474687408639907
427	kf	3	0.5874633071826546
427	kf	4	0.9340286737559756
427	kf	5	0.9850048437831017
427	kf	6	0.44896635308745053
427	kf	7	0.6760913790354695
427	kf	8	1.0
427	kf	9	0.8193091240354345
428	kd	0	
428	kd	1	
428	kd	2	
428	kd	3	
428	kd	4	
428	kd	5	
428	kd	6	
428	kd	7	
428	kf	0	0.08127190634434449
428	kf	1	0.6047753845041415
428	kf	2	0.3317374752632644
428	kf	3	0.2712706882994913
428	kf	4	0.6066621560956722
428	kf	5	0.6455442824628684
428	kf	6	1.0
428	kf	7	0.4964400042067007
429	kd	0	
429	kd	1	
429	kd	2	
429	kd	3	
429	kd	4	
429	kd	5	
429	kf	0	1.0
429	kf	1	0.08560587848477466
429	kf	2	0.8179720124983706
429	kf	3	0.05141873980712299
429	kf	4	0.28748708077330665
429	kf	5	0.9910857731344308
430	kd	0	
430	kd	1	
430	kd	2	
430	kd	3	
430	kd	4	
430	kd	5	
430	kd	6	
430	kd	7	
430	kf	0	0.4633127790763707
430	kf	1	0.40410812116778994
430	kf	2	0.5023612609875551
430	kf	3	1.0
430	kf	4	0.6597654856194438
430	kf	5	0.1956069334778002
430	kf	6	0.6724570516291007
430	kf	7	0.9455061188706437
431	kd	0	
431	kd	1	
431	kd	2	
431	kd	3	
431	kd	4	
431	kf	0	1.0
431	kf	1	0.9497283575020337
431	kf	2	0.5345624849187035
431	kf	3	0.561362453063236
431	kf	4	0.19215691156412432
432	kd	0	
432	kd	1	
432	kd	2	
432	kd	3	
432	kf	0	0.20209445388220967
432	kf	1	1.0
432	kf	2	0.6854133087285493
432	kf	3	0.45518932722069233
433	kd	0	
433	kd	1	
433	kd	2	
433	kd	3	
433	kd	4	
433	kf	0	1.0
433	kf	1	0.049465116754081634
433	kf	2	0.44760137379413745
433	kf	3	0.09812005156137943
433	kf	4	0.7186300478834552
434	kd	0	
434	kd	1	
434	kd	2	
434	kd	3	
434	kd	4	
434	kd	5	
434	kd	6	
434	kd	7	
434	kd	8	
434	kd	9	
434	kd	10	
434	kd	11	
434	kf	0	1.0
434	kf	1	0.1460968126219834
434	kf	2	0.5598259643812864
434	kf	3	0.9357289271337983
434	kf	4	0.5221441408040474
434	kf	5	0.41008870012827603
434	kf	6	0.5503253525497085
434	kf	7	0.4123307317881084
434	kf	8	0.9205738234481914
434	kf	9	0.646267519131668
434	kf	10	0.21692810590058345
434	kf	11	0.5957530183783268
435	kd	0	
435	kd	1	
435	kd	2	
435	kd	3	
435	kd	4	
435	kd	5	
435	kd	6	
435	kd	7	
435	kd	8	
435	kf	0	0.6550704152589063
435	kf	1	0.3445056577834857
435	kf	2	0.1353771593466246
435	kf	3	0.5976904472090832
435	kf	4	0.18339426212153315
435	kf	5	0.5979552389473681
435	kf	6	0.8261683075581723
435	kf	7	1.0
435	kf	8	0.8848508726146478
436	kd	0	
436	kd	1	
436	kf	0	0.17259095559578713
436	kf	1	1.0
437	kd	0	
437	kd	1	
437	kd	2	
437	kf	0	0.18689071917421082
437	kf	1	1.0
437	kf	2	0.001357885388642773
438	kd	0	
438	kd	1	
438	kd	2	
438	kf	0	0.5429456635629829
438	kf	1	0.7693820935101728
438	kf	2	1.0
439	kd	0	
439	kd	1	
439	kd	2	
439	kd	3	
439	kd	4	
439	kd	5	
439	kd	6	
439	kf	0	0.9833702272515386
439	kf	1	0.4333121910809421
439	kf	2	0.38342936143302175
439	kf	3	0.8781531347720386
439	kf	4	0.7554562725001995
439	kf	5	0.9222706060822602
439	kf	6	1.0
440	kd	0	
440	kd	1	
440	kd	2	
440	kd	3	
440	kd	4	
440	kd	5	
440	kd	6	
440	kf	0	0.4433219728173951
440	kf	1	0.9937684713454409
440	kf	2	0.6288386631963067
440	kf	3	0.3445594145287118
440	kf	4	1.0
440	kf	5	0.9623309486986202
440	kf	6	0.9169971917290958
441	kd	0	
441	kd	1	
441	kd	2	
441	kf	0	0.1797698950478201
441	kf	1	0.985529679483614
441	kf	2	1.0
442	kd	0	
442	kd	1	
442	kf	0	1.0
442	kf	1	0.8353292315583258
443	kd	0	
443	kd	1	
443	kd	2	
443	kd	3	
443	kd	4	
443	kd	5	
443	kd	6	
443	kd	7	
443	kd	8	
443	kd	9	
443	kd	10	
443	kf	0	0.0057399428781344155
443	kf	1	0.2858002895303973
443	kf	2	0.9207215564065399
443	kf	3	0.685503580219344
443	kf	4	0.1384995020791168
443	kf	5	0.4926195660884489
443	kf	6	0.36827955851808625
443	kf	7	0.9979626075683684
443	kf	8	0.055241382170651644
443	kf	9	0.10739464598055862
443	kf	10	1.0
444	kd	0	
444	kd	1	
444	kd	2	
444	kf	0	1.0
444	kf	1	0.6915584640206536
444	kf	2	0.5940443280457075
445	kd	0	
445	kd	1	
445	kf	0	0.16295846040077935
445	kf	1	1.0
446	kd	0	
446	kd	1	
446	kd	2	
446	kd	3	
446	kd	4	
446	kd	5	
446	kd	6	
446	kd	7	
446	kd	8	
446	kd	9	
446	kd	10	
446	kd	11	
446	kf	0	0.37818794822324114
446	kf	1	0.2645213303714414
446	kf	2	0.3651358340535115
446	kf	3	0.5254825848847249
446	kf	4	1.0
446	kf	5	0.6914524647317483
446	kf	6	0.3140633914955167
446	kf	7	0.6399970350327313
446	kf	8	0.10725465702625445
446	kf	9	0.17966940508961246
446	kf	10	0.030693841898556624
446	kf	11	0.7067494308991223
447	kd	0	
447	kd	1	
447	kd	2	
447	kd	3	
447	kf	0	0.16254543651045422
447	kf	1	0.4577657029570144
447	kf	2	0.45118744607269284
447	kf	3	1.0
448	kd	0	
448	kd	1	
448	kd	2	
448	kd	3	
448	kd	4	
448	kd	5	
448	kd	6	
448	kd	7	
448	kf	0	0.8395856933415142
448	kf	1	0.36765330891876646
448	kf	2	0.4864101329694184
448	kf	3	1.0
448	kf	4	0.6644780016955381
448	kf	5	0.2579296352495286
448	kf	6	0.8219076044803575
448	kf	7	0.3898250977104789
449	kd	0	
449	kd	1	
449	kd	2	
449	kd	3	
449	kf	0	0.04107844492290079
449	kf	1	1.0
449	kf	2	0.8647473201480368
449	kf	3	0.4049793568582106
450	kd	0	
450	kd	1	
450	kf	0	1.0
450	kf	1	0.03506244559803652
451	kd	0	
451	kd	1	
451	kd	2	
451	kd	3	
451	kd	4	
451	kd	5	
451	kd	6	
451	kf	0	0.9933675645316666
451	kf	1	0.22199118756575748
451	kf	2	0.4076648685019416
451	kf	3	1.0
451	kf	4	0.5554066181188848
451	kf	5	0.4995722425377255
451	kf	6	0.7371044801420017
452	kd	0	
452	kd	1	
452	kd	2	
452	kd	3	
452	kf	0	0.7883967671574905
452	kf	1	0.9782765419978554
452	kf	2	1.0
452	kf	3	0.24111458009056852
453	kd	0	
453	kd	1	
453	kd	2	
453	kd	3	
453	kd	4	
453	kf	0	0.47035609279281554
453	kf	1	1.0
453	kf	2	0.07651323945396471
453	kf	3	0.4930967300664874
453	kf	4	0.2052222196024236
454	kd	0	
454	kd	1	
454	kd	2	
454	kd	3	
454	kd	4	
454	kd	5	
454	kd	6	
454	kd	7	
454	kd	8	
454	kd	9	
454	kd	10	
454	kf	0	0.017353593368765467
454	kf	1	0.34862872053533
454	kf	2	0.3075628218188082
454	kf	3	0.018348777584517705
454	kf	4	1.0
454	kf	5	0.2304685996465998
454	kf	6	0.4289775721148906
454	kf	7	0.008237041589164162
454	kf	8	0.6981936528975735
454	kf	9	0.7055519236196193
454	kf	10	0.12888596346809228
455	kd	0	
455	kd	1	
455	kd	2	
455	kd	3	
455	kd	4	
455	kd	5	
455	kf	0	0.45235340908709903
455	kf	1	0.4109461299836635
455	kf	2	0.7949258600820033
455	kf	3	0.46338201713208377
455	kf	4	1.0
455	kf	5	0.48611353776024124
456	kd	0	
456	kd	1	
456	kd	2	
456	kd	3	
456	kf	0	0.33383615778644943
456	kf	1	0.021952140645167473
456	kf	2	1.0
456	kf	3	0.9425084946438153
457	kd	0	
457	kd	1	
457	kd	2	
457	kf	0	0.9137190296788461
457	kf	1	1.0
457	kf	2	0.4484312443774125
458	kd	0	
458	kd	1	
458	kd	2	
458	kd	3	
458	kd	4	
458	kd	5	
458	kf	0	0.5231764188338738
458	kf	1	1.0
458	kf	2	0.7438420507688075
458	kf	3	0.18880985558180663
458	kf	4	0.06143838653702541
458	kf	5	0.8788153934797805
459	kd	0	
459	kd	1	
459	kd	2	
459	kd	3	
459	kd	4	
459	kd	5	
459	kd	6	
459	kd	7	
459	kd	8	
459	kd	9	
459	kd	10	
459	kd	11	
459	kf	0	0.2041989396030091
459	kf	1	0.11720327728746782
459	kf	2	0.8908971508799877
459	kf	3	0.47426938104966887
459	kf	4	0.8380073815935504
459	kf	5	0.6310152290079712
459	kf	6	0.6484178341225711
459	kf	7	0.4447358959311607
459	kf	8	0.7546871467011869
459	kf	9	0.11706409600807219
459	kf	10	0.8175531559974548
459	kf	11	1.0
460	kd	0	
460	kd	1	
460	kd	2	
460	kd	3	
460	kd	4	
460	kd	5	
460	kd	6	
460	kf	0	0.7577951528856465
460	kf	1	0.5580802829153516
460	kf	2	0.6470673475530957
460	kf	3	1.0
460	kf	4	0.34916694906787943
460	kf	5	0.3930809131894025
460	kf	6	0.33683327240979183
461	kd	0	
461	kd	1	
461	kd	2	
461	kd	3	
461	kd	4	
461	kd	5	
461	kd	6	
461	kd	7	
461	kd	8	
461	kd	9	
461	kf	0	0.33142063371976416
461	kf	1	0.25141903529662624
461	kf	2	0.6745516844030657
461	kf	3	0.20837948193635766
461	kf	4	0.6289849729034321
461	kf	5	0.2617583970266647
461	kf	6	0.9326691909722411
461	kf	7	0.05111039180352708
461	kf	8	1.0
461	kf	9	0.7997943481875426
462	kd	0	
462	kd	1	
462	kd	2	
462	kd	3	
462	kd	4	
462	kd	5	
462	kf	0	0.5387790159567828
462	kf	1	0.3103459985910392
462	kf	2	0.5131704403539286
462	kf	3	0.554385139565944
462	kf	4	0.7133036633234909
462	kf	5	1.0
463	kd	0	
463	kd	1	
463	kd	2	
463	kd	3	
463	kd	4	
463	kd	5	
463	kd	6	
463	kf	0	0.05694732317660603
463	kf	1	0.24879277140837802
463	kf	2	0.3543913940174078
463	kf	3	0.9083052154606658
463	kf	4	1.0
463	kf	5	0.21329737884791644
463	kf	6	0.46291632975736297
464	kd	0	
464	kd	1	
464	kf	0	1.0
464	kf	1	0.10452349259269618
465	kd	0	
465	kd	1	
465	kd	2	
465	kf	0	0.6960637980997985
465	kf	1	0.08462107023124397
465	kf	2	1.0
466	kd	0	
466	kd	1	
466	kd	2	
466	kd	3	
466	kd	4	
466	kf	0	0.32998085423866474
466	kf	1	1.0
466	kf	2	0.029768972423385824
466	kf	3	0.6949197254191872
466	kf	4	0.3744470270332843
467	kd	0	
467	kd	1	
467	kd	2	
467	kd	3	
467	kd	4	
467	kd	5	
467	kd	6	
467	kd	7	
467	kd	8	
467	kd	9	
467	kf	0	0.33932695840903804
467	kf	1	1.0
467	kf	2	0.8631078948831521
467	kf	3	0.2986290592960447
467	kf	4	0.7125131017875443
467	kf	5	0.9394233666772411
467	kf	6	0.11124238809039648
467	kf	7	0.22703743415964783
467	kf	8	0.16799943564371045
467	kf	9	0.9202845492433701
468	kd	0	
468	kd	1	
468	kd	2	
468	kd	3	
468	kd	4	
468	kd	5	
468	kf	0	0.4821568057074929
468	kf	1	0.19768344093181117
468	kf	2	0.15030905617990384
468	kf	3	1.0
468	kf	4	0.5860820121275858
468	kf	5	0.05222410064463094
469	kd	0	
469	kd	1	
469	kd	2	
469	kf	0	1.0
469	kf	1	0.18993264600636392
469	kf	2	0.38328303023261473
470	kd	0	
470	kd	1	
470	kd	2	
470	kd	3	
470	kd	4	
470	kd	5	
470	kd	6	
470	kd	7	
470	kd	8	
470	kf	0	0.653785446583225
470	kf	1	0.24122831643468276
470	kf	2	0.32384761613050567
470	kf	3	0.7252885359258174
470	kf	4	0.16429646488255337
470	kf	5	0.6553086750335725
470	kf	6	0.8965762752089645
470	kf	7	1.0
470	kf	8	0.3539811866712422
471	kd	0	
471	kd	1	
471	kd	2	
471	kf	0	1.0
471	kf	1	0.4466913394031762
471	kf	2	0.9493138112289384
472	kd	0	
472	kd	1	
472	kd	2	
472	kd	3	
472	kd	4	
472	kf	0	0.38780592892338134
472	kf	1	0.4430770017482679
472	kf	2	0.576907904723988
472	kf	3	1.0
472	kf	4	0.5484236699690331
473	kd	0	
473	kd	1	
473	kd	2	
473	kd	3	
473	kd	4	
473	kd	5	
473	kd	6	
473	kd	7	
473	kd	8	
473	kd	9	
473	kd	10	
473	kf	0	1.0
473	kf	1	0.5963993663683672
473	kf	2	0.5194247006875581
473	kf	3	0.3505531946770718
473	kf	4	0.2461290826760479
473	kf	5	0.992089256921545
473	kf	6	0.9472053298203132
473	kf	7	0.6315002286746768
473	kf	8	0.7536473003510769
473	kf	9	0.9946504929015266
473	kf	10	0.849087316582057
474	kd	0	
474	kd	1	
474	kd	2	
474	kd	3	
474	kd	4	
474	kd	5	
474	kf	0	0.47597167042849303
474	kf	1	1.0
474	kf	2	0.9490900343988394
474	kf	3	0.6009804015834016
474	kf	4	0.5619041342495282
474	kf	5	0.3721155026730097
475	kd	0	
475	kd	1	
475	kf	0	0.39697841249394994
475	kf	1	1.0
476	kd	0	
476	kd	1	
476	kd	2	
476	kd	3	
476	kd	4	
476	kd	5	
476	kf	0	1.0
476	kf	1	0.7490434357693948
476	kf	2	0.04788257926476145
476	kf	3	0.1532640736970011
476	kf	4	0.684136409879796
476	kf	5	0.010274376568262529
477	kd	0	
477	kd	1	
477	kd	2	
477	kf	0	1.0
477	kf	1	0.4561568578991862
477	kf	2	0.8119006539151101
478	kd	0	
478	kd	1	
478	kd	2	
478	kd	3	
478	kd	4	
478	kd	5	
478	kd	6	
478	kd	7	
478	kd	8	
478	kd	9	
478	kd	10	
478	kf	0	0.03301995013941213
478	kf	1	0.1016932967482013
478	kf	2	0.7704909885493268
478	kf	3	0.42150698501312406
478	kf	4	1.0
478	kf	5	0.09000684108089027
478	kf	6	0.9509972364547669
478	kf	7	0.8235982745743929
478	kf	8	0.2863260490758546
478	kf	9	0.18882973396995245
478	kf	10	0.17287508360405524
479	kd	0	
479	kd	1	
479	kd	2	
479	kd	3	
479	kd	4	
479	kd	5	
479	kd	6	
479	kd	7	
479	kd	8	
479	kd	9	
479	kd	10	
479	kf	0	1.0
479	kf	1	0.9533379617356484
479	kf	2	0.01930219711857434
479	kf	3	0.9627599635895575
479	kf	4	0.5758693610295891
479	kf	5	0.11612219871276375
479	kf	6	0.972750635299149
479	kf	7	0.23884925558844444
479	kf	8	0.5838123357697996
479	kf	9	0.48850701202189883
479	kf	10	0.9628012231220671
480	kd	0	
480	kd	1	
480	kd	2	
480	kd	3	
480	kd	4	
480	kd	5	
480	kd	6	
480	kd	7	
480	kd	8	
480	kf	0	0.09908494483476961
480	kf	1	1.0
480	kf	2	0.5537281105441072
480	kf	3	0.2735713769720545
480	kf	4	0.3637721564717593
480	kf	5	0.3032084418533303
480	kf	6	0.9983761378462107
480	kf	7	0.7807773214193413
480	kf	8	0.4938635242819356
481	kd	0	
481	kd	1	
481	kd	2	
481	kd	3	
481	kd	4	
481	kd	5	
481	kf	0	1.0
481	kf	1	0.11525411651458627
481	kf	2	0.8150570107444621
481	kf	3	0.8836331884181817
481	kf	4	0.753376105323775
481	kf	5	0.3976595465601364
482	kd	0	
482	kd	1	
482	kd	2	
482	kd	3	
482	kf	0	0.9554779923055482
482	kf	1	1.0
482	kf	2	0.9286132425213748
482	kf	3	0.20156024301236009
483	kd	0	
483	kd	1	
483	kd	2	
483	kd	3	
483	kf	0	0.12725298160031906
483	kf	1	0.02097403863796986
483	kf	2	0.0021678842532145107
483	kf	3	1.0
484	kd	0	
484	kd	1	
484	kd	2	
484	kd	3	
484	kd	4	
484	kf	0	1.0
484	kf	1	0.7530991417303711
484	kf	2	0.6015666858596349
484	kf	3	0.6961083065354404
484	kf	4	0.8417609561086387
485	kd	0	
485	kd	1	
485	kf	0	1.0
485	kf	1	0.3248322747179248
486	kd	0	
486	kd	1	
486	kd	2	
486	kd	3	
486	kd	4	
486	kf	0	0.06836777732267894
486	kf	1	1.0
486	kf	2	0.014896140178904189
486	kf	3	0.4429941114895956
486	kf	4	0.5506302593187495
487	kd	0	
487	kd	1	
487	kd	2	
487	kd	3	
487	kd	4	
487	kd	5	
487	kd	6	
487	kd	7	
487	kd	8	
487	kf	0	0.18423513468106445
487	kf	1	0.7701034977210909
487	kf	2	0.023454187299650358
487	kf	3	0.15260802006821703
487	kf	4	0.1111265156016408
487	kf	5	0.5387333861513685
487	kf	6	0.437112684088072
487	kf	7	1.0
487	kf	8	0.5445422819166036
488	kd	0	
488	kd	1	
488	kd	2	
488	kd	3	
488	kd	4	
488	kd	5	
488	kd	6	
488	kd	7	
488	kd	8	
488	kd	9	
488	kd	10	
488	kd	11	
488	kf	0	0.030720033688142474
488	kf	1	0.8526894184954917
488	kf	2	0.6349512107176125
488	kf	3	0.07358043697034622
488	kf	4	0.2513008195993073
488	kf	5	0.028402472363842867
488	kf	6	0.1370924367732845
488	kf	7	0.07080909417438573
488	kf	8	0.9801256325086457
488	kf	9	1.0
488	kf	10	0.7172519287784848
488	kf	11	0.1725912218279086
489	kd	0	
489	kd	1	
489	kd	2	
489	kd	3	
489	kf	0	0.025688825978986495
489	kf	1	0.5397720802935124
489	kf	2	1.0
489	kf	3	0.16771915548690902
490	kd	0	
490	kd	1	
490	kd	2	
490	kd	3	
490	kf	0	0.8120677647549969
490	kf	1	0.3202910017594027
490	kf	2	0.29945589991567356
490	kf	3	1.0
491	kd	0	
491	kd	1	
491	kd	2	
491	kf	0	0.22832895755285507
491	kf	1	0.6319947749828969
491	kf	2	1.0
492	kd	0	
492	kd	1	
492	kd	2	
492	kd	3	
492	kd	4	
492	kd	5	
492	kd	6	
492	kd	7	
492	kf	0	0.5303600681333024
492	kf	1	0.32505237268173887
492	kf	2	0.21167308184500688
492	kf	3	0.8236507307838377
492	kf	4	0.15051416357082312
492	kf	5	0.6258607713190981
492	kf	6	0.8292792253282825
492	kf	7	1.0
493	kd	0	
493	kd	1	
493	kd	2	
493	kf	0	0.2377601544323345
493	kf	1	1.0
493	kf	2	0.3929781512436694
494	kd	0	
494	kd	1	
494	kd	2	
494	kd	3	
494	kd	4	
494	kd	5	
494	kd	6	
494	kd	7	
494	kd	8	
494	kd	9	
494	kd	10	
494	kf	0	0.6867733181955255
494	kf	1	0.5892045160550565
494	kf	2	0.42820522702059405
494	kf	3	0.7597385303287906
494	kf	4	0.6319969781622825
494	kf	5	0.41616581338706204
494	kf	6	1.0
494	kf	7	0.4229317468791209
494	kf	8	0.1309712023176594
494	kf	9	0.743174635697057
494	kf	10	0.12442752753122537
495	kd	0	
495	kd	1	
495	kd	2	
495	kd	3	
495	kd	4	
495	kd	5	
495	kd	6	
495	kd	7	
495	kd	8	
495	kf	0	0.8821907593714085
495	kf	1	0.3451097728992968
495	kf	2	1.0
495	kf	3	0.05725379416242839
495	kf	4	0.03594336286774474
495	kf	5	0.3215659099921086
495	kf	6	0.3599504939537653
495	kf	7	0.9324965478557865
495	kf	8	0.9350955425045716
496	kd	0	
496	kd	1	
496	kd	2	
496	kd	3	
496	kd	4	
496	kd	5	
496	kd	6	
496	kd	7	
496	kd	8	
496	kd	9	
496	kf	0	1.0
496	kf	1	0.799992850284366
496	kf	2	0.6795446088193691
496	kf	3	0.6432370098669358
496	kf	4	0.8461789529314373
496	kf	5	0.8956416327528137
496	kf	6	0.9323074821621278
496	kf	7	0.512401767500888
496	kf	8	0.9560532381731716
496	kf	9	0.12595622584959898
497	kd	0	
497	kd	1	
497	kd	2	
497	kd	3	
497	kd	4	
497	kd	5	
497	kf	0	0.5231903401100296
497	kf	1	0.729051276742357
497	kf	2	1.0
497	kf	3	0.5352494992871277
497	kf	4	0.07577777127576109
497	kf	5	0.8308996996151035
498	kd	0	
498	kd	1	
498	kd	2	
498	kd	3	
498	kd	4	
498	kd	5	
498	kd	6	
498	kd	7	
498	kd	8	
498	kd	9	
498	kd	10	
498	kd	11	
498	kf	0	0.856098945604908
498	kf	1	0.8566775297070436
498	kf	2	0.25317799661486495
498	kf	3	0.5872508024578627
498	kf	4	0.924506639200899
498	kf	5	0.9066356516005188
498	kf	6	0.6022423496145688
498	kf	7	0.380575803108828
498	kf	8	1.0
498	kf	9	0.06982922872062686
498	kf	10	0.6763520677034854
498	kf	11	0.9981152873241381
499	kd	0	
499	kd	1	
499	kd	2	
499	kd	3	
499	kd	4	
499	kd	5	
499	kd	6	
499	kd	7	
499	kd	8	
499	kd	9	
499	kd	10	
499	kf	0	0.5295785448214886
499	kf	1	0.40383899351069596
499	kf	2	1.0
499	kf	3	0.6451573829939636
499	kf	4	0.38633670123131286
499	kf	5	0.3680159951635305
499	kf	6	0.6293574421081078
499	kf	7	0.25358717947939236
499	kf	8	0.17039088188547677
499	kf	9	0.5493118346033603
499	kf	10	0.35463659587846935
500	kd	0	
500	kd	1	
500	kd	2	
500	kd	3	
500	kd	4	
500	kd	5	
500	kf	0	0.19351214719044443
500	kf	1	0.12626132226705253
500	kf	2	0.17643109238725158
500	kf	3	1.0
500	kf	4	0.0069981311827386145
500	kf	5	0.9854497477270375
501	kd	0	
501	kd	1	
501	kd	2	
501	kd	3	
501	kd	4	
501	kd	5	
501	kd	6	
501	kf	0	0.6708871689927485
501	kf	1	0.4553883007182125
501	kf	2	0.10405973461095791
501	kf	3	1.0
501	kf	4	0.01074405931302414
501	kf	5	0.47325294069657414
501	kf	6	0.6133255712689972
502	kd	0	
502	kd	1	
502	kd	2	
502	kd	3	
502	kd	4	
502	kd	5	
502	kd	6	
502	kd	7	
502	kf	0	0.12256482175241316
502	kf	1	0.3767064111401123
502	kf	2	1.0
502	kf	3	0.1472956262357595
502	kf	4	0.1012171491631879
502	kf	5	0.4603574509320738
502	kf	6	0.18367717540728892
502	kf	7	0.8536094119406248
503	kd	0	
503	kd	1	
503	kd	2	
503	kd	3	
503	kd	4	
503	kd	5	
503	kd	6	
503	kd	7	
503	kd	8	
503	kd	9	
503	kf	0	0.17712592114532696
503	kf	1	0.40729515953324613
503	kf	2	1.0
503	kf	3	0.8041306080498541
503	kf	4	0.4281299387091418
503	kf	5	0.7165229217277252
503	kf	6	0.08866540408143933
503	kf	7	0.5394020321730219
503	kf	8	0.5766072129703883
503	kf	9	0.17325719302065232
504	kd	0	
504	kd	1	
504	kd	2	
504	kd	3	
504	kd	4	
504	kd	5	
504	kd	6	
504	kd	7	
504	kd	8	
504	kd	9	
504	kf	0	0.7250207293247706
504	kf	1	0.8551213192676388
504	kf	2	0.5118062010052248
504	kf	3	0.42728644582070047
504	kf	4	0.9361526242114043
504	kf	5	1.0
504	kf	6	0.5889361685805201
504	kf	7	0.23860245754692208
504	kf	8	0.5948557302127051
504	kf	9	0.6546110639770739
505	kd	0	
505	kd	1	
505	kd	2	
505	kd	3	
505	kd	4	
505	kd	5	
505	kd	6	
505	kf	0	0.7652926986928268
505	kf	1	0.9880551238688019
505	kf	2	0.5540030778105748
505	kf	3	0.4928233624471625
505	kf	4	1.0
505	kf	5	0.1998389922375944
505	kf	6	0.5569600203321832
506	kd	0	
506	kd	1	
506	kd	2	
506	kf	0	0.8640323581442696
506	kf	1	0.38322447383979474
506	kf	2	1.0
507	kd	0	
507	kd	1	
507	kd	2	
507	kd	3	
507	kd	4	
507	kd	5	
507	kd	6	
507	kd	7	
507	kd	8	
507	kd	9	
507	kd	10	
507	kf	0	0.3948604855467162
507	kf	1	1.0
507	kf	2	0.4246759348524771
507	kf	3	0.04610709857169278
507	kf	4	0.6140003135560784
507	kf	5	0.36567129334674964
507	kf	6	0.7590021280282051
507	kf	7	0.11985176767265365
507	kf	8	0.5751032731046083
507	kf	9	0.39871144004095016
507	kf	10	0.39892128151791434
508	kd	0	
508	kd	1	
508	kd	2	
508	kd	3	
508	kd	4	
508	kd	5	
508	kd	6	
508	kd	7	
508	kd	8	
508	kd	9	
508	kd	10	
508	kf	0	0.712319737917035
508	kf	1	0.17286996839415467
508	kf	2	0.8864897588874907
508	kf	3	0.661746160861337
508	kf	4	0.3417592121499902
508	kf	5	0.8716152548258607
508	kf	6	0.18368486507782078
508	kf	7	0.23142741079212792
508	kf	8	1.0
508	kf	9	0.24616085564378096
508	kf	10	0.7645497856580622
509	kd	0	
509	kd	1	
509	kd	2	
509	kd	3	
509	kd	4	
509	kf	0	1.0
509	kf	1	0.7323304653868529
509	kf	2	0.9476694423711927
509	kf	3	0.2159384496568721
509	kf	4	0.1008164015005333
510	kd	0	
510	kd	1	
510	kd	2	
510	kd	3	
510	kd	4	
510	kd	5	
510	kd	6	
510	kf	0	0.05591165961896368
510	kf	1	0.7091317027284262
510	kf	2	1.0
510	kf	3	0.4078193387060005
510	kf	4	0.8029865849773696
510	kf	5	0.47044119757531255
510	kf	6	0.3189123445735267
511	kd	0	
511	kd	1	
511	kd	2	
511	kd	3	
511	kd	4	
511	kd	5	
511	kd	6	
511	kd	7	
511	kd	8	
511	kf	0	0.8758955790648235
511	kf	1	1.0
511	kf	2	0.49717045051087216
511	kf	3	0.24378396584733347
511	kf	4	0.44050013084924344
511	kf	5	0.1592919164153557
511	kf	6	0.6785533170315908
511	kf	7	0.5620980392950724
511	kf	8	0.4483621400740967
512	kd	0	
512	kd	1	
512	kd	2	
512	kd	3	
512	kf	0	0.3103464767676164
512	kf	1	0.31825934245392473
512	kf	2	0.4806160965159742
512	kf	3	1.0
513	kd	0	
513	kd	1	
513	kd	2	
513	kd	3	
513	kd	4	
513	kd	5	
513	kf	0	1.0
513	kf	1	0.7790176421869023
513	kf	2	0.42788626549463943
513	kf	3	0.5430092931187311
513	kf	4	0.23925675514680161
513	kf	5	0.8720269429961707
514	kd	0	
514	kd	1	
514	kd	2	
514	kd	3	
514	kd	4	
514	kf	0	0.7640784763275195
514	kf	1	1.0
514	kf	2	0.7819314525743954
514	kf	3	0.8033201220933915
514	kf	4	0.9287288726695228
515	kd	0	
515	kd	1	
515	kd	2	
515	kd	3	
515	kd	4	
515	kf	0	0.23405461087965468
515	kf	1	0.4579874357179026
515	kf	2	1.0
515	kf	3	0.9913618664141525
515	kf	4	0.012998796886468007
516	kd	0	
516	kd	1	
516	kd	2	
516	kd	3	
516	kd	4	
516	kd	5	
516	kd	6	
516	kf	0	0.8382518962715513
516	kf	1	0.26467594093087543
516	kf	2	0.37849252454458315
516	kf	3	0.41613191163717633
516	kf	4	0.16399791328716273
516	kf	5	1.0
516	kf	6	0.020152199898258113
517	kd	0	
517	kd	1	
517	kd	2	
517	kd	3	
517	kd	4	
517	kd	5	
517	kd	6	
517	kd	7	
517	kd	8	
517	kd	9	
517	kd	10	
517	kd	11	
517	kf	0	0.9935505683021769
517	kf	1	1.0
517	kf	2	0.34603932605925847
517	kf	3	0.4928344683353536
517	kf	4	0.182608771196187
517	kf	5	0.17844928390586873
517	kf	6	0.39071226912285956
517	kf	7	0.973971680294641
517	kf	8	0.9694326670451382
517	kf	9	0.6216097123364048
517	kf	10	0.6869741193328791
517	kf	11	0.9233741354176614
518	kd	0	
518	kd	1	
518	kd	2	
518	kd	3	
518	kd	4	
518	kd	5	
518	kd	6	
518	kf	0	0.2644162711883636
518	kf	1	0.538089758205134
518	kf	2	0.4609259399280436
518	kf	3	0.23952310582823497
518	kf	4	1.0
518	kf	5	0.9447052870324948
518	kf	6	0.6880329567079193
519	kd	0	
519	kd	1	
519	kd	2	
519	kd	3	
519	kd	4	
519	kd	5	
519	kd	6	
519	kd	7	
519	kf	0	0.13336945585703971
519	kf	1	0.04899603832848313
519	kf	2	0.9902866224086273
519	kf	3	0.31210888452071445
519	kf	4	1.0
519	kf	5	0.42030545550298154
519	kf	6	0.10790819167222225
519	kf	7	0.15460990053566484
520	kd	0	
520	kd	1	
520	kd	2	
520	kd	3	
520	kd	4	
520	kf	0	1.0
520	kf	1	0.06277820114355381
520	kf	2	0.9033684267548368
520	kf	3	0.5759368904441156
520	kf	4	0.8488912448027199
521	kd	0	
521	kd	1	
521	kd	2	
521	kd	3	
521	kd	4	
521	kd	5	
521	kd	6	
521	kd	7	
521	kf	0	0.08321354535559614
521	kf	1	0.8311757428597566
521	kf	2	0.22232201590341685
521	kf	3	0.6927435613041194
521	kf	4	0.7124695072902445
521	kf	5	1.0
521	kf	6	0.7090391844232187
521	kf	7	0.5877301713884708
522	kd	0	
522	kd	1	
522	kd	2	
522	kd	3	
522	kd	4	
522	kf	0	1.0
522	kf	1	0.3031459646932379
522	kf	2	0.41627000246087065
522	kf	3	0.16526791772163216
522	kf	4	0.7122197319241061
523	kd	0	
523	kd	1	
523	kd	2	
523	kd	3	
523	kd	4	
523	kd	5	
523	kd	6	
523	kd	7	
523	kf	0	0.6223116667920361
523	kf	1	0.5404355328968856
523	kf	2	0.23123140575133475
523	kf	3	1.0
523	kf	4	0.4871103098046794
523	kf	5	0.10414525281041644
523	kf	6	0.03005850788079901
523	kf	7	0.1721679971167031
524	kd	0	
524	kd	1	
524	kd	2	
524	kd	3	
524	kd	4	
524	kd	5	
524	kd	6	
524	kd	7	
524	kd	8	
524	kf	0	0.8213156416875684
524	kf	1	0.8843698038141343
524	kf	2	0.674361474438531
524	kf	3	0.5472588471503909
524	kf	4	0.222872332132561
524	kf	5	0.9842010294286347
524	kf	6	0.8323440682679444
524	kf	7	0.3126426968515199
524	kf	8	1.0
525	kd	0	
525	kd	1	
525	kd	2	
525	kd	3	
525	kd	4	
525	kd	5	
525	kf	0	0.7010698341565577
525	kf	1	0.07759872528655783
525	kf	2	0.7344016149168446
525	kf	3	0.30941339134710794
525	kf	4	0.5154390861197998
525	kf	5	1.0
526	kd	0	
526	kd	1	
526	kd	2	
526	kd	3	
526	kd	4	
526	kd	5	
526	kd	6	
526	kd	7	
526	kd	8	
526	kf	0	1.0
526	kf	1	0.22509609856571305
526	kf	2	0.22612336568860375
526	kf	3	0.7325874348921038
526	kf	4	0.49372084040825714
526	kf	5	0.5628247077857812
526	kf	6	0.0425877257661189
526	kf	7	0.5000645335424055
526	kf	8	0.22006041064522672
527	kd	0	
527	kd	1	
527	kd	2	
527	kf	0	1.0
527	kf	1	0.5357110644020489
527	kf	2	0.2813611758084324
528	kd	0	
528	kd	1	
528	kd	2	
528	kd	3	
528	kd	4	
528	kd	5	
528	kd	6	
528	kd	7	
528	kd	8	
528	kf	0	0.908517731249916
528	kf	1	0.26395829881540755
528	kf	2	0.3609921460848655
528	kf	3	0.9226527884993706
528	kf	4	0.37946012988311056
528	kf	5	1.0
528	kf	6	0.7040932363461949
528	kf	7	0.7176147138066518
528	kf	8	0.8746212280579454
529	kd	0	
529	kd	1	
529	kd	2	
529	kd	3	
529	kd	4	
529	kd	5	
529	kd	6	
529	kd	7	
529	kd	8	
529	kd	9	
529	kf	0	0.3837505001784751
529	kf	1	0.772479112361036
529	kf	2	0.9453366481270049
529	kf	3	0.8560988578200737
529	kf	4	1.0
529	kf	5	0.48576465685807774
529	kf	6	0.8759810125302271
529	kf	7	0.5622670723633544
529	kf	8	0.058142497790137575
529	kf	9	0.3464112559447896
530	kd	0	
530	kd	1	
530	kd	2	
530	kd	3	
530	kd	4	
530	kd	5	
530	kd	6	
530	kd	7	
530	kd	8	
530	kd	9	
530	kd	10	
530	kf	0	1.0
530	kf	1	0.5953487434638842
530	kf	2	0.13489555916983859
530	kf	3	0.0659416430088875
530	kf	4	0.6402313593668857
530	kf	5	0.4594957067802595
530	kf	6	0.39500754520439074
530	kf	7	0.7741294866005539
530	kf	8	0.8182113363944138
530	kf	9	0.12618014668221567
530	kf	10	0.06840408636314739
531	kd	0	
531	kd	1	
531	kd	2	
531	kd	3	
531	kd	4	
531	kd	5	
531	kd	6	
531	kd	7	
531	kd	8	
531	kf	0	0.347876551065028
531	kf	1	0.7202159592516155
531	kf	2	0.7262274308926513
531	kf	3	0.3759110336512351
531	kf	4	0.014988860959026157
531	kf	5	0.8246616808333121
531	kf	6	1.0
531	kf	7	0.2906633342956305
531	kf	8	0.6706827889883595
532	kd	0	
532	kd	1	
532	kd	2	
532	kd	3	
532	kd	4	
532	kd	5	
532	kd	6	
532	kf	0	0.6140249812920362
532	kf	1	0.49027456571350214
532	kf	2	0.3064623843013778
532	kf	3	0.8305818762169885
532	kf	4	0.4230730585529797
532	kf	5	0.7217645019622105
532	kf	6	1.0
533	kd	0	
533	kd	1	
533	kf	0	0.3143526945691443
533	kf	1	1.0
534	kd	0	
534	kd	1	
534	kd	2	
534	kd	3	
534	kd	4	
534	kd	5	
534	kd	6	
534	kd	7	
534	kd	8	
534	kd	9	
534	kf	0	0.8027280116536442
534	kf	1	0.39292585091249627
534	kf	2	0.9379761978438667
534	kf	3	0.16804566667082751
534	kf	4	0.5528711451388829
534	kf	5	0.17686816082162
534	kf	6	0.0967863766800545
534	kf	7	0.012482159797705528
534	kf	8	1.0
534	kf	9	0.11601025879406149
535	kd	0	
535	kd	1	
535	kd	2	
535	kd	3	
535	kd	4	
535	kd	5	
535	kd	6	
535	kd	7	
535	kd	8	
535	kd	9	
535	kf	0	0.14651127252846183
535	kf	1	0.7317195219364364
535	kf	2	0.26558778660384263
535	kf	3	1.0
535	kf	4	0.142871283673059
535	kf	5	0.679002224996989
535	kf	6	0.44132296332726506
535	kf	7	0.8669224752267045
535	kf	8	0.7325582819030918
535	kf	9	0.12036170663165899
536	kd	0	
536	kd	1	
536	kd	2	
536	kd	3	
536	kf	0	0.680429218916158
536	kf	1	0.7419688423851435
536	kf	2	0.5370872735400849
536	kf	3	1.0
537	kd	0	
537	kd	1	
537	kd	2	
537	kd	3	
537	kf	0	1.0
537	kf	1	0.6808992027178827
537	kf	2	0.2821299318476792
537	kf	3	0.06067176795954359
538	kd	0	
538	kd	1	
538	kd	2	
538	kd	3	
538	kd	4	
538	kd	5	
538	kf	0	0.4127483191748904
538	kf	1	1.0
538	kf	2	0.27759881828057187
538	kf	3	0.8346006755875462
538	kf	4	0.18499022340768098
538	kf	5	0.86045999011037
539	kd	0	
539	kd	1	
539	kd	2	
539	kd	3	
539	kd	4	
539	kd	5	
539	kd	6	
539	kd	7	
539	kf	0	0.8885049458757001
539	kf	1	0.9236556528887052
539	kf	2	0.36519222725496747
539	kf	3	0.5054591414572762
539	kf	4	0.4058623348631088
539	kf	5	0.3304386243081275
539	kf	6	1.0
539	kf	7	0.9020476831489457
540	kd	0	
540	kd	1	
540	kd	2	
540	kd	3	
540	kf	0	0.7399992138032593
540	kf	1	1.0
540	kf	2	0.09560144772386885
540	kf	3	0.43764248761589347
541	kd	0	
541	kd	1	
541	kd	2	
541	kd	3	
541	kd	4	
541	kd	5	
541	kd	6	
541	kf	0	0.5089295508195658
541	kf	1	0.8126180842367944
541	kf	2	0.10596965237701461
541	kf	3	0.20287083843749137
541	kf	4	1.0
541	kf	5	0.20938640715565682
541	kf	6	0.6564210242606255
542	kd	0	
542	kd	1	
542	kd	2	
542	kd	3	
542	kd	4	
542	kd	5	
542	kd	6	
542	kd	7	
542	kd	8	
542	kd	9	
542	kd	10	
542	kd	11	
542	kf	0	0.3976526085544344
542	kf	1	0.5037728722467952
542	kf	2	0.8860668884350357
542	kf	3	0.371832984856424
542	kf	4	0.6710227505501213
542	kf	5	0.8706910841475229
542	kf	6	0.781561291042388
542	kf	7	0.04182563792338295
542	kf	8	0.6763914339803759
542	kf	9	1.0
542	kf	10	0.10132612525535596
542	kf	11	0.4110429874562917
543	kd	0	
543	kd	1	
543	kd	2	
543	kf	0	0.7640217055593079
543	kf	1	1.0
543	kf	2	0.8285269639085384
544	kd	0	
544	kd	1	
544	kd	2	
544	kd	3	
544	kd	4	
544	kd	5	
544	kd	6	
544	kd	7	
544	kd	8	
544	kd	9	
544	kf	0	0.047012861545119654
544	kf	1	1.0
544	kf	2	0.18125056568616355
544	kf	3	0.023211388790539314
544	kf	4	0.5396807738352224
544	kf	5	0.884706482242299
544	kf	6	0.4117185145875321
544	kf	7	0.3385428362001063
544	kf	8	0.7086571421665262
544	kf	9	0.35785743805276216
545	kd	0	
545	kd	1	
545	kd	2	
545	kd	3	
545	kd	4	
545	kd	5	
545	kd	6	
545	kd	7	
545	kd	8	
545	kd	9	
545	kf	0	0.9656130748983193
545	kf	1	0.3260614709059904
545	kf	2	1.0
545	kf	3	0.9724346413309692
545	kf	4	0.025495051125358447
545	kf	5	0.5325074861273653
545	kf	6	0.051139901363691356
545	kf	7	0.7033876914565249
545	kf	8	0.8388851040347962
545	kf	9	0.10776938751308818
546	kd	0	
546	kd	1	
546	kd	2	
546	kf	0	0.36745014527302305
546	kf	1	0.662821079964689
546	kf	2	1.0
547	kd	0	
547	kd	1	
547	kd	2	
547	kd	3	
547	kd	4	
547	kd	5	
547	kd	6	
547	kd	7	
547	kd	8	
547	kd	9	
547	kf	0	0.8212298301890959
547	kf	1	0.13609577543298707
547	kf	2	0.8997363027429853
547	kf	3	0.1362251958525754
547	kf	4	0.29408317792710387
547	kf	5	1.0
547	kf	6	0.6610680456955172
547	kf	7	0.1802715268382286
547	kf	8	0.6975930448582432
547	kf	9	0.19734157801678268
548	kd	0	
548	kd	1	
548	kd	2	
548	kd	3	
548	kd	4	
548	kd	5	
548	kd	6	
548	kd	7	
548	kd	8	
548	kd	9	
548	kf	0	0.4429904663901004
548	kf	1	0.8565262448509791
548	kf	2	0.6448207600919704
548	kf	3	0.8969856932203396
548	kf	4	1.0
548	kf	5	0.5825074267419668
548	kf	6	0.15799773915651025
548	kf	7	0.7970324119038887
548	kf	8	0.10334490927814997
548	kf	9	0.9749301352770919
549	kd	0	
549	kd	1	
549	kd	2	
549	kd	3	
549	kf	0	0.3838787547489381
549	kf	1	0.838615597790852
549	kf	2	1.0
549	kf	3	0.5258577176386171
