# Realization 0
S_plus:
   1  2  3  4  5  6  7  8
1  1  0  0  0  2  0  0  1
2  1  0  0  0  0  1  2  0
3  0  1  2  1  0  1  0  0

S_minus:
   1  2  3  4  5  6  7  8
1  0  1  1  1  0  1  0  0
2  0  0  1  1  1  0  0  1
3  1  0  0  0  1  0  1  1

# Realization 1
S_plus:
   1  2  3  4  5  6  7  8
1  1  0  1  0  1  0  0  2
2  1  0  1  1  0  0  1  0
3  0  1  0  0  0  1  1  0
4  0  0  0  0  1  1  0  0

S_minus:
   1  2  3  4  5  6  7  8
1  0  0  0  1  0  1  1  0
2  0  1  0  0  0  1  0  1
3  0  0  2  0  2  0  0  1
4  1  0  0  1  0  0  0  0

# Realization 2
S_plus:
   1  2  3  4  5  6  7  8  9
1  1  0  0  0  0  1  1  1  0
2  0  1  0  1  0  0  0  0  0
3  0  0  1  0  0  0  1  0  0
4  0  0  1  1  1  0  0  1  1

S_minus:
   1  2  3  4  5  6  7  8  9
1  0  0  1  0  0  0  0  0  0
2  0  0  0  0  0  1  1  0  1
3  1  0  0  2  1  1  0  1  0
4  1  1  0  0  0  0  0  0  0

# Realization 3
S_plus:
   1   2   3   4   5   6   7   8   9   10
1   1   1   1   1   1   0   1   0   0   1
2   1   0   0   0   0   0   0   2   0   0
3   0   0   0   1   0   1   0   0   0   0
4   0   1   0   0   0   0   1   0   1   0

S_minus:
   1   2   3   4   5   6   7   8   9   10
1   0   0   0   0   0   0   0   1   1   0
2   0   1   0   2   1   1   1   0   1   0
3   1   1   0   0   0   0   0   0   0   0
4   1   0   2   0   1   1   0   0   0   1

# Realization 4
S_plus:
   1   2   3   4   5   6   7   8   9   10  11  12
1   0   0   0   0   0   0   0   0   1   0   0   1
2   0   0   1   0   1   0   0   0   0   0   0   0
3   1   0   0   1   0   0   1   0   0   0   0   1
4   0   0   0   0   0   0   0   0   0   1   0   0
5   0   0   0   0   0   1   0   0   0   0   1   0
6   0   1   0   0   0   0   0   1   0   0   0   0
7   0   0   1   0   0   1   0   0   0   0   0   0

S_minus:
   1   2   3   4   5   6   7   8   9   10  11  12
1   0   0   0   0   0   1   1   0   0   0   0   0
2   0   0   0   0   0   0   1   1   0   0   0   0
3   0   0   1   0   0   0   0   0   0   0   0   0
4   1   0   0   0   0   1   0   0   0   0   0   0
5   1   1   1   1   1   0   0   0   1   0   0   1
6   0   0   0   0   0   0   0   0   0   1   0   1
7   0   0   0   0   0   0   0   0   0   0   1   0

# Realization 5
S_plus:
   1  2  3  4  5  6  7  8  9
1  0  2  1  1  0  0  1  1  0
2  0  0  1  0  2  1  0  1  0
3  2  0  0  0  0  0  0  0  1

S_minus:
   1  2  3  4  5  6  7  8  9
1  0  0  0  0  1  0  0  0  2
2  1  1  0  1  0  0  2  0  0
3  0  0  2  0  1  2  0  1  0

# Realization 6
S_plus:
   1  2  3  4
1  1  0  1  0
2  0  0  0  1
3  0  1  0  0

S_minus:
   1  2  3  4
1  0  1  0  1
2  1  1  1  0
3  0  0  1  0

# Realization 7
S_plus:
   1  2  3  4
1  1  0  0  0
2  0  1  0  1
3  0  1  1  0

S_minus:
   1  2  3  4
1  0  1  0  2
2  0  0  1  0
3  1  0  0  0

# Realization 8
S_plus:
   1   2   3   4   5   6   7   8   9   10  11  12
1   1   1   0   0   0   0   0   1   0   0   1   0
2   0   0   0   0   0   1   0   0   1   0   0   1
3   1   1   1   1   1   1   1   1   0   0   0   0
4   0   0   0   0   0   0   0   0   1   1   0   0
5   0   0   0   0   0   0   1   0   0   0   0   0

S_minus:
   1   2   3   4   5   6   7   8   9   10  11  12
1   0   0   0   0   1   0   0   0   0   2   0   0
2   0   0   1   1   0   0   0   1   0   0   0   0
3   0   0   0   0   0   0   0   0   1   0   1   0
4   1   1   1   0   1   0   2   0   0   0   0   0
5   0   1   0   1   0   2   0   0   0   0   0   1

# Realization 9
S_plus:
   1  2  3  4  5  6
1  0  0  0  2  0  0
2  0  0  1  0  2  0
3  1  1  1  0  0  2

S_minus:
   1  2  3  4  5  6
1  1  0  1  0  0  0
2  0  1  0  1  0  1
3  0  0  0  1  2  0

# Realization 10
S_plus:
   1  2  3  4  5  6  7
1  0  1  2  1  1  0  1
2  0  0  0  0  0  0  1
3  1  0  0  0  0  1  0

S_minus:
   1  2  3  4  5  6  7
1  1  0  0  0  0  1  0
2  0  0  0  0  1  1  0
3  0  2  2  1  1  0  1

# Realization 11
S_plus:
   1   2   3   4   5   6   7   8   9   10
1   0   0   1   0   0   2   1   1   0   1
2   0   0   0   0   0   0   1   0   1   0
3   1   1   0   1   1   0   0   0   0   1
4   0   0   0   0   1   0   0   1   1   0

S_minus:
   1   2   3   4   5   6   7   8   9   10
1   1   0   0   0   1   0   0   0   0   0
2   0   1   0   0   0   0   0   1   0   1
3   0   0   0   0   0   0   1   1   1   0
4   0   0   2   2   0   1   0   0   0   1

# Realization 12
S_plus:
   1  2  3  4  5
1  0  1  0  0  0
2  0  1  0  1  1
3  1  0  1  0  1

S_minus:
   1  2  3  4  5
1  0  0  1  1  1
2  1  0  1  0  0
3  0  1  0  1  0

# Realization 13
S_plus:
   1   2   3   4   5   6   7   8   9   10  11
1   0   0   0   1   0   0   0   1   1   2   0
2   2   0   1   0   0   0   0   0   0   0   1
3   0   1   1   1   0   1   0   0   0   0   0
4   0   0   0   0   0   1   0   1   0   0   0
5   0   0   0   0   2   0   1   0   1   0   0

S_minus:
   1   2   3   4   5   6   7   8   9   10  11
1   0   2   0   0   0   0   1   0   0   0   1
2   0   0   0   0   1   1   0   1   0   1   0
3   0   0   0   0   0   0   1   0   1   0   1
4   0   0   2   1   1   0   0   0   1   0   0
5   1   0   0   1   0   1   0   0   0   0   0

# Realization 14
S_plus:
   1  2  3  4  5  6  7  8
1  0  0  0  0  0  0  1  1
2  1  0  0  0  0  1  1  0
3  1  1  0  1  2  1  0  0
4  0  1  1  0  0  0  0  0

S_minus:
   1  2  3  4  5  6  7  8
1  0  0  1  2  1  1  0  0
2  0  1  0  0  0  0  0  0
3  0  0  0  0  0  0  1  0
4  1  0  0  0  1  1  0  1

# Realization 15
S_plus:
   1   2   3   4   5   6   7   8   9   10
1   0   0   1   1   0   0   0   1   0   0
2   0   1   0   0   0   0   0   0   0   0
3   2   0   0   0   1   0   1   0   0   1
4   0   0   0   0   0   2   0   0   1   0
5   0   0   0   0   1   0   0   0   0   0

S_minus:
   1   2   3   4   5   6   7   8   9   10
1   0   0   0   0   0   0   0   0   2   1
2   0   0   0   0   1   1   1   1   0   1
3   0   1   0   1   0   0   0   0   0   0
4   1   1   0   1   0   0   0   1   0   0
5   1   0   1   0   0   0   1   0   0   0

# Realization 16
S_plus:
   1  2  3  4  5  6  7  8
1  0  1  0  0  0  0  0  0
2  0  0  0  0  0  0  1  0
3  1  1  1  1  0  0  0  0
4  0  0  0  0  0  0  0  1
5  0  0  1  0  0  1  1  0
6  1  0  0  0  2  0  0  0

S_minus:
   1  2  3  4  5  6  7  8
1  0  0  1  1  1  0  0  0
2  1  0  1  0  0  1  0  1
3  0  0  0  0  0  0  1  0
4  0  0  0  0  0  0  1  0
5  0  2  0  0  1  0  0  0
6  0  0  0  1  0  1  0  1

# Realization 17
S_plus:
   1   2   3   4   5   6   7   8   9   10  11
1   0   0   0   0   0   0   0   0   0   1   0
2   1   0   0   2   0   0   0   1   0   0   1
3   0   1   0   0   0   1   1   0   0   0   0
4   0   0   1   0   0   0   0   0   1   0   0
5   0   0   1   0   1   1   0   1   0   0   0

S_minus:
   1   2   3   4   5   6   7   8   9   10  11
1   0   0   1   1   0   1   0   1   0   0   0
2   0   1   0   0   1   1   1   0   0   1   0
3   1   0   1   1   0   0   0   0   1   0   1
4   0   0   0   0   0   0   1   0   0   0   0
5   0   0   0   0   0   0   0   0   0   1   1

# Realization 18
S_plus:
   1  2  3  4  5  6  7  8  9
1  1  1  0  0  0  1  0  2  0
2  0  1  0  2  1  1  2  0  0
3  0  0  1  0  1  0  0  0  1

S_minus:
   1  2  3  4  5  6  7  8  9
1  0  0  1  0  1  0  1  0  1
2  0  0  1  0  0  0  0  0  0
3  2  2  0  1  0  1  1  1  0

# Realization 19
S_plus:
   1   2   3   4   5   6   7   8   9   10  11
1   0   1   0   1   0   0   1   0   1   0   0
2   0   1   0   0   1   0   0   0   0   2   0
3   1   0   1   0   1   1   0   2   0   0   1

S_minus:
   1   2   3   4   5   6   7   8   9   10  11
1   1   0   1   0   1   2   0   0   0   1   0
2   1   0   0   0   0   0   1   1   1   0   2
3   0   2   0   2   0   0   1   0   0   1   0

# Realization 20
S_plus:
   1   2   3   4   5   6   7   8   9   10  11
1   1   0   1   0   2   0   0   0   0   2   0
2   0   1   0   0   0   0   2   1   0   0   1
3   0   1   0   1   0   1   0   0   1   0   1

S_minus:
   1   2   3   4   5   6   7   8   9   10  11
1   0   2   0   2   0   1   0   2   1   0   1
2   0   0   1   0   0   0   0   0   1   0   0
3   1   0   0   0   1   0   1   0   0   2   0

# Realization 21
S_plus:
   1  2  3  4  5  6  7  8
1  0  0  0  0  0  0  1  0
2  1  1  2  0  0  0  0  0
3  0  0  0  0  1  1  0  1
4  0  0  0  1  0  1  1  0

S_minus:
   1  2  3  4  5  6  7  8
1  1  1  0  1  1  2  0  0
2  0  0  0  1  0  0  0  0
3  0  0  0  0  0  0  1  0
4  1  0  1  0  0  0  0  2

# Realization 22
S_plus:
   1  2  3  4  5  6  7  8  9
1  1  1  0  0  2  0  0  0  2
2  0  0  2  2  0  0  0  1  0
3  0  0  0  0  0  1  2  1  0

S_minus:
   1  2  3  4  5  6  7  8  9
1  0  0  1  0  0  2  0  1  0
2  1  1  0  0  1  0  1  0  1
3  0  1  1  2  1  0  0  0  0

# Realization 23
S_plus:
   1  2  3  4  5  6
1  0  0  0  1  0  0
2  0  0  1  0  2  2
3  2  1  1  0  0  0

S_minus:
   1  2  3  4  5  6
1  1  1  1  0  2  1
2  1  0  0  1  0  0
3  0  0  0  0  0  1

# Realization 24
S_plus:
   1   2   3   4   5   6   7   8   9   10  11
1   0   0   1   0   0   0   0   0   0   0   1
2   0   1   1   0   0   0   1   0   0   1   0
3   0   0   0   0   1   0   0   0   1   0   0
4   1   0   0   0   1   0   0   1   0   1   0
5   1   0   0   1   0   0   0   0   0   0   0
6   0   0   0   0   0   2   1   1   0   0   1

S_minus:
   1   2   3   4   5   6   7   8   9   10  11
1   0   1   0   1   0   0   0   0   0   0   0
2   1   0   0   0   0   1   0   1   0   0   0
3   0   0   0   1   0   0   1   0   0   0   1
4   0   0   0   0   0   1   0   0   0   0   1
5   0   0   0   0   0   0   0   1   0   1   0
6   1   1   1   0   1   0   0   0   1   0   0

# Realization 25
S_plus:
   1   2   3   4   5   6   7   8   9   10
1   0   0   0   0   0   0   0   1   0   0
2   0   1   1   1   0   1   0   0   0   1
3   0   0   0   0   1   0   0   0   0   0
4   0   1   0   0   0   0   0   0   0   1
5   1   0   0   0   0   0   1   0   0   0
6   1   0   1   1   0   0   0   0   0   0
7   0   0   0   0   1   0   0   0   2   0

S_minus:
   1   2   3   4   5   6   7   8   9   10
1   0   1   0   0   2   0   0   0   1   0
2   1   0   0   0   0   0   1   0   1   0
3   0   1   0   0   0   0   0   0   0   0
4   1   0   1   0   0   0   1   0   0   0
5   0   0   0   1   0   0   0   2   0   0
6   0   0   0   0   0   1   0   0   0   0
7   0   0   0   0   0   1   0   0   0   1

# Realization 26
S_plus:
   1  2  3  4
1  0  1  1  0
2  0  1  0  0
3  0  0  1  1
4  2  0  0  0

S_minus:
   1  2  3  4
1  0  0  0  1
2  1  0  1  1
3  1  1  0  0
4  0  0  1  0

# Realization 27
S_plus:
   1  2  3  4  5  6  7
1  0  1  0  1  1  1  0
2  1  1  0  0  0  0  1
3  0  0  1  0  0  1  1
4  0  0  1  0  1  0  0

S_minus:
   1  2  3  4  5  6  7
1  0  0  1  0  0  0  1
2  0  0  1  1  1  1  0
3  1  0  0  0  1  0  0
4  0  1  0  0  0  0  1

# Realization 28
S_plus:
   1  2  3  4  5  6  7  8  9
1  0  0  1  0  0  1  0  0  1
2  0  1  0  1  0  0  1  1  0
3  0  0  0  0  0  1  1  1  0
4  1  0  0  0  1  0  0  0  1

S_minus:
   1  2  3  4  5  6  7  8  9
1  0  0  0  0  0  0  1  1  0
2  1  0  0  0  1  1  0  0  0
3  0  0  1  1  1  0  0  0  1
4  0  1  1  0  0  0  1  0  0

# Realization 29
S_plus:
   1  2  3  4  5  6  7
1  0  0  1  0  0  0  0
2  0  1  1  0  1  0  0
3  1  0  0  0  0  1  0
4  0  0  0  2  1  0  1

S_minus:
   1  2  3  4  5  6  7
1  1  0  0  1  1  0  1
2  0  0  0  1  0  1  0
3  0  1  0  0  0  0  0
4  0  0  1  0  0  0  0

# Realization 30
S_plus:
   1  2  3  4  5  6  7  8
1  1  0  0  0  1  0  0  0
2  0  1  0  0  0  0  0  0
3  0  0  1  0  0  1  1  0
4  0  0  0  0  0  0  0  1
5  0  0  1  1  1  0  0  0

S_minus:
   1  2  3  4  5  6  7  8
1  0  1  0  0  0  0  1  0
2  0  0  1  0  0  1  0  0
3  0  0  0  1  0  0  0  0
4  0  1  1  0  1  0  0  0
5  1  0  0  0  0  1  1  1

# Realization 31
S_plus:
   1   2   3   4   5   6   7   8   9   10  11
1   0   0   0   0   0   0   0   0   0   1   0
2   0   0   0   0   0   0   1   1   0   1   0
3   1   2   0   1   0   0   1   0   1   0   0
4   0   0   2   0   0   0   0   0   1   0   0
5   1   0   0   0   1   1   0   1   0   0   1

S_minus:
   1   2   3   4   5   6   7   8   9   10  11
1   0   0   0   1   0   0   0   0   0   0   1
2   0   0   0   0   1   0   0   0   1   0   1
3   0   0   1   0   1   0   0   0   0   1   0
4   1   1   0   1   0   1   2   2   0   1   0
5   0   1   1   0   0   0   0   0   0   0   0

# Realization 32
S_plus:
   1  2  3  4  5  6  7  8
1  0  1  2  1  2  0  0  1
2  0  0  0  0  0  0  2  0
3  1  0  0  0  0  2  0  1

S_minus:
   1  2  3  4  5  6  7  8
1  1  0  0  0  0  0  1  0
2  0  0  1  1  0  1  0  1
3  0  1  0  0  1  0  0  0

# Realization 33
S_plus:
    1   2   3   4   5   6   7   8   9   10
1    0   0   1   1   0   0   1   0   0   0
2    0   0   0   0   1   0   0   0   0   0
3    0   1   0   0   0   1   0   1   0   0
4    0   0   0   0   1   0   0   0   0   1
5    1   0   0   0   0   0   0   0   0   0
6    0   0   0   0   0   0   0   1   0   0
7    0   0   1   1   0   0   0   0   0   0
8    0   0   0   0   0   0   1   0   0   0
9    0   0   0   0   0   0   0   0   1   0
10   0   0   0   0   0   1   0   0   0   0

S_minus:
    1   2   3   4   5   6   7   8   9   10
1    1   0   0   0   1   0   0   0   0   1
2    0   0   1   1   0   0   0   0   0   0
3    0   0   0   0   0   0   1   0   1   0
4    0   0   0   0   0   0   0   1   0   0
5    0   0   0   0   0   1   0   0   0   0
6    0   0   1   0   0   0   1   0   0   0
7    0   1   0   0   0   0   0   0   0   0
8    0   0   0   0   0   0   0   1   0   0
9    0   0   0   0   0   1   0   0   0   0
10   0   0   0   0   0   0   0   0   1   0

# Realization 34
S_plus:
   1   2   3   4   5   6   7   8   9   10  11
1   1   2   0   1   1   0   0   0   0   0   1
2   0   0   1   0   1   1   0   0   0   0   0
3   0   0   0   0   0   1   0   0   1   0   0
4   0   0   0   0   0   0   1   1   1   2   0

S_minus:
   1   2   3   4   5   6   7   8   9   10  11
1   0   0   0   0   0   1   0   0   0   1   0
2   0   0   0   1   0   0   0   1   1   0   0
3   1   0   0   1   1   0   2   0   0   0   2
4   1   2   1   0   1   1   0   0   0   0   0

# Realization 35
S_plus:
   1  2  3  4  5  6
1  0  0  0  0  1  0
2  1  2  1  0  0  2
3  0  0  0  1  0  0

S_minus:
   1  2  3  4  5  6
1  0  2  1  0  0  1
2  0  0  0  1  1  0
3  2  0  1  0  0  1

# Realization 36
S_plus:
   1  2  3  4  5  6  7
1  0  2  0  0  0  0  1
2  2  0  0  2  1  0  0
3  0  0  2  0  1  1  0

S_minus:
   1  2  3  4  5  6  7
1  2  0  1  1  1  0  0
2  0  1  0  0  0  1  1
3  0  1  0  0  0  0  0

# Realization 37
S_plus:
   1   2   3   4   5   6   7   8   9   10
1   1   0   0   0   0   0   0   0   0   0
2   0   0   1   1   1   0   0   2   1   1
3   0   0   0   0   0   1   0   0   0   1
4   0   1   1   0   0   1   0   0   1   0
5   1   0   0   0   1   0   0   0   0   0
6   0   0   0   0   0   0   2   0   0   0

S_minus:
   1   2   3   4   5   6   7   8   9   10
1   0   1   0   1   2   1   0   0   0   0
2   0   0   0   0   0   0   1   0   0   0
3   1   0   1   1   0   0   1   1   1   0
4   0   0   0   0   0   0   0   0   0   1
5   0   0   1   0   0   1   0   0   0   0
6   0   0   0   0   0   0   0   1   0   0

# Realization 38
S_plus:
   1   2   3   4   5   6   7   8   9   10
1   0   0   0   1   1   2   0   0   2   0
2   0   0   0   0   0   0   1   0   0   1
3   2   1   1   0   1   0   0   2   0   0

S_minus:
   1   2   3   4   5   6   7   8   9   10
1   0   0   2   0   0   0   1   0   0   1
2   1   1   0   1   1   0   0   2   1   0
3   0   0   0   1   0   1   0   0   0   1

# Realization 39
S_plus:
   1  2  3  4
1  0  0  1  1
2  1  0  1  0
3  0  1  0  1

S_minus:
   1  2  3  4
1  1  1  0  0
2  0  1  0  1
3  0  0  2  0

# Realization 40
S_plus:
   1  2  3  4  5  6  7  8
1  0  0  0  1  0  0  0  0
2  1  2  1  0  0  0  0  0
3  0  0  0  0  1  2  0  1
4  0  0  0  0  0  0  0  1
5  0  0  0  0  0  0  1  0

S_minus:
   1  2  3  4  5  6  7  8
1  1  1  1  0  0  0  0  0
2  0  0  0  0  1  1  0  0
3  0  0  1  0  0  0  0  0
4  0  0  0  1  0  0  1  0
5  0  1  0  1  0  0  0  2

# Realization 41
S_plus:
   1  2  3  4  5  6  7  8
1  0  1  0  0  1  1  0  0
2  1  0  0  0  0  0  1  0
3  0  0  0  0  0  1  1  0
4  0  1  0  0  0  0  0  1
5  0  0  1  1  0  0  0  0
6  0  0  0  0  0  0  0  1

S_minus:
   1  2  3  4  5  6  7  8
1  1  0  0  1  0  0  1  0
2  0  1  1  0  1  0  0  0
3  0  0  0  1  0  0  0  1
4  1  0  0  0  0  0  0  0
5  0  0  0  0  0  0  1  1
6  0  0  0  0  0  1  0  0

# Realization 42
S_plus:
   1   2   3   4   5   6   7   8   9   10  11
1   2   0   0   1   1   2   0   0   0   0   0
2   0   2   1   0   0   0   0   0   0   1   0
3   0   0   1   0   0   0   1   1   1   0   0
4   0   0   0   0   0   0   0   0   0   1   1
5   0   0   0   0   1   0   0   0   0   0   0

S_minus:
   1   2   3   4   5   6   7   8   9   10  11
1   0   0   1   0   0   0   1   0   0   0   0
2   0   0   0   0   0   0   0   1   0   0   0
3   0   0   0   0   0   1   0   0   0   0   1
4   1   0   0   1   2   0   0   0   0   0   0
5   0   2   0   0   0   0   0   0   1   1   1

# Realization 43
S_plus:
   1  2  3  4  5  6  7  8
1  1  0  0  0  2  0  0  0
2  0  2  1  0  0  1  1  1
3  1  0  0  1  0  1  0  1

S_minus:
   1  2  3  4  5  6  7  8
1  0  0  0  1  0  2  1  1
2  1  0  0  0  1  0  0  0
3  0  2  2  0  1  0  1  0

# Realization 44
S_plus:
   1  2  3
1  1  1  0
2  1  0  0
3  0  0  1

S_minus:
   1  2  3
1  0  0  1
2  0  2  0
3  2  0  0

# Realization 45
S_plus:
   1   2   3   4   5   6   7   8   9   10
1   0   2   0   0   0   0   0   0   1   0
2   1   0   0   0   0   0   1   1   0   0
3   1   0   1   1   0   0   0   0   0   0
4   0   0   0   1   0   0   0   1   0   0
5   0   0   0   0   1   2   1   0   0   2

S_minus:
   1   2   3   4   5   6   7   8   9   10
1   1   0   0   0   0   0   0   0   0   0
2   0   1   1   0   1   0   0   0   0   1
3   0   0   0   0   1   1   0   1   1   0
4   0   1   0   0   0   1   1   0   0   1
5   1   0   0   1   0   0   0   1   1   0

# Realization 46
S_plus:
   1  2  3  4  5  6  7
1  1  1  2  1  0  0  0
2  1  0  0  0  1  0  1
3  0  0  0  0  0  1  1
4  0  0  0  0  1  0  0

S_minus:
   1  2  3  4  5  6  7
1  0  0  0  0  1  0  0
2  0  1  0  1  0  0  0
3  1  0  1  0  0  0  0
4  1  1  1  0  0  1  1

# Realization 47
S_plus:
   1  2  3  4  5  6  7  8
1  1  0  1  0  0  1  0  0
2  0  0  0  1  1  0  1  0
3  1  1  0  0  1  0  0  2

S_minus:
   1  2  3  4  5  6  7  8
1  0  2  0  2  1  0  1  1
2  2  0  1  0  0  2  0  0
3  0  0  0  0  0  0  1  0

# Realization 48
S_plus:
   1   2   3   4   5   6   7   8   9   10  11  12
1   0   0   2   2   0   0   0   1   0   0   0   1
2   2   1   0   0   2   0   0   0   1   0   1   0
3   0   0   0   0   0   2   1   1   1   1   0   0

S_minus:
   1   2   3   4   5   6   7   8   9   10  11  12
1   1   0   0   0   1   2   0   0   1   0   0   0
2   0   0   1   0   0   0   2   1   0   1   0   1
3   1   1   0   1   0   0   0   0   0   0   2   0

# Realization 49
S_plus:
   1  2  3  4  5  6
1  0  0  2  0  0  0
2  1  1  0  0  2  0
3  1  1  0  2  0  1

S_minus:
   1  2  3  4  5  6
1  1  2  0  1  1  0
2  0  0  0  1  0  2
3  0  0  2  0  0  0

# Realization 50
S_plus:
   1  2  3  4  5  6  7  8
1  0  0  1  0  0  1  1  1
2  2  1  0  1  0  1  0  0
3  0  0  0  1  1  0  0  0

S_minus:
   1  2  3  4  5  6  7  8
1  1  1  0  2  0  0  0  0
2  0  0  0  0  2  0  1  2
3  1  0  1  0  0  1  1  0

# Realization 51
S_plus:
   1  2  3  4  5
1  0  1  2  0  2
2  0  1  0  0  0
3  0  0  0  1  0
4  1  0  0  1  0

S_minus:
   1  2  3  4  5
1  0  0  0  1  0
2  1  0  0  1  0
3  0  0  1  0  0
4  0  1  0  0  1

# Realization 52
S_plus:
    1   2   3   4   5   6   7   8   9   10  11  12
1    0   1   0   0   0   0   0   0   0   0   0   0
2    0   0   1   0   0   0   0   0   0   0   0   0
3    1   0   0   1   0   0   0   0   0   1   0   0
4    0   0   0   0   0   0   1   0   0   0   0   0
5    0   0   0   0   1   0   0   0   0   0   0   1
6    0   1   0   1   0   0   0   0   0   0   0   0
7    0   0   0   0   0   0   0   0   0   0   1   0
8    0   0   0   0   0   1   0   0   0   0   0   0
9    0   0   0   0   0   0   0   0   1   0   0   0
10   0   0   0   0   0   0   0   0   1   0   0   0
11   0   0   0   0   0   0   0   1   0   0   0   0

S_minus:
    1   2   3   4   5   6   7   8   9   10  11  12
1    0   0   0   0   0   0   0   0   0   1   0   0
2    1   0   0   1   0   0   1   0   1   0   0   0
3    0   0   0   0   0   0   0   0   0   0   0   1
4    1   0   0   0   0   0   0   0   0   0   1   0
5    0   1   0   0   0   0   0   0   0   0   0   0
6    0   0   0   0   0   0   0   0   1   0   1   0
7    0   0   0   0   0   0   0   1   0   0   0   0
8    0   0   1   0   0   0   1   0   0   0   0   0
9    0   0   0   0   1   0   0   0   0   0   0   0
10   0   1   1   1   0   0   0   0   0   0   0   0
11   0   0   0   0   0   1   0   0   0   0   0   0

# Realization 53
S_plus:
   1  2  3  4  5
1  1  0  2  0  0
2  0  1  0  0  1
3  1  0  0  1  1

S_minus:
   1  2  3  4  5
1  0  1  0  1  1
2  1  0  1  1  0
3  0  1  1  0  0

# Realization 54
S_plus:
   1   2   3   4   5   6   7   8   9   10  11  12
1   0   0   0   1   1   0   0   1   0   0   1   0
2   0   0   0   1   0   1   1   0   0   0   0   0
3   0   1   0   0   0   0   0   0   0   0   1   0
4   1   0   1   0   0   0   0   0   0   0   0   1
5   0   0   0   0   1   0   0   1   1   2   0   0

S_minus:
   1   2   3   4   5   6   7   8   9   10  11  12
1   0   0   1   0   0   1   0   0   0   0   0   1
2   1   0   1   0   0   0   0   0   0   0   0   0
3   0   0   0   1   1   0   0   2   0   1   0   0
4   0   1   0   0   1   1   1   0   2   1   0   0
5   1   1   0   0   0   0   0   0   0   0   1   1

# Realization 55
S_plus:
   1  2  3  4
1  0  1  0  2
2  0  1  2  0
3  1  0  0  0

S_minus:
   1  2  3  4
1  1  0  1  0
2  1  0  0  2
3  0  1  0  0

# Realization 56
S_plus:
   1  2  3  4  5  6  7  8
1  1  1  1  0  0  0  0  0
2  0  0  0  1  0  1  1  0
3  1  1  0  0  2  0  1  1

S_minus:
   1  2  3  4  5  6  7  8
1  0  0  0  1  1  0  1  0
2  1  2  1  0  1  0  0  1
3  0  0  0  1  0  1  0  0

# Realization 57
S_plus:
   1  2  3  4  5  6  7  8
1  2  2  0  0  0  0  1  1
2  0  0  0  1  1  0  0  0
3  0  0  2  0  1  1  1  0

S_minus:
   1  2  3  4  5  6  7  8
1  0  0  1  1  1  2  0  0
2  0  1  1  0  0  0  1  0
3  1  0  0  1  0  0  0  1

# Realization 58
S_plus:
   1  2  3  4  5  6  7  8  9
1  0  0  0  0  1  0  0  0  0
2  1  0  0  0  0  0  1  0  1
3  0  0  1  1  0  1  1  1  0
4  1  0  1  0  0  0  0  1  0
5  0  1  0  0  0  0  0  0  0

S_minus:
   1  2  3  4  5  6  7  8  9
1  0  0  0  2  0  0  1  2  0
2  0  0  2  0  0  0  0  0  0
3  1  0  0  0  1  0  0  0  0
4  0  1  0  0  1  1  1  0  1
5  1  0  0  0  0  1  0  0  1

# Realization 59
S_plus:
   1  2  3  4  5  6  7
1  0  0  0  1  2  0  0
2  2  1  1  0  0  1  0
3  0  0  0  1  0  0  2

S_minus:
   1  2  3  4  5  6  7
1  1  1  0  0  0  2  0
2  0  0  0  2  1  0  1
3  1  1  1  0  1  0  0

# Realization 60
S_plus:
   1  2  3  4  5
1  2  0  0  0  0
2  0  1  1  1  0
3  0  0  0  1  0
4  0  0  0  0  1
5  0  0  1  0  0

S_minus:
   1  2  3  4  5
1  0  0  0  1  1
2  0  0  0  0  1
3  0  0  1  0  0
4  1  0  1  0  0
5  0  2  0  1  0

# Realization 61
S_plus:
   1  2  3  4  5  6  7  8
1  1  0  0  0  0  0  0  1
2  0  1  0  2  0  2  0  1
3  0  0  1  0  2  0  2  0

S_minus:
   1  2  3  4  5  6  7  8
1  0  1  2  1  0  1  1  0
2  0  0  0  0  1  0  0  0
3  1  0  0  1  0  0  0  2

# Realization 62
S_plus:
   1  2  3  4
1  1  0  0  1
2  1  0  0  0
3  0  1  0  0
4  0  0  2  0

S_minus:
   1  2  3  4
1  0  1  0  0
2  0  0  2  1
3  0  0  0  1
4  1  0  0  0

# Realization 63
S_plus:
   1  2  3  4  5  6  7  8
1  0  0  0  0  1  0  0  0
2  0  2  1  2  0  0  0  1
3  1  0  1  0  1  1  0  0
4  0  0  0  0  0  0  0  1
5  1  0  0  0  0  0  0  0
6  0  0  0  0  0  0  2  0

S_minus:
   1  2  3  4  5  6  7  8
1  0  1  0  0  0  0  0  1
2  1  0  0  0  0  0  0  0
3  0  0  0  0  0  0  1  0
4  0  0  0  1  0  0  0  0
5  0  0  0  1  0  1  0  0
6  0  0  1  0  1  0  0  0

# Realization 64
S_plus:
   1   2   3   4   5   6   7   8   9   10
1   0   0   1   0   1   0   0   1   1   2
2   2   2   0   1   1   0   0   0   0   0
3   0   0   0   1   0   1   1   1   0   0

S_minus:
   1   2   3   4   5   6   7   8   9   10
1   0   2   0   2   0   1   0   0   0   0
2   0   0   2   0   0   0   1   1   1   0
3   2   0   0   0   1   0   0   0   0   2

# Realization 65
S_plus:
   1  2  3  4
1  1  0  1  1
2  0  0  1  0
3  1  0  0  0
4  0  1  0  1

S_minus:
   1  2  3  4
1  0  1  0  0
2  1  1  0  1
3  0  0  0  1
4  1  0  2  0

# Realization 66
S_plus:
   1  2  3  4  5  6  7  8  9
1  1  2  0  0  1  0  0  0  1
2  0  0  1  0  1  0  0  1  0
3  0  0  0  2  0  2  1  1  0

S_minus:
   1  2  3  4  5  6  7  8  9
1  0  0  0  1  0  0  1  1  0
2  0  0  0  1  0  1  1  0  1
3  2  2  1  0  2  0  0  0  0

# Realization 67
S_plus:
   1  2  3  4  5  6  7  8  9
1  1  1  0  1  0  1  2  0  0
2  0  0  2  1  1  0  0  1  2
3  0  0  0  0  1  0  0  0  0

S_minus:
   1  2  3  4  5  6  7  8  9
1  0  0  0  0  1  0  0  1  1
2  0  1  0  0  0  1  1  0  0
3  1  0  1  1  0  1  0  0  0

# Realization 68
S_plus:
   1   2   3   4   5   6   7   8   9   10  11  12
1   0   0   0   0   0   0   1   1   0   1   0   0
2   0   0   1   0   0   2   0   0   1   0   0   1
3   0   1   0   0   1   0   0   0   0   0   0   0
4   0   0   0   0   0   0   0   0   0   0   1   0
5   0   0   0   0   0   0   1   1   1   0   1   0
6   1   0   1   1   0   0   0   0   0   0   0   0

S_minus:
   1   2   3   4   5   6   7   8   9   10  11  12
1   0   0   0   0   1   0   0   0   0   0   0   0
2   0   1   0   1   0   0   0   1   0   0   1   0
3   2   0   0   0   0   0   1   0   1   0   1   1
4   0   1   0   1   0   1   0   0   1   0   0   0
5   0   0   1   0   0   0   0   0   0   0   0   0
6   0   0   0   0   0   0   0   0   0   1   0   0

# Realization 69
S_plus:
   1  2  3  4  5  6  7  8
1  1  0  0  1  0  0  1  2
2  0  0  1  1  2  0  0  0
3  1  2  0  0  0  1  0  0

S_minus:
   1  2  3  4  5  6  7  8
1  0  0  1  0  1  0  0  0
2  1  1  0  0  0  1  2  1
3  0  0  0  1  1  0  0  1

# Realization 70
S_plus:
   1   2   3   4   5   6   7   8   9   10  11
1   0   0   1   0   0   2   0   0   1   2   0
2   0   1   0   0   0   0   0   1   0   0   1
3   0   0   0   1   2   0   0   0   0   0   0
4   2   0   0   0   0   0   1   1   0   0   1

S_minus:
   1   2   3   4   5   6   7   8   9   10  11
1   1   2   0   0   2   0   0   1   0   0   1
2   0   0   1   1   0   0   1   0   2   1   0
3   1   0   0   0   0   2   0   1   0   1   0
4   0   0   0   1   0   0   0   0   0   0   0

# Realization 71
S_plus:
   1   2   3   4   5   6   7   8   9   10  11
1   0   0   0   0   0   0   2   1   0   0   0
2   0   1   0   1   1   0   0   0   0   0   0
3   0   0   1   0   0   1   0   0   1   1   0
4   0   1   0   0   0   0   0   0   0   0   0
5   1   0   0   0   0   0   0   0   0   0   1
6   0   0   0   0   0   1   0   0   0   0   0
7   1   0   0   1   0   0   0   1   0   0   0
8   0   0   1   0   0   0   0   0   0   0   0

S_minus:
   1   2   3   4   5   6   7   8   9   10  11
1   0   0   0   1   0   1   0   0   0   0   0
2   0   0   1   0   0   0   0   0   0   0   0
3   0   1   0   0   0   0   0   0   0   0   0
4   0   0   0   0   1   0   0   0   0   0   1
5   0   0   0   0   0   0   0   0   0   1   0
6   1   0   1   1   0   0   1   1   0   0   0
7   0   0   0   0   0   0   0   0   1   0   0
8   0   0   0   0   0   0   0   0   0   1   0

# Realization 72
S_plus:
   1  2  3  4  5  6  7
1  0  1  0  0  0  0  0
2  1  0  1  0  0  2  0
3  0  0  1  0  0  0  0
4  0  0  0  1  0  0  0
5  0  0  0  1  1  0  1

S_minus:
   1  2  3  4  5  6  7
1  0  0  1  1  0  0  0
2  0  0  0  0  2  0  0
3  0  1  0  1  0  1  0
4  2  0  0  0  0  0  1
5  0  0  1  0  0  1  0

# Realization 73
S_plus:
   1   2   3   4   5   6   7   8   9   10
1   1   1   0   1   0   0   0   0   2   0
2   1   0   1   0   2   0   0   0   0   2
3   0   1   0   0   0   2   1   1   0   0

S_minus:
   1   2   3   4   5   6   7   8   9   10
1   0   0   0   0   1   0   1   0   0   1
2   0   2   0   0   0   1   1   1   1   0
3   1   0   1   1   0   0   0   0   0   1

# Realization 74
S_plus:
   1  2  3  4  5  6
1  0  0  1  2  0  0
2  0  1  0  0  0  1
3  1  0  0  0  2  0

S_minus:
   1  2  3  4  5  6
1  1  1  0  0  1  1
2  0  0  1  0  1  0
3  0  0  1  1  0  1

# Realization 75
S_plus:
   1  2  3  4  5  6  7  8  9
1  1  0  0  2  0  1  0  0  0
2  0  0  0  0  0  0  1  0  0
3  0  0  0  0  1  0  0  0  0
4  0  1  1  0  1  0  0  0  0
5  1  1  0  0  0  0  0  1  1

S_minus:
   1  2  3  4  5  6  7  8  9
1  0  1  0  0  0  0  0  0  0
2  2  0  1  0  0  0  0  1  0
3  0  1  0  1  0  1  1  0  2
4  0  0  0  1  0  0  1  0  0
5  0  0  0  0  2  0  0  0  0

# Realization 76
S_plus:
   1  2  3  4  5  6  7  8
1  0  0  0  0  0  0  1  0
2  0  1  1  2  0  1  0  2
3  1  0  1  0  1  0  0  0

S_minus:
   1  2  3  4  5  6  7  8
1  0  0  1  0  0  1  0  1
2  2  0  0  0  1  0  1  0
3  0  1  0  1  0  0  1  1

# Realization 77
S_plus:
   1  2  3  4  5  6  7
1  1  0  0  0  0  2  1
2  0  0  0  0  1  0  0
3  1  2  1  2  1  0  0

S_minus:
   1  2  3  4  5  6  7
1  0  1  1  0  1  0  0
2  1  1  0  2  0  0  0
3  0  0  0  0  0  2  1

# Realization 78
S_plus:
   1   2   3   4   5   6   7   8   9   10
1   0   0   0   0   0   1   0   0   0   0
2   1   1   0   0   1   0   0   0   1   0
3   0   0   0   0   0   0   0   0   0   1
4   0   0   1   0   0   1   0   0   0   0
5   0   1   1   1   0   0   1   2   1   0

S_minus:
   1   2   3   4   5   6   7   8   9   10
1   0   1   0   1   0   0   0   0   0   0
2   0   0   1   0   0   0   0   0   0   1
3   0   1   0   0   2   1   0   0   0   0
4   0   0   0   0   0   0   2   1   1   0
5   1   0   0   0   0   0   0   0   0   0

# Realization 79
S_plus:
   1  2  3  4  5  6  7
1  1  0  0  1  0  0  0
2  0  1  1  0  0  1  0
3  0  0  0  0  2  1  1

S_minus:
   1  2  3  4  5  6  7
1  0  2  0  0  1  1  0
2  0  0  0  1  1  0  1
3  2  0  1  1  0  0  0

# Realization 80
S_plus:
   1  2  3  4  5  6  7  8
1  1  0  1  0  0  0  0  0
2  0  0  0  1  0  2  2  1
3  1  1  0  0  1  0  0  0

S_minus:
   1  2  3  4  5  6  7  8
1  0  1  0  1  1  2  1  0
2  1  1  0  0  0  0  0  0
3  0  0  2  1  0  0  1  1

# Realization 81
S_plus:
   1  2  3  4  5  6  7  8
1  0  0  0  0  0  0  1  0
2  1  0  0  2  0  0  0  0
3  1  2  1  0  2  1  0  1

S_minus:
   1  2  3  4  5  6  7  8
1  2  2  1  1  0  0  0  0
2  0  0  1  0  1  2  0  1
3  0  0  0  1  0  0  2  0

# Realization 82
S_plus:
   1  2  3  4  5  6  7  8  9
1  0  0  0  0  0  1  0  1  0
2  0  0  0  1  1  1  0  0  1
3  1  1  1  0  0  0  0  0  0
4  0  0  0  0  0  0  1  0  0
5  0  0  0  1  1  0  1  1  0

S_minus:
   1  2  3  4  5  6  7  8  9
1  0  1  1  0  0  0  1  0  1
2  0  0  0  0  0  0  0  1  0
3  0  0  0  0  2  1  0  1  0
4  0  1  0  1  0  0  0  0  1
5  1  0  0  0  0  0  0  0  0

# Realization 83
S_plus:
   1  2  3  4  5  6  7
1  0  0  0  0  1  2  0
2  0  0  0  0  0  0  1
3  0  1  2  0  0  0  0
4  1  1  0  2  1  0  1

S_minus:
   1  2  3  4  5  6  7
1  0  0  1  0  0  0  1
2  1  2  0  1  2  0  0
3  1  0  0  1  0  1  1
4  0  0  1  0  0  0  0

# Realization 84
S_plus:
   1  2  3  4  5  6
1  0  0  1  1  1  1
2  0  0  1  1  0  0
3  0  0  0  0  1  0
4  1  1  0  0  0  0

S_minus:
   1  2  3  4  5  6
1  0  1  0  0  0  0
2  0  0  0  0  1  0
3  2  1  1  1  0  1
4  0  0  1  0  1  0

# Realization 85
S_plus:
   1   2   3   4   5   6   7   8   9   10  11  12
1   0   0   0   0   1   0   0   0   0   0   0   1
2   0   0   0   2   0   0   0   0   1   0   0   0
3   0   0   1   0   0   0   1   2   1   0   0   0
4   1   0   0   0   0   0   1   0   0   1   1   1
5   1   1   1   0   1   1   0   0   0   0   0   0

S_minus:
   1   2   3   4   5   6   7   8   9   10  11  12
1   0   0   1   0   0   0   0   1   1   0   1   0
2   0   2   0   0   0   1   2   1   0   1   0   0
3   1   0   0   0   0   1   0   0   0   0   0   0
4   0   0   0   0   1   0   0   0   0   0   0   0
5   0   0   0   1   0   0   0   0   1   0   1   1

# Realization 86
S_plus:
   1  2  3  4  5  6  7  8
1  0  0  0  0  1  0  1  2
2  0  2  0  0  0  0  1  0
3  1  0  1  2  0  1  0  0

S_minus:
   1  2  3  4  5  6  7  8
1  1  2  1  1  0  0  0  0
2  1  0  0  0  2  1  0  2
3  0  0  0  0  0  0  1  0

# Realization 87
S_plus:
   1  2  3  4  5  6
1  0  1  0  0  1  0
2  2  0  1  1  0  0
3  0  0  0  1  0  1

S_minus:
   1  2  3  4  5  6
1  0  0  1  1  0  1
2  0  2  0  0  1  0
3  2  0  1  0  1  0

# Realization 88
S_plus:
   1  2  3  4  5  6  7  8  9
1  0  1  2  2  0  0  0  1  1
2  2  0  0  0  0  1  0  0  0
3  0  1  0  0  1  0  2  0  1

S_minus:
   1  2  3  4  5  6  7  8  9
1  1  0  0  0  1  1  1  0  0
2  0  2  0  1  1  0  1  1  1
3  1  0  2  1  0  1  0  0  0

# Realization 89
S_plus:
   1   2   3   4   5   6   7   8   9   10
1   0   0   1   1   0   1   0   0   1   0
2   0   0   0   0   1   1   0   1   0   1
3   1   1   0   0   0   0   1   1   0   1
4   0   1   1   0   0   0   0   0   0   0

S_minus:
   1   2   3   4   5   6   7   8   9   10
1   1   1   0   0   0   0   1   1   0   0
2   1   0   0   1   0   0   0   0   1   0
3   0   0   2   1   0   1   0   0   0   0
4   0   0   0   0   2   1   0   1   0   1

# Realization 90
S_plus:
   1  2  3  4  5  6  7  8  9
1  1  0  0  1  0  0  0  0  0
2  0  2  0  0  2  0  2  2  0
3  0  0  2  1  0  1  0  0  2

S_minus:
   1  2  3  4  5  6  7  8  9
1  0  1  1  0  0  1  0  1  0
2  1  0  0  1  0  0  0  0  2
3  0  0  0  0  1  0  2  1  0

# Realization 91
S_plus:
   1  2  3  4  5  6
1  1  1  0  0  0  0
2  0  1  0  1  2  1
3  0  0  1  0  0  0

S_minus:
   1  2  3  4  5  6
1  0  0  0  1  0  0
2  0  0  1  0  0  0
3  1  1  0  0  2  2

# Realization 92
S_plus:
   1   2   3   4   5   6   7   8   9   10  11
1   2   0   0   0   0   0   1   0   0   1   1
2   0   0   1   0   1   1   0   0   0   0   0
3   0   1   0   1   0   1   0   0   0   1   0
4   0   0   0   0   1   0   0   1   0   0   0
5   0   0   0   0   0   0   0   0   1   0   0
6   0   0   1   0   0   0   0   0   0   0   1

S_minus:
   1   2   3   4   5   6   7   8   9   10  11
1   0   0   0   0   0   0   0   1   0   0   0
2   0   0   0   1   0   0   0   1   1   0   1
3   0   0   0   0   1   0   0   0   0   0   0
4   2   0   2   0   0   0   0   0   0   0   0
5   0   1   0   0   0   0   0   0   0   2   0
6   0   1   0   0   1   1   1   0   0   0   0

# Realization 93
S_plus:
   1  2  3  4  5  6  7  8
1  1  0  0  0  1  1  1  0
2  0  2  2  0  0  1  0  2
3  0  0  0  2  0  0  0  0

S_minus:
   1  2  3  4  5  6  7  8
1  0  0  1  1  0  0  0  1
2  0  0  0  1  2  0  1  0
3  1  2  1  0  0  1  0  0

# Realization 94
S_plus:
   1  2  3  4  5
1  1  0  0  1  1
2  0  1  1  0  1
3  0  0  1  0  0

S_minus:
   1  2  3  4  5
1  0  1  2  0  0
2  1  0  0  1  0
3  0  1  0  1  2

# Realization 95
S_plus:
   1   2   3   4   5   6   7   8   9   10  11
1   0   0   0   0   1   1   0   0   0   0   0
2   0   0   1   1   0   0   0   0   0   1   0
3   1   0   0   0   1   0   0   0   0   0   1
4   0   1   0   1   0   0   1   0   1   1   0
5   0   1   0   0   0   1   0   1   0   0   0

S_minus:
   1   2   3   4   5   6   7   8   9   10  11
1   0   0   0   0   0   0   0   0   0   1   0
2   2   1   0   0   0   1   1   1   0   0   1
3   0   0   1   1   0   1   0   1   1   0   0
4   0   0   0   0   1   0   0   0   0   0   0
5   0   0   0   1   0   0   1   0   1   0   1

# Realization 96
S_plus:
   1   2   3   4   5   6   7   8   9   10  11  12
1   1   0   0   0   0   1   1   0   2   0   0   0
2   0   0   0   1   0   0   0   0   0   0   0   0
3   0   0   1   1   0   0   0   0   0   1   0   0
4   0   0   0   0   0   0   0   1   0   0   0   1
5   1   1   0   0   1   0   1   1   0   0   1   0

S_minus:
   1   2   3   4   5   6   7   8   9   10  11  12
1   0   0   1   0   0   0   0   0   0   0   1   0
2   0   1   0   0   0   0   0   1   1   0   0   1
3   1   0   0   0   0   1   0   0   1   0   0   0
4   1   1   0   0   1   0   1   0   0   1   0   0
5   0   0   0   1   0   0   0   0   0   0   0   1

# Realization 97
S_plus:
   1   2   3   4   5   6   7   8   9   10
1   2   0   0   2   0   0   0   0   2   1
2   0   1   1   0   0   1   0   1   0   1
3   0   0   1   0   2   0   1   0   0   0

S_minus:
   1   2   3   4   5   6   7   8   9   10
1   0   1   1   0   2   1   0   0   0   0
2   0   0   0   0   0   0   1   0   1   0
3   2   0   0   1   0   1   0   1   1   1

# Realization 98
S_plus:
   1  2  3  4  5  6  7  8
1  0  0  1  0  2  0  1  0
2  1  0  1  0  0  0  0  0
3  0  1  0  1  0  2  1  2

S_minus:
   1  2  3  4  5  6  7  8
1  0  0  0  1  0  1  0  0
2  0  1  0  0  1  1  1  2
3  1  0  2  0  0  0  0  0

# Realization 99
S_plus:
   1   2   3   4   5   6   7   8   9   10  11  12
1   0   0   0   0   0   0   0   1   0   1   1   0
2   1   1   0   1   0   0   1   1   1   0   0   1
3   1   0   0   1   0   1   0   0   0   1   0   0
4   0   0   1   0   1   1   0   0   0   0   0   1

S_minus:
   1   2   3   4   5   6   7   8   9   10  11  12
1   1   0   1   0   0   0   0   0   1   0   0   0
2   0   0   0   0   1   1   0   0   0   1   1   0
3   0   1   0   0   0   0   0   0   0   0   0   1
4   0   1   0   1   0   0   1   2   0   0   0   0

# Realization 100
S_plus:
   1   2   3   4   5   6   7   8   9   10  11
1   0   1   0   0   1   0   1   0   1   0   0
2   0   0   1   1   0   0   0   0   1   0   2
3   1   0   0   0   0   1   1   0   0   1   0
4   1   0   1   0   0   0   0   2   0   0   0

S_minus:
   1   2   3   4   5   6   7   8   9   10  11
1   0   0   0   0   0   0   0   0   0   0   1
2   1   0   0   0   1   1   1   1   0   1   0
3   0   1   1   1   0   0   0   1   2   0   0
4   0   0   0   0   0   0   1   0   0   1   1

# Realization 101
S_plus:
   1   2   3   4   5   6   7   8   9   10
1   0   1   0   0   0   1   0   0   0   0
2   0   0   0   1   1   0   0   0   0   0
3   0   0   0   1   0   0   0   0   0   0
4   0   0   0   0   0   0   1   0   0   0
5   0   0   1   0   0   0   0   0   0   1
6   0   1   0   0   1   0   0   1   0   0
7   0   0   0   0   0   0   0   0   1   0
8   1   0   0   0   0   0   0   0   0   1
9   1   0   0   0   0   1   0   0   0   0

S_minus:
   1   2   3   4   5   6   7   8   9   10
1   1   0   1   0   0   0   0   0   0   0
2   0   1   0   0   0   0   1   0   0   0
3   0   0   0   0   0   0   1   0   0   0
4   0   0   0   0   0   1   0   0   1   1
5   0   0   0   0   1   0   0   0   0   0
6   0   0   0   1   0   0   0   0   1   0
7   0   0   0   0   1   0   0   0   0   1
8   0   0   0   0   0   1   0   0   0   0
9   0   1   1   0   0   0   0   1   0   0

# Realization 102
S_plus:
   1   2   3   4   5   6   7   8   9   10
1   0   1   0   0   0   0   0   0   1   0
2   0   0   0   0   0   1   1   0   0   0
3   0   1   0   1   0   1   0   0   0   0
4   0   0   1   0   0   0   0   1   0   0
5   0   0   0   0   2   0   0   0   1   0
6   1   0   0   0   0   0   0   0   0   2

S_minus:
   1   2   3   4   5   6   7   8   9   10
1   0   0   0   1   0   1   0   0   0   0
2   0   1   0   0   0   0   0   1   1   0
3   1   0   1   0   0   0   0   0   0   1
4   0   0   0   0   1   0   1   0   0   0
5   1   0   0   1   0   1   0   0   0   1
6   0   0   0   0   0   0   0   1   0   0

# Realization 103
S_plus:
   1   2   3   4   5   6   7   8   9   10  11  12
1   0   0   0   0   0   0   1   0   0   0   0   0
2   1   0   0   0   1   0   1   1   0   1   0   1
3   1   0   0   1   1   1   0   0   1   0   0   0
4   0   1   1   0   0   0   0   0   0   0   1   1
5   0   0   0   0   0   0   0   0   1   1   1   0

S_minus:
   1   2   3   4   5   6   7   8   9   10  11  12
1   1   0   1   1   0   0   0   0   1   0   1   1
2   0   1   1   0   0   0   0   0   0   0   0   0
3   0   0   0   0   0   0   1   0   0   1   1   0
4   0   0   0   1   1   1   0   0   0   1   0   0
5   0   1   0   0   0   0   1   1   0   0   0   1

# Realization 104
S_plus:
   1  2  3  4  5  6  7
1  1  0  0  0  0  0  0
2  0  2  1  0  0  0  0
3  0  0  0  0  0  1  0
4  1  0  0  0  0  0  0
5  0  0  0  1  1  1  1
6  0  0  0  0  1  0  1

S_minus:
   1  2  3  4  5  6  7
1  0  0  0  1  0  0  0
2  1  0  0  0  0  0  2
3  0  0  0  1  1  0  0
4  0  0  1  0  1  1  0
5  0  1  0  0  0  0  0
6  0  0  0  0  0  1  0

# Realization 105
S_plus:
   1  2  3  4
1  0  0  1  0
2  0  2  0  1
3  1  0  0  0
4  0  0  1  0

S_minus:
   1  2  3  4
1  1  0  0  0
2  1  0  1  0
3  0  1  0  0
4  0  0  0  1

# Realization 106
S_plus:
   1  2  3  4
1  0  0  1  1
2  2  0  0  0
3  0  1  1  0

S_minus:
   1  2  3  4
1  1  1  0  0
2  0  0  2  1
3  1  0  0  0

# Realization 107
S_plus:
   1   2   3   4   5   6   7   8   9   10  11  12
1   0   0   1   1   1   0   0   0   1   0   0   0
2   0   0   0   0   0   0   1   0   0   0   0   0
3   1   0   0   0   0   0   0   0   0   1   0   0
4   0   0   0   0   1   0   0   0   1   0   0   0
5   0   0   0   0   0   0   0   1   0   0   1   2
6   0   1   0   0   0   1   0   0   0   1   0   0
7   0   0   0   0   0   0   1   1   0   0   0   0

S_minus:
   1   2   3   4   5   6   7   8   9   10  11  12
1   0   0   0   0   0   0   1   0   0   1   0   0
2   0   0   0   1   0   1   0   0   0   0   0   0
3   0   1   0   0   0   0   0   1   0   0   0   1
4   1   0   1   0   0   0   0   0   0   0   1   0
5   1   0   0   0   1   0   0   0   0   0   0   0
6   0   0   0   0   0   0   0   1   1   0   0   0
7   0   0   1   0   1   1   0   0   0   1   1   0

# Realization 108
S_plus:
   1  2  3  4  5  6  7  8
1  0  0  0  1  0  1  0  0
2  1  0  0  0  1  0  0  0
3  0  0  1  0  0  1  1  0
4  0  1  0  0  0  0  0  1

S_minus:
   1  2  3  4  5  6  7  8
1  0  0  1  0  0  0  0  0
2  0  0  0  0  0  1  0  1
3  1  1  0  1  0  0  0  0
4  0  0  1  0  2  1  1  0

# Realization 109
S_plus:
   1  2  3  4  5  6  7  8  9
1  0  1  1  0  0  1  0  0  0
2  1  0  0  0  0  0  1  1  0
3  0  1  0  2  0  0  0  0  1
4  1  0  0  0  2  0  0  1  1

S_minus:
   1  2  3  4  5  6  7  8  9
1  0  0  0  1  1  0  0  1  1
2  0  0  1  1  0  2  0  0  1
3  1  0  0  0  1  0  0  0  0
4  0  2  1  0  0  0  1  0  0

# Realization 110
S_plus:
   1  2  3  4  5  6  7  8  9
1  0  0  2  1  0  1  0  1  0
2  1  1  0  1  0  0  0  0  1
3  0  0  0  0  1  0  1  0  1

S_minus:
   1  2  3  4  5  6  7  8  9
1  0  2  0  0  1  0  0  0  1
2  0  0  1  0  0  0  2  2  0
3  1  0  0  1  0  1  0  0  0

# Realization 111
S_plus:
   1  2  3
1  1  0  1
2  0  1  0
3  1  1  0

S_minus:
   1  2  3
1  0  2  0
2  2  0  0
3  0  0  1

# Realization 112
S_plus:
   1  2  3  4  5
1  1  0  0  1  1
2  0  0  0  0  1
3  1  0  1  0  0
4  0  1  1  1  0

S_minus:
   1  2  3  4  5
1  0  1  0  0  0
2  1  1  1  1  0
3  0  0  0  1  1
4  0  0  0  0  1

# Realization 113
S_plus:
   1   2   3   4   5   6   7   8   9   10  11
1   0   1   2   0   0   0   0   0   0   1   1
2   0   0   0   1   0   0   0   0   0   0   0
3   1   0   0   0   1   0   2   1   1   1   0
4   0   0   0   1   1   1   0   0   0   0   0

S_minus:
   1   2   3   4   5   6   7   8   9   10  11
1   1   0   0   0   1   1   0   1   0   0   0
2   1   0   0   0   0   0   1   0   1   2   0
3   0   1   1   1   0   0   0   0   0   0   0
4   0   0   1   0   0   0   0   0   0   0   1

# Realization 114
S_plus:
   1  2  3  4  5  6  7
1  0  0  1  0  1  0  0
2  0  0  0  2  1  1  0
3  1  1  0  0  0  0  1

S_minus:
   1  2  3  4  5  6  7
1  1  1  0  1  0  0  0
2  1  0  1  0  0  0  1
3  0  0  0  1  1  1  0

# Realization 115
S_plus:
   1   2   3   4   5   6   7   8   9   10  11  12
1   0   0   0   0   0   0   0   0   1   0   1   0
2   1   0   1   0   0   0   0   1   0   0   0   0
3   0   2   0   0   0   0   0   0   0   0   0   0
4   0   0   0   0   1   0   0   0   0   0   0   0
5   0   0   0   0   0   0   1   0   0   1   1   0
6   1   0   0   1   0   0   0   1   0   0   0   0
7   0   0   0   1   0   1   1   0   0   0   0   0
8   0   0   0   0   1   0   0   0   0   1   0   2

S_minus:
   1   2   3   4   5   6   7   8   9   10  11  12
1   1   0   0   1   1   0   0   0   0   1   0   0
2   0   0   0   0   0   0   0   0   0   0   0   1
3   0   0   0   0   0   0   0   0   1   0   0   0
4   0   0   0   0   0   0   1   0   1   0   0   0
5   0   0   0   1   0   0   0   0   0   0   0   0
6   0   0   1   0   0   1   0   0   0   0   1   1
7   0   1   0   0   1   0   0   1   0   0   0   0
8   1   0   0   0   0   0   0   0   0   0   0   0

# Realization 116
S_plus:
   1  2  3  4  5  6  7  8
1  1  0  0  1  0  1  2  0
2  0  0  0  0  0  0  0  1
3  0  1  1  0  2  0  0  0

S_minus:
   1  2  3  4  5  6  7  8
1  0  0  0  0  1  0  0  0
2  1  1  2  2  0  0  1  0
3  1  0  0  0  0  2  1  1

# Realization 117
S_plus:
   1   2   3   4   5   6   7   8   9   10  11
1   0   1   0   0   1   1   0   1   1   1   0
2   1   0   1   0   0   0   0   0   0   0   0
3   0   1   0   0   0   0   1   0   0   0   0
4   1   0   0   1   0   0   0   0   0   0   0
5   0   0   0   0   0   0   0   0   0   0   1
6   0   0   1   1   0   0   0   0   0   1   0
7   0   0   0   0   0   1   0   0   1   0   0

S_minus:
   1   2   3   4   5   6   7   8   9   10  11
1   0   0   0   1   0   0   2   0   0   0   0
2   0   0   0   0   1   0   0   0   0   1   1
3   1   0   0   0   0   0   0   1   1   0   0
4   0   1   0   0   0   1   0   0   0   1   1
5   0   0   1   0   0   0   0   0   0   0   0
6   0   0   0   0   0   0   0   1   0   0   0
7   0   0   0   1   0   0   0   0   0   0   0

# Realization 118
S_plus:
   1  2  3  4  5  6  7
1  0  1  0  0  0  0  0
2  0  0  1  0  2  1  0
3  0  0  0  0  0  0  1
4  1  0  1  1  0  0  0

S_minus:
   1  2  3  4  5  6  7
1  1  0  1  0  0  0  1
2  1  0  0  0  0  0  0
3  0  1  0  1  1  1  0
4  0  1  0  0  1  0  0

# Realization 119
S_plus:
   1  2  3  4  5  6  7
1  1  1  0  0  1  0  1
2  1  0  2  0  0  2  0
3  0  0  0  1  0  0  0

S_minus:
   1  2  3  4  5  6  7
1  0  0  1  1  0  0  0
2  0  1  0  1  1  0  0
3  1  0  1  0  1  1  1

# Realization 120
S_plus:
   1   2   3   4   5   6   7   8   9   10
1   1   0   0   2   1   0   0   0   1   0
2   0   1   0   0   1   0   0   0   0   1
3   0   0   0   0   0   1   0   1   1   0
4   1   0   0   0   0   0   0   0   0   1
5   0   0   1   0   0   0   1   0   0   0
6   0   0   0   0   0   0   1   0   0   0

S_minus:
   1   2   3   4   5   6   7   8   9   10
1   0   1   0   0   0   0   0   0   0   2
2   0   0   1   0   0   0   0   0   1   0
3   0   0   1   0   1   0   1   0   0   0
4   0   0   0   1   0   0   1   1   1   0
5   0   0   0   0   1   0   0   0   0   0
6   1   1   0   1   0   1   0   0   0   0

# Realization 121
S_plus:
   1   2   3   4   5   6   7   8   9   10  11
1   0   0   0   0   0   0   1   1   0   0   0
2   0   1   0   1   0   1   0   0   0   0   1
3   1   0   0   0   0   0   0   0   0   0   0
4   0   0   0   0   1   0   0   0   0   2   1
5   1   0   1   0   0   1   1   0   1   0   0

S_minus:
   1   2   3   4   5   6   7   8   9   10  11
1   1   0   0   1   0   0   0   0   0   0   0
2   0   0   1   0   0   0   0   0   1   1   0
3   0   1   1   0   1   1   0   0   0   0   1
4   0   0   0   0   0   0   1   1   1   0   0
5   0   0   0   1   0   0   0   1   0   1   0

# Realization 122
S_plus:
   1  2  3  4  5
1  0  0  1  1  0
2  1  0  0  0  0
3  0  0  0  1  1
4  1  1  0  0  0

S_minus:
   1  2  3  4  5
1  1  1  0  0  0
2  0  1  1  1  1
3  1  0  0  0  0
4  0  0  1  1  1

# Realization 123
S_plus:
   1  2  3  4  5  6  7
1  0  1  0  0  1  0  0
2  0  0  1  1  0  0  0
3  0  0  0  0  0  1  1
4  1  0  1  1  1  1  0

S_minus:
   1  2  3  4  5  6  7
1  0  0  1  1  0  1  0
2  2  0  0  0  1  1  1
3  0  0  1  0  0  0  0
4  0  1  0  0  0  0  0

# Realization 124
S_plus:
   1  2  3  4  5  6  7  8
1  0  1  2  0  0  0  0  0
2  0  0  0  1  1  1  0  0
3  2  0  0  1  0  0  2  1

S_minus:
   1  2  3  4  5  6  7  8
1  2  0  0  2  1  0  0  1
2  0  0  0  0  0  0  1  0
3  0  2  2  0  0  2  0  0

# Realization 125
S_plus:
   1  2  3  4  5  6  7
1  1  2  0  0  0  2  0
2  0  0  1  2  0  0  2
3  0  0  0  0  1  0  0

S_minus:
   1  2  3  4  5  6  7
1  0  0  2  1  1  0  1
2  2  1  0  0  1  2  0
3  0  1  0  1  0  0  0

# Realization 126
S_plus:
   1  2  3
1  0  1  1
2  2  0  0
3  0  1  0

S_minus:
   1  2  3
1  1  0  0
2  0  1  0
3  1  0  2

# Realization 127
S_plus:
   1  2  3  4  5  6
1  0  0  0  1  1  2
2  1  1  0  0  0  0
3  0  0  1  0  0  0

S_minus:
   1  2  3  4  5  6
1  1  0  0  0  0  0
2  0  0  1  0  2  1
3  0  2  0  2  0  1

# Realization 128
S_plus:
   1   2   3   4   5   6   7   8   9   10  11  12
1   0   0   0   1   0   0   1   0   0   0   0   0
2   0   0   1   0   0   0   0   0   0   0   0   1
3   0   0   0   0   1   0   0   0   0   0   1   0
4   0   1   0   0   0   1   0   0   1   0   0   0
5   1   1   0   0   0   0   1   2   0   1   0   0
6   0   0   0   0   0   1   0   0   0   1   0   0

S_minus:
   1   2   3   4   5   6   7   8   9   10  11  12
1   0   0   0   0   0   1   0   1   0   0   0   1
2   1   0   0   1   0   0   1   0   0   0   1   0
3   0   0   1   0   0   0   1   0   1   1   0   0
4   0   0   0   0   0   0   0   0   0   0   1   0
5   0   0   0   0   1   0   0   0   1   0   0   1
6   0   2   1   0   1   0   0   0   0   0   0   0

# Realization 129
S_plus:
   1  2  3  4  5  6  7  8  9
1  0  0  0  0  1  0  0  1  0
2  0  1  2  0  1  0  2  0  1
3  1  0  0  0  0  1  0  1  0
4  0  0  0  1  0  1  0  0  0

S_minus:
   1  2  3  4  5  6  7  8  9
1  0  2  2  1  0  1  1  0  0
2  1  0  0  0  0  0  0  1  0
3  0  0  0  1  1  0  1  0  1
4  1  0  0  0  1  0  0  1  0

# Realization 130
S_plus:
   1  2  3  4  5  6  7  8
1  0  0  1  0  0  0  0  2
2  0  1  1  0  1  0  0  0
3  1  0  0  1  0  1  1  0

S_minus:
   1  2  3  4  5  6  7  8
1  0  1  0  2  1  1  1  0
2  1  0  0  0  0  1  0  1
3  0  1  1  0  0  0  0  1

# Realization 131
S_plus:
   1   2   3   4   5   6   7   8   9   10  11
1   0   0   0   1   0   0   0   0   0   1   0
2   0   0   0   0   1   0   0   0   1   0   1
3   0   1   0   0   0   1   1   0   0   0   0
4   0   0   0   0   0   1   1   0   0   1   0
5   1   0   1   0   0   0   0   1   1   0   1

S_minus:
   1   2   3   4   5   6   7   8   9   10  11
1   0   0   1   0   0   1   2   2   1   0   2
2   0   1   1   0   0   0   0   0   0   0   0
3   0   0   0   1   1   0   0   0   1   0   0
4   1   0   0   0   0   0   0   0   0   0   0
5   0   0   0   1   1   1   0   0   0   1   0

# Realization 132
S_plus:
   1   2   3   4   5   6   7   8   9   10  11
1   0   1   0   0   0   0   1   1   1   1   0
2   0   0   0   0   1   0   0   0   0   0   0
3   1   0   1   0   0   0   1   0   0   0   1
4   0   0   0   2   0   1   0   0   0   1   0

S_minus:
   1   2   3   4   5   6   7   8   9   10  11
1   2   0   1   0   0   0   0   0   0   0   0
2   0   0   0   0   0   0   1   0   0   1   0
3   0   1   0   1   1   1   0   1   0   1   0
4   0   0   1   0   0   0   1   1   2   0   1

# Realization 133
S_plus:
   1  2  3  4  5  6  7  8
1  0  0  0  1  0  0  0  0
2  0  0  0  0  1  0  0  1
3  1  1  1  0  1  1  0  0
4  1  1  1  0  0  0  1  1

S_minus:
   1  2  3  4  5  6  7  8
1  1  1  0  0  1  0  0  0
2  1  0  1  1  0  0  1  0
3  0  0  0  1  0  0  1  1
4  0  0  0  0  0  2  0  0

# Realization 134
S_plus:
   1   2   3   4   5   6   7   8   9   10  11
1   0   0   0   0   0   0   0   0   0   1   0
2   0   0   0   1   0   1   1   0   0   0   1
3   1   1   1   0   0   0   0   1   0   0   0
4   0   0   0   0   1   0   0   0   0   0   0
5   0   0   0   0   0   0   1   1   0   0   1
6   0   0   0   0   0   0   0   0   1   0   0
7   0   0   0   1   0   0   0   0   1   0   0

S_minus:
   1   2   3   4   5   6   7   8   9   10  11
1   0   1   0   2   0   0   0   1   0   0   1
2   0   0   1   0   0   0   0   0   0   0   0
3   0   0   0   0   0   1   0   0   0   0   0
4   0   0   0   0   0   1   0   0   1   0   0
5   0   0   0   0   0   0   0   0   0   1   0
6   0   0   0   0   1   0   1   0   0   0   0
7   1   0   1   0   1   0   0   0   0   0   0

# Realization 135
S_plus:
   1   2   3   4   5   6   7   8   9   10
1   0   0   0   0   0   0   0   1   0   0
2   0   0   0   0   0   1   1   0   0   1
3   0   1   0   0   1   0   0   0   0   0
4   0   0   1   0   0   0   0   0   0   0
5   1   0   0   0   0   0   0   0   0   0
6   0   0   1   0   0   0   0   0   1   0
7   1   0   0   1   0   1   0   1   0   0

S_minus:
   1   2   3   4   5   6   7   8   9   10
1   0   0   0   0   1   1   0   0   2   0
2   1   0   1   0   0   0   0   0   0   0
3   0   0   0   1   0   0   0   0   0   0
4   0   0   0   1   0   0   0   1   0   1
5   0   0   0   0   0   1   1   0   0   0
6   0   0   0   0   0   0   0   0   0   1
7   0   1   0   0   0   0   0   0   0   0

# Realization 136
S_plus:
   1  2  3  4  5  6  7
1  0  0  0  2  0  0  1
2  1  2  1  0  1  2  0
3  1  0  0  0  0  0  0

S_minus:
   1  2  3  4  5  6  7
1  2  0  0  0  2  2  0
2  0  0  0  1  0  0  1
3  0  1  1  1  0  0  0

# Realization 137
S_plus:
   1  2  3  4  5  6  7
1  0  0  0  0  1  0  0
2  0  0  0  1  0  0  0
3  0  0  0  0  0  1  1
4  0  1  0  0  0  0  0
5  1  0  2  0  0  0  0

S_minus:
   1  2  3  4  5  6  7
1  0  2  0  0  0  0  1
2  1  0  1  0  0  1  0
3  0  0  0  1  1  0  0
4  0  0  1  0  1  1  0
5  0  0  0  1  0  0  1

# Realization 138
S_plus:
   1  2  3  4  5  6  7
1  0  0  0  0  0  1  1
2  0  0  1  0  0  0  1
3  1  2  0  0  1  0  0
4  0  0  0  1  0  1  0

S_minus:
   1  2  3  4  5  6  7
1  2  0  0  1  1  0  0
2  0  1  0  1  0  1  0
3  0  0  1  0  0  1  1
4  0  1  1  0  0  0  1

# Realization 139
S_plus:
   1   2   3   4   5   6   7   8   9   10  11
1   0   1   2   0   1   1   1   1   1   0   0
2   0   0   0   0   0   0   0   0   1   0   1
3   1   0   0   1   0   0   1   0   0   0   0
4   0   0   0   0   0   1   0   0   0   0   1
5   0   0   0   0   0   0   0   0   0   1   0

S_minus:
   1   2   3   4   5   6   7   8   9   10  11
1   1   0   0   0   0   0   0   0   0   1   1
2   0   1   1   0   0   0   1   0   0   1   0
3   0   0   0   0   0   1   0   1   0   0   0
4   0   0   0   1   1   0   0   1   2   0   0
5   1   0   0   0   1   1   0   0   0   0   1

# Realization 140
S_plus:
   1  2  3  4  5  6  7  8  9
1  0  0  0  1  0  0  0  0  0
2  0  0  0  0  1  2  0  0  1
3  1  0  1  0  0  0  0  0  0
4  0  0  0  0  1  0  2  1  0
5  0  1  0  0  0  0  0  0  0
6  1  1  0  1  0  0  0  0  0

S_minus:
   1  2  3  4  5  6  7  8  9
1  0  2  0  0  0  0  1  0  0
2  0  0  1  1  0  0  0  0  0
3  0  0  0  0  0  0  0  1  1
4  0  0  0  0  0  1  0  0  0
5  1  0  1  1  0  0  0  0  1
6  0  0  0  0  1  0  0  0  0

# Realization 141
S_plus:
   1   2   3   4   5   6   7   8   9   10  11
1   0   0   1   1   0   0   1   0   0   0   1
2   0   1   0   0   0   0   0   2   0   0   0
3   0   0   0   0   0   0   0   0   1   1   1
4   2   0   0   0   0   0   0   0   0   0   0
5   0   0   0   0   1   1   0   0   1   0   0

S_minus:
   1   2   3   4   5   6   7   8   9   10  11
1   1   0   0   0   0   0   0   0   2   0   0
2   0   0   1   1   1   0   0   0   0   0   1
3   0   1   0   0   0   0   0   1   0   0   0
4   0   0   0   1   1   1   0   0   0   0   1
5   1   0   1   0   0   0   1   0   0   1   0

# Realization 142
S_plus:
   1  2  3  4  5  6
1  0  0  0  0  1  0
2  1  0  0  0  0  1
3  1  0  1  0  0  0
4  0  1  0  1  1  0

S_minus:
   1  2  3  4  5  6
1  1  1  1  0  0  0
2  0  0  0  1  1  0
3  0  1  0  0  0  0
4  0  0  0  0  0  1

# Realization 143
S_plus:
   1  2  3  4  5  6  7
1  0  0  0  0  0  0  1
2  0  1  2  0  0  0  0
3  0  0  0  1  0  0  0
4  1  0  0  0  1  1  0
5  0  1  0  0  0  0  0
6  0  0  0  0  0  0  1

S_minus:
   1  2  3  4  5  6  7
1  0  0  1  0  0  1  0
2  0  0  0  0  0  1  0
3  0  1  0  0  0  0  1
4  0  0  0  1  0  0  0
5  0  0  0  0  0  0  1
6  2  0  1  1  1  0  0

# Realization 144
S_plus:
   1  2  3  4  5  6  7
1  1  0  0  1  0  0  2
2  0  1  0  0  2  0  0
3  0  0  1  0  0  1  0
4  0  0  1  0  0  0  0

S_minus:
   1  2  3  4  5  6  7
1  0  1  1  0  0  0  0
2  0  0  0  1  0  0  0
3  1  0  0  0  1  0  1
4  1  1  0  1  1  1  0

# Realization 145
S_plus:
   1   2   3   4   5   6   7   8   9   10  11  12
1   1   0   0   0   0   1   0   0   0   0   1   0
2   0   0   0   0   0   0   0   0   1   1   0   0
3   0   0   0   0   1   0   1   0   0   0   0   1
4   0   1   0   1   1   0   0   1   0   0   1   0
5   1   0   1   0   0   0   1   0   0   0   0   0
6   0   0   0   0   0   1   0   0   0   1   0   0

S_minus:
   1   2   3   4   5   6   7   8   9   10  11  12
1   0   0   0   0   0   0   0   1   0   1   0   1
2   0   0   0   0   1   0   0   0   0   0   0   0
3   0   0   0   1   0   1   0   0   0   0   1   0
4   1   0   0   0   0   1   1   0   0   0   0   0
5   0   1   0   0   0   0   0   0   1   0   0   0
6   1   0   1   0   0   0   1   0   0   0   0   0

# Realization 146
S_plus:
   1   2   3   4   5   6   7   8   9   10
1   0   0   0   0   1   0   2   0   1   1
2   1   2   0   0   0   1   0   1   1   0
3   0   0   1   2   0   0   0   0   0   0

S_minus:
   1   2   3   4   5   6   7   8   9   10
1   1   0   1   1   0   0   0   2   0   0
2   0   0   1   1   1   0   1   0   0   0
3   0   1   0   0   1   1   0   0   1   1

# Realization 147
S_plus:
   1   2   3   4   5   6   7   8   9   10  11  12
1   0   0   0   1   1   1   0   0   1   0   1   0
2   1   1   0   0   0   0   0   0   0   0   1   1
3   0   0   2   0   0   1   1   0   1   0   0   0
4   0   1   0   0   1   0   0   1   0   2   0   0

S_minus:
   1   2   3   4   5   6   7   8   9   10  11  12
1   0   0   2   0   0   0   1   2   0   0   0   1
2   0   0   0   0   1   2   0   0   1   1   0   0
3   0   1   0   1   1   0   0   0   0   1   0   1
4   1   0   0   0   0   0   0   0   1   0   1   0

# Realization 148
S_plus:
   1  2  3
1  1  0  0
2  0  1  0
3  0  1  1

S_minus:
   1  2  3
1  0  1  0
2  0  0  1
3  1  0  0

# Realization 149
S_plus:
   1  2  3  4  5  6  7  8
1  1  0  1  1  0  1  0  0
2  1  1  0  0  0  0  1  1
3  0  0  0  0  1  1  0  0
4  0  1  0  1  1  0  0  1
5  0  0  0  0  0  0  1  0

S_minus:
   1  2  3  4  5  6  7  8
1  0  1  0  0  1  0  1  1
2  0  0  1  1  0  0  0  0
3  0  0  0  0  0  0  1  1
4  1  0  0  0  0  0  0  0
5  1  1  0  1  0  2  0  0

# Realization 150
S_plus:
   1   2   3   4   5   6   7   8   9   10
1   0   0   0   0   1   0   0   1   0   0
2   0   1   0   0   0   0   1   0   0   0
3   1   0   1   0   0   0   0   1   1   0
4   1   0   0   0   0   1   1   0   0   0
5   0   0   0   0   0   0   0   0   1   1
6   0   0   1   1   1   0   0   0   0   0

S_minus:
   1   2   3   4   5   6   7   8   9   10
1   1   0   1   0   0   2   0   0   0   0
2   0   0   0   0   1   0   0   0   1   1
3   0   0   0   2   0   0   0   0   0   0
4   0   0   0   0   0   0   0   0   0   1
5   0   1   0   0   0   0   1   0   0   0
6   0   0   0   0   0   0   0   1   0   0

# Realization 151
S_plus:
   1  2  3  4  5  6  7  8  9
1  0  0  0  1  0  0  0  0  0
2  0  0  1  0  0  1  0  0  1
3  1  0  0  1  2  1  0  1  0
4  0  2  0  0  0  0  1  1  1

S_minus:
   1  2  3  4  5  6  7  8  9
1  1  2  0  0  1  1  0  1  0
2  0  0  0  0  1  0  1  0  0
3  0  0  0  0  0  0  1  0  1
4  0  0  1  1  0  0  0  0  0

# Realization 152
S_plus:
   1  2  3  4  5  6  7
1  0  0  2  0  2  0  0
2  0  2  0  0  0  2  2
3  2  0  0  1  0  0  0

S_minus:
   1  2  3  4  5  6  7
1  1  1  0  2  0  0  0
2  1  0  0  0  0  0  0
3  0  0  2  0  1  2  1

# Realization 153
S_plus:
   1   2   3   4   5   6   7   8   9   10  11  12
1   0   0   0   0   0   0   0   0   0   1   0   0
2   1   0   0   0   0   1   0   0   0   0   0   0
3   0   1   0   0   0   0   1   0   0   0   0   0
4   0   0   0   1   0   0   0   0   0   0   0   0
5   0   0   0   0   0   0   0   0   1   0   0   1
6   1   1   0   0   1   0   0   1   0   0   1   0
7   0   0   1   0   0   1   0   0   0   0   1   0

S_minus:
   1   2   3   4   5   6   7   8   9   10  11  12
1   0   0   0   0   0   1   0   0   0   0   0   0
2   0   0   0   0   1   0   1   1   2   0   0   0
3   0   0   0   1   1   0   0   0   0   0   1   0
4   0   1   1   0   0   0   0   0   0   0   0   1
5   0   1   0   0   0   1   1   0   0   1   1   0
6   0   0   0   0   0   0   0   0   0   0   0   1
7   1   0   0   0   0   0   0   0   0   0   0   0

# Realization 154
S_plus:
   1  2  3  4  5  6  7  8  9
1  1  0  0  0  2  0  0  0  0
2  0  0  0  1  0  0  1  1  1
3  1  1  1  0  0  1  0  0  1
4  0  0  1  1  0  0  0  0  0

S_minus:
   1  2  3  4  5  6  7  8  9
1  0  1  1  1  0  1  1  0  0
2  1  1  1  0  0  0  0  0  0
3  0  0  0  1  0  0  0  1  0
4  0  0  0  0  1  0  1  1  1

# Realization 155
S_plus:
   1  2  3  4  5  6
1  0  0  1  0  2  1
2  0  0  0  1  0  0
3  2  1  0  0  0  1
4  0  0  1  0  0  0

S_minus:
   1  2  3  4  5  6
1  0  1  0  0  0  0
2  1  0  0  0  0  1
3  0  0  1  0  1  0
4  1  1  0  1  1  1

# Realization 156
S_plus:
   1  2  3  4  5  6  7  8  9
1  0  0  1  0  0  0  0  1  0
2  1  1  0  0  0  0  0  0  0
3  0  0  0  1  1  0  0  0  1
4  0  0  0  1  0  1  0  0  1
5  0  0  0  0  0  0  1  0  0
6  1  0  0  0  1  0  0  0  0

S_minus:
   1  2  3  4  5  6  7  8  9
1  1  0  0  0  1  0  0  0  0
2  0  0  0  0  0  0  2  0  1
3  0  0  1  0  0  1  0  0  0
4  1  1  0  0  0  0  0  1  0
5  0  0  0  1  0  0  0  1  0
6  0  0  0  1  0  1  0  0  1

# Realization 157
S_plus:
   1  2  3  4  5  6  7
1  0  0  0  2  0  0  0
2  0  0  0  0  1  0  1
3  2  1  0  0  0  0  0
4  0  0  1  0  0  1  1

S_minus:
   1  2  3  4  5  6  7
1  1  1  0  0  0  0  1
2  1  1  1  0  0  0  0
3  0  0  0  2  0  1  0
4  0  0  0  0  2  0  0

# Realization 158
S_plus:
   1  2  3  4  5  6  7
1  0  2  1  0  0  1  1
2  1  0  0  1  0  0  1
3  0  0  0  0  2  1  0

S_minus:
   1  2  3  4  5  6  7
1  1  0  0  1  1  0  0
2  0  0  1  0  1  1  0
3  0  1  0  1  0  0  1

# Realization 159
S_plus:
   1   2   3   4   5   6   7   8   9   10
1   0   1   2   0   0   0   0   0   1   1
2   1   0   0   2   0   1   0   0   0   0
3   0   0   0   0   1   1   1   2   0   0

S_minus:
   1   2   3   4   5   6   7   8   9   10
1   1   0   0   1   1   1   1   1   0   0
2   0   1   2   0   0   0   1   1   1   0
3   0   1   0   1   0   0   0   0   0   1

# Realization 160
S_plus:
   1  2  3  4  5  6  7  8
1  0  1  2  0  0  0  2  1
2  1  1  0  0  1  0  0  0
3  0  0  0  1  1  1  0  1

S_minus:
   1  2  3  4  5  6  7  8
1  1  0  0  0  1  2  0  0
2  0  0  1  2  0  0  0  1
3  1  1  1  0  0  0  1  0

# Realization 161
S_plus:
   1   2   3   4   5   6   7   8   9   10
1   1   1   1   1   0   0   0   0   0   1
2   1   0   0   1   0   1   0   0   0   0
3   0   0   0   0   1   0   1   1   0   0
4   0   0   0   0   1   0   1   1   1   1

S_minus:
   1   2   3   4   5   6   7   8   9   10
1   0   0   0   0   1   0   0   1   0   0
2   0   2   0   0   0   0   2   1   0   1
3   2   0   0   0   0   0   0   0   2   0
4   0   0   1   1   0   1   0   0   0   0

# Realization 162
S_plus:
   1   2   3   4   5   6   7   8   9   10  11
1   0   0   1   0   1   0   0   1   0   0   0
2   0   0   0   1   0   0   0   0   0   1   0
3   0   1   0   0   0   0   0   1   0   0   0
4   1   0   0   0   0   1   0   0   1   0   0
5   0   1   0   1   0   0   2   0   1   0   1

S_minus:
   1   2   3   4   5   6   7   8   9   10  11
1   0   1   0   0   0   0   0   0   0   0   0
2   2   0   0   0   0   1   1   1   0   0   1
3   0   0   0   0   0   1   0   0   1   0   0
4   0   1   0   1   0   0   1   0   0   1   0
5   0   0   1   0   2   0   0   0   0   0   0

# Realization 163
S_plus:
   1  2  3  4  5  6  7  8
1  0  1  2  0  0  0  1  0
2  1  1  0  1  0  2  1  0
3  0  0  0  1  2  0  0  2

S_minus:
   1  2  3  4  5  6  7  8
1  0  0  0  1  0  0  0  1
2  0  0  0  0  1  0  0  0
3  1  2  2  0  0  2  1  0

# Realization 164
S_plus:
   1  2  3  4  5  6  7  8
1  0  0  0  1  1  0  2  2
2  0  1  1  0  0  2  0  0
3  1  1  0  0  0  0  0  0

S_minus:
   1  2  3  4  5  6  7  8
1  1  1  0  0  0  1  0  0
2  0  0  0  1  0  0  0  0
3  0  0  2  1  1  0  1  2

# Realization 165
S_plus:
   1  2  3  4  5
1  2  0  2  0  1
2  0  0  0  1  0
3  0  1  0  0  0

S_minus:
   1  2  3  4  5
1  0  0  0  1  0
2  0  1  1  0  0
3  1  0  0  0  1

# Realization 166
S_plus:
   1   2   3   4   5   6   7   8   9   10
1   0   1   0   0   0   0   1   0   0   2
2   1   1   2   0   1   0   0   0   1   0
3   0   0   0   1   0   1   1   2   0   0

S_minus:
   1   2   3   4   5   6   7   8   9   10
1   1   0   1   1   2   1   0   1   0   0
2   0   0   0   0   0   1   1   1   0   1
3   0   1   1   0   0   0   0   0   1   0

# Realization 167
S_plus:
   1  2  3  4  5  6  7  8  9
1  1  0  0  0  2  0  0  0  1
2  1  1  0  1  0  0  1  0  0
3  0  0  1  0  0  1  0  2  0

S_minus:
   1  2  3  4  5  6  7  8  9
1  0  2  1  0  0  1  1  1  0
2  0  0  0  0  1  1  0  1  0
3  2  0  0  2  1  0  1  0  2

# Realization 168
S_plus:
   1  2  3  4  5  6  7
1  0  0  1  1  0  1  2
2  1  1  0  0  0  0  0
3  0  0  0  0  2  1  0

S_minus:
   1  2  3  4  5  6  7
1  1  0  0  0  1  0  0
2  0  0  0  0  1  1  2
3  1  1  2  1  0  0  0

# Realization 169
S_plus:
   1  2  3  4  5
1  0  1  0  0  0
2  1  0  1  0  2
3  0  0  0  1  0

S_minus:
   1  2  3  4  5
1  1  0  1  1  0
2  0  1  0  1  0
3  0  1  1  0  1

# Realization 170
S_plus:
   1   2   3   4   5   6   7   8   9   10  11  12
1   0   0   0   0   0   1   0   0   1   0   0   0
2   1   0   0   0   0   0   0   0   0   0   0   0
3   0   0   0   0   0   0   0   0   0   0   0   1
4   0   0   0   0   1   1   0   0   0   0   0   0
5   0   0   1   1   0   0   0   1   0   0   0   0
6   0   0   0   0   0   0   0   1   0   0   0   0
7   1   0   0   1   0   0   1   0   0   0   0   0
8   0   1   0   0   1   0   0   0   0   1   1   0

S_minus:
   1   2   3   4   5   6   7   8   9   10  11  12
1   1   1   0   0   0   0   0   0   0   0   0   1
2   0   0   0   0   0   0   0   0   0   1   1   0
3   0   0   0   0   0   1   0   0   1   0   0   0
4   0   0   1   1   0   0   1   1   0   0   0   1
5   0   0   0   0   0   0   0   0   1   0   0   0
6   0   0   0   0   0   0   0   0   0   1   0   0
7   0   1   0   0   1   0   0   0   0   0   0   0
8   0   0   0   0   0   1   0   0   0   0   0   0

# Realization 171
S_plus:
   1  2  3  4
1  1  1  0  0
2  1  0  0  1
3  0  1  2  0

S_minus:
   1  2  3  4
1  0  0  1  1
2  0  1  1  0
3  1  0  0  1

# Realization 172
S_plus:
   1  2  3  4  5  6
1  1  0  0  0  1  0
2  0  1  0  1  0  0
3  0  0  0  1  0  0
4  0  0  1  0  0  1

S_minus:
   1  2  3  4  5  6
1  0  1  1  1  0  0
2  0  0  0  0  1  1
3  0  1  0  0  0  0
4  1  0  0  1  0  0

# Realization 173
S_plus:
   1  2  3  4  5  6
1  0  0  0  1  0  1
2  0  1  0  0  0  0
3  1  0  0  0  0  0
4  0  0  0  0  1  0
5  1  1  0  1  0  0
6  0  0  1  0  0  0

S_minus:
   1  2  3  4  5  6
1  1  0  0  0  1  0
2  1  0  0  0  0  0
3  0  1  0  0  0  0
4  0  0  1  0  0  0
5  0  0  1  0  0  0
6  0  1  0  1  0  1

# Realization 174
S_plus:
   1   2   3   4   5   6   7   8   9   10  11  12
1   0   0   0   2   1   0   0   1   1   0   1   0
2   0   0   0   0   0   1   0   0   1   0   0   0
3   0   0   0   0   0   1   1   0   0   0   1   0
4   0   1   1   0   0   0   0   0   0   1   0   0
5   0   0   0   0   0   0   0   0   0   1   0   0
6   1   1   0   0   1   0   0   0   0   0   0   1

S_minus:
   1   2   3   4   5   6   7   8   9   10  11  12
1   0   0   0   0   0   1   1   0   0   1   0   0
2   1   1   0   0   1   0   0   0   0   0   0   0
3   0   0   0   1   1   0   0   0   1   0   0   0
4   0   0   0   0   0   0   0   0   1   0   0   1
5   1   0   0   1   0   0   0   1   0   0   1   0
6   0   0   1   0   0   1   0   1   0   1   0   0

# Realization 175
S_plus:
   1   2   3   4   5   6   7   8   9   10  11
1   0   0   1   0   0   1   1   0   0   1   0
2   1   0   0   1   0   1   0   0   1   1   1
3   0   0   0   0   2   0   1   0   0   0   0
4   0   1   0   1   0   0   0   1   0   0   0

S_minus:
   1   2   3   4   5   6   7   8   9   10  11
1   1   0   0   1   0   0   0   1   1   0   1
2   0   1   0   0   1   0   1   0   0   0   0
3   1   1   0   1   0   0   0   1   0   1   0
4   0   0   2   0   1   1   1   0   0   1   1

# Realization 176
S_plus:
   1   2   3   4   5   6   7   8   9   10
1   0   1   0   0   0   0   0   0   0   0
2   0   0   0   0   0   0   0   1   0   0
3   1   0   0   0   0   0   0   0   0   0
4   0   0   1   1   0   1   0   0   0   0
5   0   0   0   0   0   0   0   1   0   0
6   1   0   0   0   0   0   1   0   0   0
7   0   0   0   0   0   0   0   0   1   0
8   0   0   1   0   1   0   0   0   0   1

S_minus:
   1   2   3   4   5   6   7   8   9   10
1   0   0   1   0   0   0   1   0   0   0
2   0   0   0   0   0   0   1   0   0   0
3   0   1   0   0   1   0   0   0   0   0
4   1   0   0   0   0   0   0   1   0   0
5   0   0   0   0   0   0   0   0   0   1
6   0   0   0   0   0   0   0   0   0   1
7   0   0   0   1   0   0   0   0   0   0
8   0   1   0   0   0   1   0   0   1   0

# Realization 177
S_plus:
   1  2  3  4  5  6
1  0  0  0  2  2  0
2  0  1  1  0  0  1
3  1  0  1  0  0  0

S_minus:
   1  2  3  4  5  6
1  1  0  2  0  0  1
2  1  0  0  2  1  0
3  0  1  0  0  1  0

# Realization 178
S_plus:
   1   2   3   4   5   6   7   8   9   10  11
1   0   1   0   1   0   0   0   0   0   0   0
2   1   0   0   0   0   1   0   1   0   0   1
3   0   0   0   0   0   1   0   0   0   0   0
4   1   0   1   0   0   0   0   0   1   0   0
5   0   0   0   1   0   0   0   0   0   0   0
6   0   0   0   0   1   0   0   0   0   0   0
7   0   0   0   0   0   0   0   0   1   0   0
8   0   0   0   0   1   0   1   1   0   1   0

S_minus:
   1   2   3   4   5   6   7   8   9   10  11
1   1   0   0   0   0   0   1   1   0   0   0
2   0   0   0   0   1   0   0   0   0   0   0
3   0   0   0   0   0   0   0   0   1   0   0
4   0   1   0   0   1   1   0   0   0   0   0
5   0   1   0   0   0   0   0   0   0   1   1
6   1   0   0   1   0   0   0   0   0   1   0
7   0   0   0   1   0   0   0   0   0   0   0
8   0   0   2   0   0   1   0   0   1   0   0

# Realization 179
S_plus:
   1  2  3  4  5  6  7  8
1  1  1  0  2  0  1  1  0
2  0  0  1  0  2  0  0  1
3  0  1  0  0  0  1  0  0
4  0  0  0  0  0  0  1  0

S_minus:
   1  2  3  4  5  6  7  8
1  0  0  0  0  1  0  0  1
2  1  1  0  1  0  2  1  0
3  1  0  0  0  0  0  1  1
4  0  0  1  0  1  0  0  0

# Realization 180
S_plus:
   1  2  3  4  5  6
1  0  0  0  2  0  0
2  0  2  0  0  1  2
3  1  0  1  0  1  0

S_minus:
   1  2  3  4  5  6
1  1  0  0  0  1  2
2  1  0  2  1  0  0
3  0  2  0  1  0  0

# Realization 181
S_plus:
   1   2   3   4   5   6   7   8   9   10  11  12
1   2   0   0   1   1   0   0   0   1   1   0   0
2   0   1   1   1   0   0   2   0   0   1   1   1
3   0   0   1   0   1   2   0   2   0   0   0   0

S_minus:
   1   2   3   4   5   6   7   8   9   10  11  12
1   0   2   1   0   0   0   1   2   0   0   0   1
2   1   0   0   0   1   2   0   0   1   0   0   0
3   0   0   0   1   0   0   0   0   1   2   1   0

# Realization 182
S_plus:
   1  2  3  4
1  0  0  0  1
2  1  1  0  0
3  1  0  0  0
4  0  0  1  0

S_minus:
   1  2  3  4
1  0  0  1  0
2  0  0  0  2
3  0  1  0  0
4  2  1  0  0

# Realization 183
S_plus:
   1   2   3   4   5   6   7   8   9   10  11  12
1   0   1   0   0   0   0   1   1   0   1   0   1
2   1   0   1   0   0   1   1   0   1   0   0   0
3   0   0   1   0   0   0   0   1   0   1   1   0
4   0   0   0   0   1   1   0   0   0   0   0   1
5   0   0   0   1   1   0   0   0   0   0   0   0

S_minus:
   1   2   3   4   5   6   7   8   9   10  11  12
1   0   0   1   0   1   0   0   0   0   0   0   0
2   0   0   0   0   0   0   0   2   0   1   0   2
3   0   0   0   0   0   0   1   0   1   0   0   0
4   0   1   1   2   0   0   0   0   0   0   0   0
5   1   0   0   0   0   1   1   0   0   0   1   0

# Realization 184
S_plus:
   1  2  3  4  5  6  7
1  0  0  0  1  0  0  0
2  0  0  0  0  0  1  0
3  0  1  0  0  0  0  1
4  0  0  2  0  0  0  1
5  2  0  0  0  0  0  0
6  0  0  0  1  1  0  0

S_minus:
   1  2  3  4  5  6  7
1  1  1  0  0  0  0  0
2  1  0  0  0  1  0  0
3  0  0  1  1  0  0  0
4  0  0  0  0  1  0  0
5  0  0  0  0  0  1  1
6  0  0  0  0  0  1  0

# Realization 185
S_plus:
   1  2  3  4  5  6  7
1  0  1  1  1  1  0  1
2  1  1  0  1  0  2  0
3  0  0  0  0  1  0  0

S_minus:
   1  2  3  4  5  6  7
1  0  0  0  0  0  1  0
2  0  0  1  0  2  0  0
3  2  2  1  1  0  1  1

# Realization 186
S_plus:
   1  2  3  4  5  6  7  8  9
1  0  1  1  1  0  0  0  0  0
2  1  0  0  0  1  1  1  0  0
3  0  0  1  0  0  0  0  0  0
4  0  0  0  1  0  0  0  1  1

S_minus:
   1  2  3  4  5  6  7  8  9
1  1  0  0  0  1  1  0  1  1
2  0  0  0  1  0  0  0  1  0
3  1  0  0  0  0  0  1  0  1
4  0  1  1  0  1  0  1  0  0

# Realization 187
S_plus:
   1  2  3  4  5  6
1  0  2  0  0  1  1
2  0  0  1  2  0  1
3  2  0  0  0  0  0

S_minus:
   1  2  3  4  5  6
1  1  0  0  0  0  0
2  1  1  0  0  1  0
3  0  1  1  2  0  2

# Realization 188
S_plus:
   1   2   3   4   5   6   7   8   9   10
1   0   1   1   0   0   0   0   0   0   0
2   1   0   0   0   0   0   1   0   0   0
3   0   1   0   0   0   0   0   0   2   1
4   0   0   0   0   1   0   0   1   0   0
5   0   0   0   1   1   1   0   1   0   0
6   0   0   0   0   0   1   1   0   0   1

S_minus:
   1   2   3   4   5   6   7   8   9   10
1   0   0   0   0   1   1   0   1   0   1
2   0   1   1   0   0   0   0   0   0   0
3   0   0   1   1   0   0   0   0   0   0
4   0   1   0   0   0   0   1   0   0   1
5   1   0   0   0   0   0   0   0   0   0
6   0   0   0   0   0   0   0   1   1   0

# Realization 189
S_plus:
   1   2   3   4   5   6   7   8   9   10  11
1   0   2   0   0   2   1   0   1   0   1   0
2   0   0   1   0   0   0   1   0   0   0   1
3   0   0   0   0   0   0   1   0   1   0   0
4   1   0   0   1   0   0   0   0   1   1   0

S_minus:
   1   2   3   4   5   6   7   8   9   10  11
1   1   0   1   0   0   0   0   0   1   0   0
2   0   1   0   1   0   1   0   0   0   1   0
3   1   0   0   0   1   0   0   1   0   1   2
4   0   0   0   0   0   1   2   0   0   0   0

# Realization 190
S_plus:
   1  2  3  4  5  6  7
1  1  0  0  0  0  0  0
2  0  0  1  1  0  0  0
3  0  1  0  0  0  1  0
4  1  0  0  1  0  0  1
5  0  0  1  0  1  1  0

S_minus:
   1  2  3  4  5  6  7
1  0  0  1  0  0  1  1
2  0  1  0  0  1  0  1
3  1  0  0  1  0  0  0
4  0  0  1  0  0  1  0
5  1  0  0  0  0  0  0

# Realization 191
S_plus:
   1  2  3  4  5  6  7
1  1  0  0  0  0  1  0
2  1  1  0  0  0  0  1
3  0  0  2  1  2  0  1

S_minus:
   1  2  3  4  5  6  7
1  0  0  1  0  1  0  1
2  0  0  0  2  1  0  0
3  2  1  0  0  0  1  0

# Realization 192
S_plus:
   1  2  3  4  5  6
1  0  1  2  1  0  0
2  0  1  0  0  0  0
3  0  0  0  0  1  1
4  0  0  0  0  1  0
5  1  0  0  0  0  0

S_minus:
   1  2  3  4  5  6
1  1  0  0  0  1  0
2  1  0  0  0  0  0
3  0  0  1  1  0  0
4  0  1  0  0  0  1
5  0  1  1  1  0  1

# Realization 193
S_plus:
   1   2   3   4   5   6   7   8   9   10  11
1   0   1   0   1   0   0   0   0   0   1   0
2   0   0   0   0   0   1   1   0   1   0   0
3   0   0   0   0   0   0   1   1   0   0   0
4   1   0   0   0   0   1   0   0   1   0   0
5   0   0   0   0   1   0   0   0   0   0   1
6   0   0   0   0   0   0   0   0   0   0   1
7   0   0   0   0   1   0   0   0   0   0   0
8   1   0   1   0   0   0   0   1   0   0   0

S_minus:
   1   2   3   4   5   6   7   8   9   10  11
1   0   0   1   0   0   0   0   0   0   0   0
2   0   0   1   0   0   0   0   0   0   0   0
3   0   0   0   0   0   0   0   0   1   1   0
4   0   0   0   0   0   0   0   0   0   0   1
5   1   0   0   0   0   0   0   1   0   0   0
6   1   0   0   0   1   0   1   0   0   0   0
7   0   0   0   1   0   1   0   0   0   1   1
8   0   1   0   0   0   0   0   0   1   0   0

# Realization 194
S_plus:
   1  2  3  4  5  6  7  8
1  0  1  0  1  0  0  0  0
2  0  1  1  0  1  1  0  1
3  1  0  1  0  0  0  2  0

S_minus:
   1  2  3  4  5  6  7  8
1  1  0  1  0  1  0  0  1
2  0  0  0  1  0  0  1  0
3  0  1  0  1  0  1  0  1

# Realization 195
S_plus:
   1  2  3  4  5  6  7  8
1  0  0  0  1  0  0  1  0
2  0  0  1  0  0  0  0  0
3  0  1  1  0  0  0  1  0
4  0  0  0  0  1  1  0  1
5  1  0  0  0  0  0  0  0
6  0  0  0  0  0  1  0  0

S_minus:
   1  2  3  4  5  6  7  8
1  0  0  0  0  1  0  0  0
2  1  1  0  0  0  1  0  1
3  1  0  0  0  0  1  0  0
4  0  0  1  1  0  0  1  0
5  0  0  0  1  0  0  1  1
6  0  1  0  0  0  0  0  0

# Realization 196
S_plus:
   1   2   3   4   5   6   7   8   9   10  11
1   0   0   0   1   1   1   0   0   0   0   0
2   1   0   0   1   0   0   0   0   1   1   0
3   0   1   1   0   0   0   0   0   0   0   0
4   0   0   0   0   0   1   0   1   0   0   0
5   1   1   1   0   0   0   2   1   1   1   1

S_minus:
   1   2   3   4   5   6   7   8   9   10  11
1   1   0   1   0   0   0   0   2   1   1   0
2   0   1   0   0   0   1   2   0   0   0   0
3   0   0   0   0   0   0   0   0   1   0   1
4   1   0   1   0   1   0   0   0   0   0   1
5   0   0   0   2   1   0   0   0   0   0   0

# Realization 197
S_plus:
   1  2  3  4  5  6  7  8
1  1  1  0  1  0  0  1  0
2  1  1  0  0  0  1  0  1
3  0  0  1  0  1  0  1  0

S_minus:
   1  2  3  4  5  6  7  8
1  0  0  2  0  1  2  0  1
2  0  0  0  0  0  0  2  0
3  2  1  0  1  0  0  0  1

# Realization 198
S_plus:
   1  2  3  4  5  6
1  1  1  0  2  0  0
2  0  0  2  0  1  0
3  1  0  0  0  1  1

S_minus:
   1  2  3  4  5  6
1  0  0  1  0  2  0
2  2  0  0  1  0  2
3  0  1  0  1  0  0

# Realization 199
S_plus:
   1  2  3  4  5  6  7  8  9
1  0  1  1  1  1  0  0  0  0
2  0  0  1  0  1  0  1  0  1
3  1  0  0  1  0  0  0  0  1
4  0  0  0  0  0  2  0  2  0

S_minus:
   1  2  3  4  5  6  7  8  9
1  2  0  0  0  0  0  0  0  1
2  0  0  0  0  0  1  0  1  0
3  0  0  0  0  1  0  0  1  0
4  0  1  1  1  0  0  1  0  0

# Realization 200
S_plus:
   1  2  3  4  5  6  7  8
1  1  2  1  1  0  0  0  0
2  0  0  0  0  2  0  0  1
3  0  0  0  1  0  1  1  0

S_minus:
   1  2  3  4  5  6  7  8
1  0  0  0  0  0  1  1  1
2  0  2  0  2  0  0  1  0
3  1  0  2  0  2  0  0  0

# Realization 201
S_plus:
   1   2   3   4   5   6   7   8   9   10  11
1   1   0   1   0   1   0   0   0   0   0   1
2   0   0   0   0   0   0   0   0   0   1   0
3   0   0   0   0   0   0   0   2   1   0   0
4   0   0   0   1   0   0   1   0   0   1   1
5   0   1   1   0   0   1   0   0   0   0   0

S_minus:
   1   2   3   4   5   6   7   8   9   10  11
1   0   0   0   0   0   0   0   0   1   1   0
2   0   1   0   0   1   0   0   0   0   0   0
3   1   1   1   0   1   0   2   0   0   0   0
4   0   0   1   0   0   1   0   0   1   0   0
5   0   0   0   1   0   0   0   1   0   1   2

# Realization 202
S_plus:
   1  2  3  4  5  6  7
1  1  2  1  1  0  0  0
2  1  0  0  0  0  1  0
3  0  0  1  0  1  0  0
4  0  0  0  0  0  0  1

S_minus:
   1  2  3  4  5  6  7
1  0  0  0  0  0  1  0
2  0  1  1  1  0  0  1
3  0  1  0  0  0  1  1
4  1  0  0  1  1  0  0

# Realization 203
S_plus:
   1   2   3   4   5   6   7   8   9   10  11  12
1   0   2   0   0   1   0   1   0   0   2   1   0
2   1   0   0   1   0   0   0   0   0   0   1   0
3   0   0   1   0   0   0   0   0   1   0   0   0
4   1   0   0   0   0   0   0   1   0   0   0   1
5   0   0   0   0   0   1   0   0   1   0   0   1

S_minus:
   1   2   3   4   5   6   7   8   9   10  11  12
1   1   0   1   0   0   0   0   0   1   0   0   1
2   0   0   0   0   0   0   0   0   0   0   0   1
3   0   0   0   0   1   0   1   1   0   1   0   0
4   0   2   0   1   1   1   0   0   1   0   0   0
5   1   0   0   0   0   0   1   0   0   1   1   0

# Realization 204
S_plus:
   1  2  3  4  5  6  7  8
1  1  0  2  0  0  1  0  0
2  0  0  0  2  1  1  1  0
3  1  1  0  0  0  0  0  1

S_minus:
   1  2  3  4  5  6  7  8
1  0  2  0  1  0  0  0  1
2  1  0  1  0  0  0  0  0
3  0  0  1  1  1  1  2  0

# Realization 205
S_plus:
   1  2  3  4
1  1  0  1  0
2  0  0  1  2
3  0  2  0  0

S_minus:
   1  2  3  4
1  0  1  0  0
2  0  1  0  0
3  2  0  1  1

# Realization 206
S_plus:
   1   2   3   4   5   6   7   8   9   10
1   0   0   0   1   1   1   1   1   0   1
2   0   1   0   0   0   0   0   0   0   1
3   0   1   1   0   0   0   0   0   2   0
4   0   0   0   1   1   0   0   0   0   0
5   1   0   0   0   0   0   1   1   0   0

S_minus:
   1   2   3   4   5   6   7   8   9   10
1   0   1   0   0   0   0   0   0   0   0
2   2   0   1   2   0   0   1   1   0   0
3   0   0   0   0   1   0   0   1   0   0
4   0   0   0   0   0   0   1   0   0   1
5   0   0   1   0   1   1   0   0   2   0

# Realization 207
S_plus:
   1   2   3   4   5   6   7   8   9   10  11  12
1   0   0   0   0   1   1   0   0   0   0   0   1
2   1   0   0   0   0   0   0   0   0   0   1   0
3   0   0   0   0   0   1   0   0   0   0   1   0
4   1   0   0   1   0   0   0   1   1   0   0   0
5   0   1   1   1   0   0   0   0   0   2   0   1
6   0   0   0   0   0   0   1   1   0   0   0   0

S_minus:
   1   2   3   4   5   6   7   8   9   10  11  12
1   1   1   0   1   0   0   0   1   1   1   0   0
2   0   0   0   0   1   0   1   0   0   0   0   0
3   0   0   1   0   0   0   0   1   1   0   0   0
4   0   1   0   0   0   0   0   0   0   0   0   1
5   1   0   0   0   1   1   0   0   0   0   0   0
6   0   0   0   0   0   0   0   0   0   0   1   1

# Realization 208
S_plus:
   1  2  3  4  5  6  7  8  9
1  2  0  1  0  1  0  0  1  0
2  0  1  0  1  0  1  0  0  2
3  0  0  0  1  1  1  1  0  0

S_minus:
   1  2  3  4  5  6  7  8  9
1  0  1  0  1  0  2  1  0  2
2  1  0  2  0  1  0  0  0  0
3  0  0  0  0  0  0  0  2  0

# Realization 209
S_plus:
   1   2   3   4   5   6   7   8   9   10
1   0   1   1   0   0   0   1   2   1   0
2   0   0   0   0   1   1   0   0   0   1
3   0   0   1   1   0   0   0   0   0   0
4   1   0   0   0   1   0   0   0   1   1

S_minus:
   1   2   3   4   5   6   7   8   9   10
1   1   0   0   1   0   1   0   0   0   0
2   0   0   1   0   0   0   1   1   1   0
3   0   1   0   0   1   0   0   0   1   2
4   0   0   0   1   0   0   0   0   0   0

# Realization 210
S_plus:
   1  2  3  4  5  6  7
1  0  0  0  0  1  0  0
2  0  0  0  0  0  0  2
3  0  0  0  2  1  1  0
4  1  2  0  0  0  0  0
5  0  0  1  0  0  0  0

S_minus:
   1  2  3  4  5  6  7
1  2  0  1  1  0  0  1
2  0  0  0  0  1  0  0
3  0  2  0  0  0  0  0
4  0  0  0  1  0  1  0
5  0  0  0  0  1  0  1

# Realization 211
S_plus:
   1   2   3   4   5   6   7   8   9   10
1   1   0   1   0   0   0   0   0   0   0
2   0   0   0   1   0   0   0   1   0   0
3   0   0   0   0   0   2   0   0   0   1
4   0   0   0   0   1   0   1   0   1   0
5   0   2   0   0   0   0   0   1   1   1

S_minus:
   1   2   3   4   5   6   7   8   9   10
1   0   1   0   0   1   0   1   0   1   1
2   0   0   1   0   0   1   0   0   1   0
3   0   1   0   1   0   0   1   0   0   0
4   0   0   0   1   0   0   0   2   0   0
5   1   0   0   0   1   0   0   0   0   0

# Realization 212
S_plus:
   1   2   3   4   5   6   7   8   9   10  11
1   0   0   0   1   0   0   0   0   1   0   1
2   0   1   1   0   1   2   1   1   0   0   0
3   1   1   0   1   0   0   0   0   0   0   0
4   0   0   0   0   0   0   0   0   0   1   0
5   0   0   0   0   1   0   1   0   0   1   0

S_minus:
   1   2   3   4   5   6   7   8   9   10  11
1   0   1   0   0   0   0   1   1   0   1   0
2   1   0   0   1   0   0   0   0   0   0   0
3   0   0   0   0   1   1   0   1   1   0   1
4   1   0   1   0   1   0   1   0   0   0   0
5   0   0   0   0   0   0   0   0   1   0   0

# Realization 213
S_plus:
   1  2  3  4  5  6  7  8  9
1  1  0  0  0  0  1  0  2  1
2  1  0  0  0  0  1  0  0  0
3  0  1  1  0  0  0  0  0  1
4  0  0  0  1  0  0  0  0  0
5  0  1  0  0  1  0  1  0  0

S_minus:
   1  2  3  4  5  6  7  8  9
1  0  1  1  0  0  0  1  0  0
2  0  0  0  0  1  0  0  0  1
3  1  0  0  0  0  1  0  0  0
4  0  1  0  0  0  0  0  1  0
5  1  0  0  2  0  0  0  0  0

# Realization 214
S_plus:
   1  2  3  4  5  6  7
1  0  1  1  0  0  0  0
2  0  0  0  0  1  0  0
3  1  1  0  1  0  0  1
4  0  0  1  1  0  0  0
5  0  0  0  0  0  1  0
6  0  0  0  0  1  0  0

S_minus:
   1  2  3  4  5  6  7
1  0  0  0  0  1  0  0
2  1  0  0  1  0  0  0
3  0  0  0  0  0  1  0
4  0  0  0  0  1  0  1
5  0  0  0  1  0  0  0
6  0  2  1  0  0  1  0

# Realization 215
S_plus:
   1  2  3  4  5  6
1  1  0  0  0  1  1
2  0  0  0  1  0  0
3  0  1  2  0  0  0

S_minus:
   1  2  3  4  5  6
1  0  1  1  0  0  0
2  2  1  0  0  0  1
3  0  0  0  1  1  0

# Realization 216
S_plus:
   1  2  3  4  5  6
1  1  0  0  0  1  0
2  0  0  1  0  0  0
3  0  0  0  1  0  1
4  0  1  0  1  1  0

S_minus:
   1  2  3  4  5  6
1  0  1  1  0  0  0
2  0  0  0  1  0  1
3  1  0  0  0  2  0
4  1  0  0  0  0  0

# Realization 217
S_plus:
   1   2   3   4   5   6   7   8   9   10
1   1   2   1   1   0   0   0   0   2   1
2   1   0   0   1   0   0   0   0   0   0
3   0   0   0   0   2   0   0   0   0   1
4   0   0   0   0   0   1   1   2   0   0

S_minus:
   1   2   3   4   5   6   7   8   9   10
1   0   0   0   0   1   0   1   0   0   0
2   0   1   0   0   1   1   0   1   0   1
3   1   0   2   1   0   0   1   1   2   0
4   0   0   0   1   0   0   0   0   0   0

# Realization 218
S_plus:
   1   2   3   4   5   6   7   8   9   10
1   0   2   0   0   0   0   0   0   0   0
2   1   0   1   0   2   1   0   0   2   0
3   1   0   0   2   0   0   1   2   0   1

S_minus:
   1   2   3   4   5   6   7   8   9   10
1   2   0   1   1   0   0   0   0   1   0
2   0   2   0   1   0   0   2   2   0   1
3   0   0   0   0   1   2   0   0   1   0

# Realization 219
S_plus:
   1   2   3   4   5   6   7   8   9   10
1   0   0   0   0   1   0   0   1   0   0
2   0   0   0   0   0   1   1   1   1   0
3   1   1   0   0   0   0   0   0   0   0
4   1   0   2   1   0   0   1   0   0   1

S_minus:
   1   2   3   4   5   6   7   8   9   10
1   1   1   0   2   0   0   0   0   1   1
2   1   1   0   0   1   0   0   0   0   0
3   0   0   2   0   0   0   2   1   0   0
4   0   0   0   0   0   2   0   0   1   0

# Realization 220
S_plus:
   1  2  3  4  5  6  7  8  9
1  0  0  0  0  1  2  0  0  0
2  0  0  1  0  0  0  0  1  1
3  1  0  0  1  0  0  0  0  0
4  1  0  0  0  0  0  0  0  1
5  0  1  0  0  0  0  0  1  0
6  0  1  1  0  0  0  1  0  0

S_minus:
   1  2  3  4  5  6  7  8  9
1  0  0  1  0  0  0  2  0  0
2  1  1  0  0  0  0  0  0  0
3  0  0  0  0  1  0  0  1  1
4  0  1  0  0  0  1  0  0  0
5  1  0  0  0  0  0  0  0  0
6  0  0  0  1  0  1  0  0  0

# Realization 221
S_plus:
   1   2   3   4   5   6   7   8   9   10
1   1   2   1   0   0   0   1   2   1   0
2   0   0   0   2   0   1   1   0   0   2
3   0   0   0   0   2   0   0   0   1   0

S_minus:
   1   2   3   4   5   6   7   8   9   10
1   0   0   0   1   1   0   0   0   0   0
2   1   2   0   0   0   0   0   0   1   0
3   1   0   1   1   0   1   1   2   0   1

# Realization 222
S_plus:
   1   2   3   4   5   6   7   8   9   10
1   0   0   0   0   0   0   1   1   1   1
2   0   0   0   1   0   1   0   1   1   0
3   0   0   1   0   0   0   0   0   0   0
4   2   0   0   0   1   1   0   0   0   0
5   0   1   1   1   1   0   1   0   0   0

S_minus:
   1   2   3   4   5   6   7   8   9   10
1   1   1   0   2   1   0   0   0   0   0
2   0   0   1   0   0   0   0   0   0   1
3   0   0   0   0   0   1   1   0   0   0
4   0   0   0   0   0   0   0   1   0   1
5   1   0   0   0   0   1   0   0   1   0

# Realization 223
S_plus:
   1  2  3  4  5
1  0  1  0  2  0
2  0  1  0  0  1
3  2  0  2  0  0

S_minus:
   1  2  3  4  5
1  0  0  1  0  0
2  2  0  1  1  0
3  0  1  0  0  2

# Realization 224
S_plus:
   1   2   3   4   5   6   7   8   9   10
1   0   0   0   0   0   1   0   0   0   0
2   1   0   0   0   1   1   1   1   1   0
3   0   0   0   1   0   0   0   0   1   0
4   0   1   0   0   0   0   0   0   0   0
5   0   0   1   0   0   0   0   0   0   0
6   0   1   0   0   0   0   0   0   0   0
7   0   0   0   0   0   0   1   0   0   2
8   0   0   1   0   0   0   0   0   0   0

S_minus:
   1   2   3   4   5   6   7   8   9   10
1   0   0   1   0   0   0   0   0   0   0
2   0   0   0   1   0   0   0   0   0   0
3   0   1   0   0   0   0   1   0   0   0
4   1   0   0   0   0   1   0   0   0   0
5   1   0   0   0   0   0   0   1   0   0
6   0   0   0   0   1   0   0   0   0   0
7   0   1   0   0   1   1   0   0   1   0
8   0   0   0   0   0   0   0   0   0   1

# Realization 225
S_plus:
   1  2  3  4  5  6  7  8  9
1  0  1  1  0  0  0  1  0  1
2  0  0  0  1  0  0  0  1  0
3  1  0  1  0  1  1  0  0  0
4  0  0  0  0  0  0  0  0  1

S_minus:
   1  2  3  4  5  6  7  8  9
1  1  0  0  1  0  1  0  1  0
2  0  1  1  0  1  1  1  0  0
3  0  1  0  0  0  0  0  1  1
4  1  0  0  1  0  0  0  0  0

# Realization 226
S_plus:
   1   2   3   4   5   6   7   8   9   10  11
1   0   1   0   0   0   0   0   0   0   2   0
2   0   1   0   0   0   0   1   1   0   0   0
3   0   0   0   1   1   0   1   0   0   0   0
4   1   0   1   0   1   1   0   0   0   0   1
5   0   0   1   0   0   0   0   0   2   0   0

S_minus:
   1   2   3   4   5   6   7   8   9   10  11
1   0   0   1   0   0   1   0   0   1   0   0
2   0   0   0   1   1   0   0   0   0   0   0
3   1   0   0   0   0   0   0   1   0   0   1
4   0   0   0   0   0   0   0   1   0   1   0
5   0   1   0   0   0   0   1   0   0   1   1

# Realization 227
S_plus:
   1   2   3   4   5   6   7   8   9   10  11
1   0   0   0   1   0   0   0   0   0   0   1
2   0   0   0   0   0   0   1   0   0   1   0
3   0   1   1   0   0   0   1   0   0   0   0
4   1   0   0   1   0   1   0   0   0   0   0
5   0   0   0   0   1   1   0   1   1   0   0
6   0   0   0   0   1   0   0   0   0   0   0
7   0   0   0   0   0   0   0   0   1   0   0

S_minus:
   1   2   3   4   5   6   7   8   9   10  11
1   0   0   0   0   0   0   0   1   0   0   0
2   1   0   0   1   0   1   0   0   1   0   1
3   0   0   0   0   0   0   0   0   0   1   0
4   0   0   1   0   0   0   0   0   0   0   1
5   0   2   1   0   0   0   0   0   0   0   0
6   1   0   0   1   0   0   0   0   0   0   0
7   0   0   0   0   1   0   1   0   0   0   0

# Realization 228
S_plus:
   1  2  3  4  5  6  7  8  9
1  0  1  0  2  0  0  0  0  0
2  1  0  1  0  0  0  1  2  1
3  0  0  0  0  1  2  0  0  1

S_minus:
   1  2  3  4  5  6  7  8  9
1  1  0  1  0  1  0  0  0  2
2  0  1  0  1  1  2  0  0  0
3  1  0  0  1  0  0  1  1  0

# Realization 229
S_plus:
   1  2  3  4  5  6  7  8
1  0  0  0  0  1  0  1  0
2  0  1  1  1  0  1  0  0
3  1  0  0  0  0  1  1  2

S_minus:
   1  2  3  4  5  6  7  8
1  0  0  1  0  0  1  0  1
2  1  0  0  0  0  0  2  1
3  0  2  1  1  2  0  0  0

# Realization 230
S_plus:
   1  2  3  4  5  6
1  2  0  0  0  0  0
2  0  1  1  0  0  2
3  0  0  1  2  1  0

S_minus:
   1  2  3  4  5  6
1  0  2  1  0  0  0
2  1  0  0  1  2  0
3  0  0  0  0  0  1

# Realization 231
S_plus:
   1   2   3   4   5   6   7   8   9   10  11
1   0   1   0   0   1   0   0   0   0   0   0
2   0   0   0   0   0   0   1   0   1   0   0
3   0   0   0   1   0   0   0   0   0   0   0
4   1   0   0   0   0   0   0   0   0   0   0
5   1   1   1   1   1   0   0   0   0   0   0
6   0   0   1   0   0   1   1   1   0   0   1
7   0   0   0   0   0   1   0   0   0   1   0

S_minus:
   1   2   3   4   5   6   7   8   9   10  11
1   0   0   1   0   0   1   0   0   0   0   0
2   1   1   0   1   0   0   0   1   0   0   0
3   0   0   0   0   0   0   1   0   2   0   0
4   0   0   0   0   1   0   0   1   0   0   0
5   0   0   0   0   0   0   1   0   0   0   1
6   1   0   0   0   1   0   0   0   0   1   0
7   0   0   0   1   0   0   0   0   0   0   0

# Realization 232
S_plus:
   1  2  3  4  5  6  7  8
1  1  0  0  0  1  1  1  0
2  0  1  1  1  0  0  0  0
3  0  0  0  0  1  0  0  1
4  0  0  1  0  0  0  1  0
5  0  0  0  1  0  0  0  0

S_minus:
   1  2  3  4  5  6  7  8
1  0  0  0  1  0  0  0  1
2  0  0  0  0  2  0  0  0
3  1  0  1  1  0  0  0  0
4  0  1  0  0  0  1  0  1
5  1  0  0  0  0  0  1  0

# Realization 233
S_plus:
   1  2  3  4  5  6  7
1  0  0  1  0  0  0  1
2  0  1  0  1  1  1  0
3  1  0  0  0  1  0  0

S_minus:
   1  2  3  4  5  6  7
1  0  1  0  2  2  1  0
2  1  0  1  0  0  0  2
3  0  1  1  0  0  0  0

# Realization 234
S_plus:
   1   2   3   4   5   6   7   8   9   10  11
1   0   0   0   1   0   1   1   0   0   0   1
2   0   1   0   1   0   0   0   0   1   0   0
3   0   0   0   0   1   0   0   0   0   1   0
4   1   0   1   0   0   0   0   0   1   0   0
5   0   0   0   0   0   0   1   1   0   0   0

S_minus:
   1   2   3   4   5   6   7   8   9   10  11
1   1   0   1   0   0   0   0   0   0   0   0
2   0   0   1   0   1   0   0   1   0   0   0
3   0   0   0   0   0   1   0   0   1   0   0
4   0   1   0   0   0   0   1   0   0   1   1
5   1   1   0   1   0   1   0   0   0   1   0

# Realization 235
S_plus:
   1   2   3   4   5   6   7   8   9   10  11  12
1   0   0   0   1   0   0   0   0   0   0   0   1
2   0   0   1   0   0   2   1   1   0   0   2   0
3   1   0   0   0   0   0   0   0   1   0   0   0
4   1   0   0   0   0   0   0   0   0   1   0   0
5   0   1   1   0   1   0   0   0   0   0   0   1

S_minus:
   1   2   3   4   5   6   7   8   9   10  11  12
1   1   0   0   0   0   0   0   0   0   0   1   0
2   0   0   0   0   1   0   0   0   1   0   0   0
3   0   1   1   2   0   1   0   0   0   2   0   1
4   0   0   1   0   1   1   2   1   1   0   0   0
5   0   0   0   0   0   0   0   0   0   0   1   0

# Realization 236
S_plus:
   1   2   3   4   5   6   7   8   9   10
1   0   0   0   1   0   0   0   0   0   0
2   1   0   0   0   0   0   0   1   0   0
3   0   0   1   0   0   1   0   0   0   0
4   0   0   0   1   1   0   0   0   0   0
5   0   1   0   0   0   0   1   0   1   1
6   0   0   0   0   0   0   0   1   0   0
7   1   0   0   0   1   0   0   0   0   1
8   0   1   1   0   0   0   0   0   0   0
9   0   0   0   0   0   0   1   0   0   0

S_minus:
   1   2   3   4   5   6   7   8   9   10
1   0   0   0   0   0   0   1   0   0   0
2   0   0   0   0   0   0   0   0   1   0
3   0   0   0   0   1   0   0   0   0   0
4   0   1   0   0   0   2   0   0   0   0
5   0   0   1   0   1   0   0   0   0   0
6   0   0   0   0   0   0   0   0   0   1
7   0   1   0   0   0   0   0   0   0   0
8   1   0   0   0   0   0   0   1   0   0
9   0   0   0   2   0   0   0   0   0   0

# Realization 237
S_plus:
   1   2   3   4   5   6   7   8   9   10  11
1   0   0   0   1   1   0   0   0   0   0   0
2   1   0   0   0   0   0   1   0   0   0   0
3   1   0   0   0   0   1   0   1   2   1   0
4   0   1   1   1   0   0   0   0   0   0   0
5   0   0   0   0   0   0   0   0   0   0   2
6   0   0   0   0   0   0   1   0   0   1   0

S_minus:
   1   2   3   4   5   6   7   8   9   10  11
1   0   1   0   0   0   1   0   1   0   0   1
2   0   1   1   0   1   0   0   0   1   0   1
3   0   0   1   0   0   0   1   0   0   0   0
4   0   0   0   0   0   0   1   0   1   0   0
5   1   0   0   0   1   0   0   0   0   2   0
6   0   0   0   1   0   1   0   0   0   0   0

# Realization 238
S_plus:
   1  2  3  4  5  6  7  8
1  0  0  0  1  0  0  0  1
2  0  0  1  0  0  2  1  0
3  1  1  0  0  0  0  0  0
4  0  1  0  0  1  0  0  0
5  1  0  1  1  0  0  1  0

S_minus:
   1  2  3  4  5  6  7  8
1  0  0  0  0  0  1  0  0
2  1  0  0  0  0  0  0  0
3  0  0  1  2  2  1  1  0
4  1  0  0  0  0  0  1  0
5  0  1  0  0  0  0  0  2

# Realization 239
S_plus:
   1  2  3  4  5  6  7
1  0  1  2  0  0  0  0
2  1  0  0  0  2  1  0
3  1  0  0  1  0  0  2

S_minus:
   1  2  3  4  5  6  7
1  1  0  0  1  1  0  2
2  0  1  1  0  0  0  0
3  0  0  1  0  1  2  0

# Realization 240
S_plus:
   1  2  3  4  5  6
1  0  0  0  0  1  1
2  0  1  1  1  0  0
3  1  0  1  0  0  0

S_minus:
   1  2  3  4  5  6
1  1  2  1  1  0  0
2  1  0  0  0  0  1
3  0  0  0  0  1  0

# Realization 241
S_plus:
   1  2  3  4  5  6  7  8  9
1  2  0  0  2  1  0  0  1  2
2  0  1  0  0  0  0  0  0  0
3  0  0  1  0  0  0  0  1  0
4  0  0  0  0  0  0  1  0  0
5  0  1  1  0  1  1  0  0  0

S_minus:
   1  2  3  4  5  6  7  8  9
1  0  1  1  0  0  0  0  0  0
2  0  0  1  0  1  1  1  1  1
3  1  0  0  2  0  0  1  0  0
4  0  1  0  0  0  1  0  0  0
5  1  0  0  0  0  0  0  1  0

# Realization 242
S_plus:
   1  2  3  4  5  6  7  8  9
1  0  1  2  0  0  0  0  0  1
2  0  1  0  1  0  0  0  0  1
3  0  0  0  1  1  1  1  0  0
4  1  0  0  0  0  0  1  1  0

S_minus:
   1  2  3  4  5  6  7  8  9
1  0  0  0  1  0  1  0  1  0
2  1  0  0  0  1  0  1  0  0
3  0  2  0  0  0  0  0  0  1
4  0  0  2  1  1  0  0  0  0

# Realization 243
S_plus:
   1  2  3  4  5  6  7  8  9
1  1  1  0  0  0  0  0  0  0
2  0  0  1  0  1  0  0  1  0
3  0  0  1  0  0  0  0  0  0
4  0  0  0  0  0  1  1  0  2
5  1  0  0  1  0  0  0  1  0
6  0  0  0  0  1  0  1  0  0

S_minus:
   1  2  3  4  5  6  7  8  9
1  0  0  0  0  1  0  0  0  0
2  0  1  0  0  0  0  1  0  0
3  0  0  0  0  1  0  0  0  0
4  1  0  1  1  0  0  0  1  0
5  0  1  0  0  0  1  1  0  0
6  0  0  0  1  0  1  0  1  1

# Realization 244
S_plus:
   1  2  3  4  5  6  7  8
1  0  0  0  0  0  0  1  0
2  2  0  1  0  0  2  0  1
3  0  1  0  2  1  0  0  0

S_minus:
   1  2  3  4  5  6  7  8
1  1  0  2  1  1  1  0  0
2  0  2  0  1  0  0  0  0
3  0  0  0  0  0  1  1  1

# Realization 245
S_plus:
   1  2  3  4  5  6  7  8  9
1  0  0  2  0  0  0  1  0  0
2  0  0  0  2  0  1  0  0  0
3  0  1  0  0  0  0  0  1  0
4  1  0  0  0  0  0  0  0  1
5  0  0  0  0  0  1  0  0  0
6  0  0  0  0  2  0  1  0  0

S_minus:
   1  2  3  4  5  6  7  8  9
1  0  1  0  1  0  0  0  0  0
2  0  0  1  0  1  0  0  1  0
3  1  0  0  0  0  0  0  0  0
4  0  1  0  0  1  1  0  0  0
5  0  0  0  0  0  0  2  0  1
6  0  0  1  0  0  0  0  0  0

# Realization 246
S_plus:
   1  2  3  4  5  6  7
1  1  0  0  1  0  2  0
2  1  0  1  0  1  0  0
3  0  1  0  0  0  0  1

S_minus:
   1  2  3  4  5  6  7
1  0  2  2  0  0  0  0
2  0  0  0  1  0  1  1
3  1  0  0  0  1  1  0

# Realization 247
S_plus:
   1   2   3   4   5   6   7   8   9   10
1   0   0   0   1   0   0   0   0   0   0
2   0   0   0   0   1   1   0   1   0   0
3   0   0   2   0   0   0   0   1   1   1
4   1   2   0   0   0   1   1   0   0   0

S_minus:
   1   2   3   4   5   6   7   8   9   10
1   0   1   0   0   0   1   0   0   1   1
2   0   0   0   0   0   0   1   0   0   1
3   1   0   0   0   1   1   0   0   0   0
4   0   0   1   2   0   0   0   2   0   0

# Realization 248
S_plus:
   1  2  3  4  5  6  7  8  9
1  0  0  0  0  0  0  1  0  0
2  1  2  1  0  2  1  0  0  0
3  0  0  1  2  0  1  1  2  1

S_minus:
   1  2  3  4  5  6  7  8  9
1  1  1  2  0  1  1  0  1  1
2  0  0  0  2  0  0  1  1  0
3  1  0  0  0  1  0  0  0  0

# Realization 249
S_plus:
   1  2  3  4  5  6  7  8  9
1  2  0  0  0  0  0  2  0  1
2  0  0  0  0  1  0  0  0  0
3  0  1  0  0  0  0  0  0  0
4  0  0  1  0  0  1  0  1  1
5  0  1  0  1  0  0  0  0  0

S_minus:
   1  2  3  4  5  6  7  8  9
1  0  1  2  0  0  1  0  1  0
2  1  1  0  0  0  0  0  0  1
3  0  0  0  1  0  0  0  0  1
4  0  0  0  0  1  0  1  0  0
5  1  0  0  0  0  1  0  0  0

# Realization 250
S_plus:
   1  2  3  4  5  6
1  0  1  0  0  0  1
2  1  0  1  0  1  0
3  0  0  0  1  1  0

S_minus:
   1  2  3  4  5  6
1  1  0  2  1  2  0
2  0  1  0  0  0  1
3  0  0  0  0  0  1

# Realization 251
S_plus:
   1  2  3  4
1  2  0  0  1
2  0  1  0  0
3  0  0  1  0

S_minus:
   1  2  3  4
1  0  0  1  0
2  2  0  1  0
3  0  2  0  1

# Realization 252
S_plus:
   1  2  3  4  5  6  7  8  9
1  1  1  0  0  0  0  0  0  0
2  1  0  1  0  0  0  0  0  0
3  0  0  1  0  1  0  1  1  0
4  0  0  0  0  0  0  0  0  1
5  0  0  0  1  0  1  0  0  0

S_minus:
   1  2  3  4  5  6  7  8  9
1  0  0  1  0  1  0  0  0  0
2  0  1  0  0  0  0  0  0  1
3  0  0  0  1  0  1  0  0  0
4  0  1  0  1  1  0  0  2  0
5  1  0  0  0  0  0  1  0  1

# Realization 253
S_plus:
   1  2  3  4  5  6  7  8  9
1  1  0  0  0  1  0  0  1  0
2  0  1  1  0  0  1  0  0  0
3  0  1  0  0  0  1  0  0  0
4  0  0  1  0  0  0  0  0  1
5  0  0  0  0  1  0  0  0  0
6  0  0  0  2  0  0  2  0  0

S_minus:
   1  2  3  4  5  6  7  8  9
1  0  1  0  1  0  1  0  0  0
2  0  0  0  0  1  0  0  0  1
3  0  0  1  1  0  0  1  0  0
4  2  0  0  0  0  0  0  0  0
5  0  0  1  0  0  0  0  0  0
6  0  1  0  0  0  0  0  1  1

# Realization 254
S_plus:
   1   2   3   4   5   6   7   8   9   10  11
1   1   1   0   0   1   1   2   0   0   0   0
2   0   0   0   2   0   0   0   0   0   1   0
3   0   0   0   0   0   0   0   0   1   0   0
4   1   0   1   0   1   1   0   1   0   0   0
5   0   0   0   0   0   0   0   0   0   0   1

S_minus:
   1   2   3   4   5   6   7   8   9   10  11
1   0   0   2   2   0   0   0   1   0   0   0
2   0   0   0   0   0   1   0   0   1   0   1
3   0   0   0   0   1   0   0   0   0   1   1
4   0   1   0   0   0   0   1   0   1   0   0
5   2   0   0   0   1   0   0   0   0   0   0

# Realization 255
S_plus:
   1  2  3  4  5  6
1  0  1  0  0  0  0
2  0  0  1  0  0  0
3  1  0  0  1  2  2
4  1  0  1  0  0  0

S_minus:
   1  2  3  4  5  6
1  1  0  0  0  1  0
2  0  0  0  1  0  0
3  0  2  2  0  0  0
4  0  0  0  0  0  2

# Realization 256
S_plus:
   1  2  3  4  5  6  7  8
1  0  1  0  0  1  0  1  1
2  1  1  0  2  1  2  0  0
3  1  0  1  0  0  0  0  1

S_minus:
   1  2  3  4  5  6  7  8
1  2  0  1  1  0  1  0  0
2  0  0  1  0  0  0  0  1
3  0  1  0  0  2  1  1  0

# Realization 257
S_plus:
   1   2   3   4   5   6   7   8   9   10  11
1   0   0   0   0   0   1   1   1   0   0   0
2   0   1   0   0   0   0   0   0   0   0   0
3   0   0   0   1   0   0   0   0   0   0   1
4   0   0   0   1   0   0   0   0   0   0   0
5   0   0   0   0   1   0   0   0   0   0   1
6   0   0   0   0   0   0   0   0   1   0   0
7   0   1   0   0   0   0   0   0   1   0   0
8   1   0   1   0   0   0   0   0   0   2   0

S_minus:
   1   2   3   4   5   6   7   8   9   10  11
1   0   0   1   1   0   0   0   0   0   0   2
2   1   0   0   0   0   0   0   0   1   0   0
3   0   0   0   0   1   0   0   0   0   0   0
4   0   0   0   0   0   0   0   2   0   1   0
5   0   1   0   0   0   0   1   0   0   1   0
6   0   0   0   0   1   1   0   0   0   0   0
7   0   0   0   1   0   0   1   0   0   0   0
8   0   1   0   0   0   1   0   0   1   0   0

# Realization 258
S_plus:
   1  2  3  4  5  6
1  0  0  1  1  0  2
2  0  0  0  0  1  0
3  0  0  1  0  0  0
4  1  1  0  0  1  0

S_minus:
   1  2  3  4  5  6
1  0  1  0  0  1  0
2  1  0  1  1  0  0
3  1  0  0  1  1  0
4  0  0  1  0  0  1

# Realization 259
S_plus:
   1   2   3   4   5   6   7   8   9   10  11
1   0   1   1   0   0   0   0   0   1   0   0
2   0   0   0   0   1   1   0   1   0   2   0
3   1   0   1   0   0   0   0   0   0   0   0
4   0   0   0   1   0   0   1   0   0   0   1
5   0   0   0   0   0   1   0   0   0   0   0

S_minus:
   1   2   3   4   5   6   7   8   9   10  11
1   0   0   0   1   0   1   1   0   0   0   0
2   0   1   1   0   0   0   0   0   0   0   0
3   0   1   0   0   0   0   1   1   0   0   0
4   2   0   0   0   0   1   0   0   1   1   0
5   0   0   0   1   1   0   0   1   0   0   1

# Realization 260
S_plus:
   1  2  3  4  5  6  7
1  0  2  0  0  0  2  0
2  1  0  0  1  0  0  1
3  0  0  2  1  1  0  0

S_minus:
   1  2  3  4  5  6  7
1  0  0  0  1  0  0  2
2  0  1  1  0  2  1  0
3  1  0  0  0  0  1  0

# Realization 261
S_plus:
   1  2  3  4  5  6  7  8
1  0  0  0  0  0  0  1  0
2  0  0  0  1  0  0  0  0
3  0  0  0  0  1  0  0  0
4  2  1  2  0  0  1  0  1

S_minus:
   1  2  3  4  5  6  7  8
1  0  0  1  1  2  0  0  1
2  0  1  0  0  0  1  0  0
3  1  1  1  0  0  0  1  1
4  0  0  0  0  0  0  1  0

# Realization 262
S_plus:
   1  2  3  4  5  6  7
1  0  0  0  1  2  0  0
2  0  1  0  1  0  1  2
3  1  0  1  0  0  1  0

S_minus:
   1  2  3  4  5  6  7
1  1  0  0  0  0  2  2
2  0  0  2  0  1  0  0
3  0  1  0  1  1  0  0

# Realization 263
S_plus:
   1  2  3  4  5  6
1  0  2  1  0  0  0
2  1  0  0  0  1  1
3  0  0  0  1  0  0

S_minus:
   1  2  3  4  5  6
1  1  0  0  1  0  2
2  0  1  1  0  0  0
3  0  1  1  0  2  0

# Realization 264
S_plus:
   1  2  3  4  5  6  7  8  9
1  2  0  1  0  1  0  2  1  0
2  0  0  0  1  0  0  0  0  0
3  0  1  1  0  0  2  0  1  0
4  0  0  0  0  1  0  0  0  1

S_minus:
   1  2  3  4  5  6  7  8  9
1  0  1  0  0  0  0  0  0  0
2  0  0  1  0  1  1  0  1  2
3  1  0  0  1  0  0  1  0  0
4  0  0  1  0  0  1  1  0  0

# Realization 265
S_plus:
   1   2   3   4   5   6   7   8   9   10  11  12
1   0   0   1   0   0   0   0   0   0   0   0   0
2   0   1   0   0   1   0   0   0   0   0   0   0
3   1   0   0   0   0   0   0   0   0   0   0   0
4   0   0   0   0   0   1   2   0   0   2   1   0
5   0   1   1   1   0   0   0   0   0   0   0   0
6   0   0   0   1   0   0   0   1   1   0   0   1

S_minus:
   1   2   3   4   5   6   7   8   9   10  11  12
1   0   0   0   1   0   0   0   0   2   1   1   0
2   0   0   0   1   0   0   0   0   0   0   0   0
3   0   0   0   0   0   0   1   2   0   0   0   0
4   1   1   1   0   0   0   0   0   0   0   0   0
5   1   0   0   0   0   0   1   0   0   1   1   1
6   0   0   0   0   1   2   0   0   0   0   0   0

# Realization 266
S_plus:
   1  2  3  4  5  6  7  8
1  1  2  1  0  1  1  0  2
2  0  0  0  1  0  0  1  0
3  1  0  0  0  1  0  1  0

S_minus:
   1  2  3  4  5  6  7  8
1  0  0  0  0  0  0  1  0
2  2  1  1  0  1  2  0  2
3  0  1  1  1  0  0  0  0

# Realization 267
S_plus:
   1   2   3   4   5   6   7   8   9   10  11  12
1   0   0   1   1   0   0   0   0   0   1   1   0
2   0   0   0   0   0   0   0   0   0   1   0   1
3   0   1   0   0   0   0   0   0   0   0   0   0
4   0   1   0   0   1   0   1   1   2   0   1   1
5   0   0   0   0   0   1   0   0   0   0   0   0
6   1   0   0   0   0   0   0   1   0   0   0   0

S_minus:
   1   2   3   4   5   6   7   8   9   10  11  12
1   0   0   0   0   1   1   0   0   0   0   0   0
2   0   1   0   0   0   1   0   0   0   0   0   0
3   0   0   1   1   0   0   1   1   1   1   0   2
4   1   0   0   0   0   0   0   0   0   1   0   0
5   1   1   1   0   0   0   1   1   0   0   0   0
6   0   0   0   1   0   0   0   0   0   0   1   0

# Realization 268
S_plus:
   1   2   3   4   5   6   7   8   9   10
1   0   1   0   0   0   0   0   0   1   1
2   0   0   0   0   1   1   0   0   0   0
3   0   0   0   0   0   0   0   1   0   0
4   0   0   0   0   1   0   0   0   0   0
5   1   1   0   1   0   0   1   1   0   0
6   1   0   2   0   0   0   0   0   1   0

S_minus:
   1   2   3   4   5   6   7   8   9   10
1   0   0   1   0   0   1   0   0   0   0
2   0   1   0   0   0   0   0   0   1   1
3   0   0   0   1   0   0   0   0   0   0
4   1   0   0   0   0   0   0   0   1   0
5   0   0   0   0   1   0   0   0   0   0
6   0   0   0   0   0   0   1   1   0   0

# Realization 269
S_plus:
   1  2  3  4  5  6
1  0  1  1  0  0  0
2  0  1  0  0  2  0
3  1  0  0  1  0  2

S_minus:
   1  2  3  4  5  6
1  1  0  0  1  0  1
2  1  0  1  0  0  1
3  0  2  1  0  2  0

# Realization 270
S_plus:
   1   2   3   4   5   6   7   8   9   10
1   1   0   0   0   0   0   0   0   0   0
2   0   0   1   0   0   0   0   0   2   1
3   1   0   0   0   1   0   2   1   0   0
4   0   2   0   0   0   1   0   1   0   1
5   0   0   0   1   1   0   0   0   0   0

S_minus:
   1   2   3   4   5   6   7   8   9   10
1   0   0   0   1   0   1   0   0   1   1
2   1   1   0   0   2   0   0   0   0   0
3   0   0   1   0   0   0   0   0   0   0
4   0   0   0   0   0   0   2   0   0   0
5   0   1   0   0   0   0   0   1   0   0

# Realization 271
S_plus:
   1  2  3  4  5  6  7
1  0  0  0  0  0  2  1
2  0  1  1  2  0  0  0
3  0  0  1  0  1  0  0
4  1  0  0  0  0  0  0
5  1  0  0  0  0  0  1

S_minus:
   1  2  3  4  5  6  7
1  0  0  0  0  1  0  0
2  1  0  0  0  0  0  0
3  0  1  0  1  0  0  0
4  0  0  2  1  0  1  1
5  0  0  0  0  0  1  0

# Realization 272
S_plus:
   1  2  3  4
1  0  1  1  0
2  1  1  0  0
3  0  0  0  1

S_minus:
   1  2  3  4
1  1  0  0  1
2  0  0  0  1
3  0  1  2  0

# Realization 273
S_plus:
   1   2   3   4   5   6   7   8   9   10
1   0   0   0   2   0   0   0   1   0   1
2   0   0   0   0   2   1   2   0   0   0
3   2   2   1   0   0   1   0   1   1   0

S_minus:
   1   2   3   4   5   6   7   8   9   10
1   1   1   0   0   0   1   2   0   1   0
2   1   0   2   1   0   0   0   2   0   1
3   0   0   0   1   1   0   0   0   0   1

# Realization 274
S_plus:
   1  2  3  4  5  6  7  8  9
1  0  1  1  0  0  1  0  1  1
2  1  1  0  1  0  0  0  0  0
3  0  0  0  0  2  1  1  0  1

S_minus:
   1  2  3  4  5  6  7  8  9
1  1  0  0  0  1  0  0  0  0
2  0  0  2  0  1  1  2  1  2
3  0  2  0  2  0  0  0  0  0

# Realization 275
S_plus:
   1   2   3   4   5   6   7   8   9   10
1   0   0   0   0   0   0   1   0   0   0
2   1   0   0   1   1   0   1   0   1   0
3   0   0   1   0   1   0   0   0   1   0
4   0   1   0   1   0   1   0   1   0   0
5   1   1   0   0   0   0   0   0   0   0
6   0   0   0   0   0   0   0   0   0   1

S_minus:
   1   2   3   4   5   6   7   8   9   10
1   0   0   0   1   0   0   0   0   0   0
2   0   1   0   0   0   2   0   1   0   0
3   1   0   0   0   0   0   1   0   0   0
4   1   0   0   0   1   0   0   0   0   0
5   0   0   0   0   0   0   0   1   2   1
6   0   1   1   1   0   0   0   0   0   0

# Realization 276
S_plus:
   1   2   3   4   5   6   7   8   9   10  11
1   0   0   1   1   0   0   0   0   0   0   1
2   0   0   1   0   0   0   0   0   1   0   0
3   0   0   0   0   0   1   1   1   0   1   0
4   2   0   0   0   0   0   0   0   0   0   0
5   0   2   0   0   1   0   0   0   0   0   0

S_minus:
   1   2   3   4   5   6   7   8   9   10  11
1   0   1   0   0   1   1   0   1   1   0   0
2   1   0   0   0   0   1   0   0   0   0   0
3   0   0   0   0   0   0   0   0   0   0   1
4   0   0   1   1   0   0   0   1   0   1   0
5   1   0   0   0   0   0   1   0   0   1   0

# Realization 277
S_plus:
   1   2   3   4   5   6   7   8   9   10  11  12
1   0   1   0   0   1   0   0   0   0   0   0   0
2   1   0   1   0   0   0   0   0   1   1   0   1
3   0   0   1   1   0   1   0   1   0   0   1   1
4   0   0   0   0   0   0   0   1   0   0   0   0
5   0   0   0   1   0   0   0   0   0   0   0   0
6   0   0   0   0   0   0   1   0   0   0   0   0

S_minus:
   1   2   3   4   5   6   7   8   9   10  11  12
1   0   0   0   0   0   0   1   1   0   0   1   0
2   0   0   0   1   0   0   0   0   0   0   1   0
3   1   0   0   0   1   0   0   0   0   1   0   0
4   0   0   0   0   0   1   0   0   1   1   0   0
5   0   1   0   0   0   1   0   0   0   0   0   1
6   0   0   1   1   0   0   0   1   0   0   0   0

# Realization 278
S_plus:
   1  2  3  4  5  6  7
1  0  0  0  1  1  0  2
2  1  1  1  0  0  1  0
3  1  1  0  0  0  0  0
4  0  0  1  1  1  0  0

S_minus:
   1  2  3  4  5  6  7
1  0  1  0  0  0  2  0
2  0  0  0  1  0  0  0
3  0  0  2  1  2  0  1
4  1  1  0  0  0  0  1

# Realization 279
S_plus:
   1   2   3   4   5   6   7   8   9   10  11  12
1   0   0   1   0   0   1   0   0   0   1   0   2
2   0   1   1   0   0   0   1   1   1   0   0   0
3   0   1   0   1   1   1   1   0   0   1   2   0
4   1   0   0   0   1   0   0   1   1   0   0   0

S_minus:
   1   2   3   4   5   6   7   8   9   10  11  12
1   0   0   0   0   1   0   1   0   1   0   0   0
2   1   0   0   2   1   2   0   0   0   0   1   1
3   0   0   0   0   0   0   0   1   1   0   0   0
4   0   1   1   0   0   0   0   0   0   2   1   0

# Realization 280
S_plus:
   1  2  3
1  0  0  1
2  1  0  0
3  1  0  0
4  0  1  1

S_minus:
   1  2  3
1  0  1  0
2  0  0  1
3  0  1  1
4  1  0  0

# Realization 281
S_plus:
   1   2   3   4   5   6   7   8   9   10
1   1   1   0   0   0   0   0   1   1   0
2   0   0   1   1   0   0   2   0   0   0
3   0   0   0   0   0   0   0   0   0   2
4   0   1   0   0   1   1   0   0   0   0

S_minus:
   1   2   3   4   5   6   7   8   9   10
1   0   0   0   0   0   0   0   0   0   1
2   0   1   0   0   1   1   0   0   0   0
3   0   1   0   1   1   0   0   1   2   0
4   1   0   1   0   0   0   1   1   0   0

# Realization 282
S_plus:
   1  2  3  4  5  6  7  8  9
1  0  0  2  0  1  0  0  0  1
2  0  0  0  2  0  2  0  1  0
3  1  2  0  0  0  0  1  0  1

S_minus:
   1  2  3  4  5  6  7  8  9
1  0  1  0  1  0  2  1  1  0
2  1  0  0  0  0  0  1  0  1
3  0  0  2  1  1  0  0  1  0

# Realization 283
S_plus:
   1   2   3   4   5   6   7   8   9   10
1   0   1   2   1   0   0   0   0   0   1
2   0   0   0   0   0   0   0   2   0   0
3   1   0   0   1   1   0   0   0   0   0
4   0   1   0   0   0   2   2   0   1   0

S_minus:
   1   2   3   4   5   6   7   8   9   10
1   1   0   0   0   2   0   0   1   0   0
2   0   0   0   1   0   1   2   0   0   0
3   0   1   1   0   0   1   0   1   1   0
4   0   0   0   0   0   0   0   0   0   1

# Realization 284
S_plus:
   1  2  3  4  5  6  7  8  9
1  0  0  1  0  0  0  1  1  0
2  0  0  0  1  0  1  0  0  1
3  0  1  0  0  0  0  0  1  0
4  1  0  0  0  0  0  1  0  1
5  1  0  0  0  1  0  0  0  0

S_minus:
   1  2  3  4  5  6  7  8  9
1  1  1  0  0  1  1  0  0  0
2  0  0  1  0  0  0  1  1  0
3  1  0  0  1  1  0  0  0  1
4  0  1  0  0  0  0  0  1  0
5  0  0  0  1  0  1  0  0  1

# Realization 285
S_plus:
   1  2  3  4  5  6  7
1  1  1  0  0  0  0  2
2  1  0  2  0  1  0  0
3  0  1  0  1  0  1  0

S_minus:
   1  2  3  4  5  6  7
1  0  0  1  0  1  0  0
2  0  1  0  1  0  2  1
3  1  0  1  0  1  0  1

# Realization 286
S_plus:
   1   2   3   4   5   6   7   8   9   10  11  12
1   0   0   1   2   1   0   0   1   0   0   0   1
2   1   0   0   0   0   0   0   0   2   1   0   0
3   0   0   0   0   0   2   1   0   0   0   1   0
4   0   2   0   0   0   0   0   0   0   0   1   0

S_minus:
   1   2   3   4   5   6   7   8   9   10  11  12
1   0   0   0   0   0   0   1   0   0   1   0   0
2   0   1   1   0   1   0   0   0   0   0   1   1
3   0   0   1   0   0   0   0   0   1   1   0   0
4   1   0   0   1   0   1   0   1   1   0   0   1

# Realization 287
S_plus:
   1  2  3  4  5  6  7  8  9
1  0  0  0  1  1  0  0  0  0
2  0  0  0  0  0  0  1  0  0
3  1  0  1  0  0  0  0  1  0
4  0  0  0  0  0  1  1  0  0
5  1  1  0  0  0  1  0  0  0
6  0  0  1  0  0  0  0  0  1
7  0  0  0  0  1  0  0  0  1

S_minus:
   1  2  3  4  5  6  7  8  9
1  0  0  0  0  0  0  0  1  0
2  0  1  0  0  0  0  0  0  0
3  0  0  0  0  0  0  0  0  1
4  0  0  1  1  1  0  0  0  1
5  0  0  0  0  0  0  1  1  0
6  1  0  0  1  1  2  0  0  0
7  0  1  0  0  0  0  0  0  0

# Realization 288
S_plus:
   1  2  3  4  5
1  0  1  0  0  0
2  1  0  2  2  1
3  1  0  0  0  0

S_minus:
   1  2  3  4  5
1  2  0  0  1  1
2  0  1  0  0  0
3  0  0  2  1  0

# Realization 289
S_plus:
   1  2  3  4  5  6
1  0  0  1  0  0  0
2  1  0  0  0  1  0
3  0  0  0  0  0  1
4  1  2  0  1  0  0

S_minus:
   1  2  3  4  5  6
1  0  0  0  1  0  0
2  0  0  0  0  0  1
3  1  1  1  0  0  0
4  0  0  0  0  2  1

# Realization 290
S_plus:
   1   2   3   4   5   6   7   8   9   10  11
1   0   0   0   0   1   0   1   0   0   0   0
2   0   0   0   0   0   0   0   0   1   0   0
3   0   2   0   1   1   2   0   0   0   0   1
4   1   0   0   0   0   0   0   0   0   0   0
5   0   0   1   0   0   0   0   1   0   2   0

S_minus:
   1   2   3   4   5   6   7   8   9   10  11
1   2   1   0   0   0   0   0   0   0   0   0
2   0   0   0   2   1   1   0   1   0   0   0
3   0   0   0   0   0   0   1   1   0   1   0
4   0   0   1   0   0   1   0   0   2   0   1
5   0   0   0   0   0   0   0   0   0   0   1

# Realization 291
S_plus:
   1   2   3   4   5   6   7   8   9   10
1   0   1   0   0   1   0   0   0   0   0
2   0   1   0   1   0   1   0   0   0   0
3   0   0   0   0   0   0   0   1   1   0
4   0   0   2   0   0   0   0   1   0   0
5   2   0   0   0   1   0   2   0   0   1

S_minus:
   1   2   3   4   5   6   7   8   9   10
1   0   0   0   0   0   0   1   1   0   0
2   1   0   1   0   0   0   0   0   1   1
3   0   0   0   0   0   1   0   0   0   1
4   0   0   0   2   2   0   0   0   0   0
5   0   1   0   0   0   0   0   0   0   0

# Realization 292
S_plus:
   1   2   3   4   5   6   7   8   9   10  11  12
1   0   1   0   0   1   0   0   1   1   0   0   0
2   1   0   0   0   0   0   2   0   0   0   1   0
3   0   0   0   0   1   0   0   0   0   1   0   0
4   0   0   2   1   0   1   0   0   0   0   0   1

S_minus:
   1   2   3   4   5   6   7   8   9   10  11  12
1   0   0   1   1   0   0   0   0   0   2   0   1
2   0   0   0   0   0   1   0   1   0   0   0   0
3   1   1   0   1   0   0   1   0   0   0   2   0
4   1   1   0   0   1   0   1   1   2   0   0   0

# Realization 293
S_plus:
   1  2  3  4  5  6  7  8
1  1  0  0  0  0  0  2  0
2  0  0  0  1  0  1  0  2
3  1  2  0  0  1  1  0  0
4  0  0  1  0  0  0  0  0

S_minus:
   1  2  3  4  5  6  7  8
1  0  0  0  1  0  2  0  1
2  2  1  0  0  0  0  1  0
3  0  0  1  0  0  0  1  1
4  0  1  0  0  1  0  0  0

# Realization 294
S_plus:
   1  2  3  4  5  6  7  8
1  2  1  0  0  1  2  0  0
2  0  0  0  2  0  0  1  1
3  0  0  2  0  1  0  0  0

S_minus:
   1  2  3  4  5  6  7  8
1  0  0  0  1  0  0  0  1
2  1  2  1  0  1  1  0  0
3  1  0  0  1  0  0  1  1

# Realization 295
S_plus:
   1   2   3   4   5   6   7   8   9   10  11
1   0   0   1   1   0   0   1   0   0   1   1
2   0   1   0   1   0   0   0   0   0   0   0
3   0   1   1   0   0   0   0   2   0   0   0
4   1   0   0   0   0   1   0   0   1   0   0
5   0   0   0   0   1   0   0   0   0   0   0

S_minus:
   1   2   3   4   5   6   7   8   9   10  11
1   0   0   0   0   0   0   0   0   1   0   0
2   0   0   0   0   0   1   0   1   1   0   1
3   1   0   0   0   0   0   1   0   0   1   0
4   0   0   1   0   2   0   0   0   0   0   0
5   0   1   0   1   0   0   0   1   0   1   1

# Realization 296
S_plus:
   1  2  3  4  5  6  7  8  9
1  0  0  2  0  1  1  1  0  1
2  0  0  0  1  1  0  0  0  0
3  0  2  0  0  0  0  0  1  0
4  2  0  0  0  0  0  0  0  0

S_minus:
   1  2  3  4  5  6  7  8  9
1  0  0  0  0  0  0  0  1  0
2  2  0  1  0  0  1  1  1  0
3  0  0  0  0  1  0  0  0  2
4  0  1  0  2  1  0  1  0  0

# Realization 297
S_plus:
   1  2  3  4  5  6  7  8  9
1  0  1  0  1  0  1  0  0  0
2  0  0  1  0  0  0  0  1  0
3  0  0  0  0  0  1  1  1  0
4  0  0  0  0  1  0  0  0  0
5  1  1  0  0  0  0  0  0  0
6  1  0  1  0  0  0  1  0  1

S_minus:
   1  2  3  4  5  6  7  8  9
1  0  0  1  0  0  0  1  0  0
2  0  1  0  0  0  1  0  0  0
3  1  0  0  0  0  0  0  0  0
4  0  0  0  1  0  0  0  0  0
5  0  0  0  0  1  0  0  0  1
6  0  1  0  0  0  0  0  1  0

# Realization 298
S_plus:
   1   2   3   4   5   6   7   8   9   10
1   1   0   2   0   0   2   0   0   1   0
2   0   1   0   1   2   0   1   2   0   0
3   0   1   0   0   0   0   0   0   0   2

S_minus:
   1   2   3   4   5   6   7   8   9   10
1   0   2   0   1   0   0   0   1   0   0
2   1   0   1   0   0   1   0   0   1   1
3   1   0   0   1   1   1   2   1   0   0

# Realization 299
S_plus:
   1  2  3  4  5  6  7  8
1  0  0  0  0  2  1  1  0
2  0  0  0  0  0  1  0  0
3  0  0  1  0  0  0  1  0
4  0  1  0  1  0  0  0  0
5  1  0  1  0  0  0  0  1

S_minus:
   1  2  3  4  5  6  7  8
1  0  0  0  1  0  0  0  1
2  1  1  1  0  2  0  0  0
3  0  0  0  0  0  2  0  0
4  0  0  0  0  0  0  1  1
5  0  1  0  0  0  0  0  0

# Realization 300
S_plus:
   1  2  3  4  5  6  7  8  9
1  0  2  0  2  1  0  0  0  0
2  1  0  0  0  0  0  2  0  0
3  0  0  0  0  1  1  0  1  0
4  1  0  1  0  0  0  0  0  1

S_minus:
   1  2  3  4  5  6  7  8  9
1  1  0  0  0  0  0  0  1  0
2  0  0  1  1  1  2  0  0  0
3  1  1  1  0  0  0  0  0  1
4  0  1  0  1  1  0  2  0  0

# Realization 301
S_plus:
   1  2  3  4  5  6  7  8  9
1  0  0  1  0  0  0  0  0  1
2  0  0  0  0  0  0  1  0  0
3  1  0  0  1  0  0  0  0  0
4  0  2  1  0  1  0  0  1  0
5  0  0  0  0  0  2  0  0  0

S_minus:
   1  2  3  4  5  6  7  8  9
1  0  1  0  2  0  1  0  1  0
2  0  0  1  0  0  0  0  0  2
3  0  0  0  0  1  0  0  0  0
4  0  0  0  0  0  1  0  0  0
5  1  0  1  0  0  0  2  0  0

# Realization 302
S_plus:
   1  2  3  4  5  6  7  8
1  1  0  0  0  1  1  0  0
2  0  1  0  0  0  1  0  1
3  0  0  1  2  1  0  2  0

S_minus:
   1  2  3  4  5  6  7  8
1  0  0  0  0  0  0  1  0
2  0  0  1  2  1  0  1  0
3  1  1  0  0  0  1  0  2

# Realization 303
S_plus:
   1  2  3  4  5  6  7  8  9
1  0  0  0  0  0  1  1  0  1
2  1  1  0  1  0  0  0  0  0
3  0  0  0  0  2  0  1  0  1
4  1  0  2  0  0  0  0  2  0

S_minus:
   1  2  3  4  5  6  7  8  9
1  1  1  0  1  2  0  0  0  0
2  0  0  1  0  0  1  0  0  0
3  0  0  1  1  0  0  0  1  0
4  0  0  0  0  0  0  2  0  1

# Realization 304
S_plus:
   1   2   3   4   5   6   7   8   9   10  11  12
1   1   1   0   1   1   0   1   0   2   0   0   0
2   0   0   2   0   0   0   0   1   0   1   1   0
3   0   1   0   0   0   1   0   1   0   0   0   1
4   0   0   0   0   0   0   1   0   0   1   0   0

S_minus:
   1   2   3   4   5   6   7   8   9   10  11  12
1   0   0   0   0   0   0   0   1   0   1   1   0
2   1   2   0   0   2   1   0   0   2   0   0   2
3   0   0   2   1   0   0   1   0   0   1   1   0
4   0   0   0   0   0   0   0   1   0   0   0   0

# Realization 305
S_plus:
   1  2  3  4
1  0  0  1  0
2  1  0  1  2
3  0  1  0  0

S_minus:
   1  2  3  4
1  1  0  0  1
2  0  1  0  0
3  0  0  1  0

# Realization 306
S_plus:
   1  2  3  4  5
1  0  0  1  0  1
2  1  0  1  0  0
3  1  2  0  1  1

S_minus:
   1  2  3  4  5
1  1  0  0  1  0
2  0  1  0  0  1
3  0  0  1  0  0

# Realization 307
S_plus:
   1  2  3  4  5  6  7  8
1  0  1  1  0  0  2  0  1
2  1  0  0  0  0  0  0  0
3  0  1  1  1  1  0  2  0

S_minus:
   1  2  3  4  5  6  7  8
1  1  0  0  2  0  0  0  0
2  0  2  1  0  2  1  1  1
3  1  0  0  0  0  0  0  0

# Realization 308
S_plus:
   1   2   3   4   5   6   7   8   9   10  11  12
1   0   1   0   1   0   1   0   0   0   0   2   0
2   1   0   0   0   0   0   2   0   1   1   0   1
3   0   0   1   0   0   1   0   1   1   0   0   0
4   0   0   0   0   2   0   0   1   0   1   0   0

S_minus:
   1   2   3   4   5   6   7   8   9   10  11  12
1   0   0   0   0   1   0   1   1   1   0   0   2
2   0   0   1   0   1   0   0   1   0   0   0   0
3   0   2   0   0   0   0   0   0   0   2   1   0
4   1   0   1   1   0   1   1   0   1   0   1   0

# Realization 309
S_plus:
   1  2  3  4  5
1  1  0  0  0  2
2  1  1  0  0  0
3  0  0  2  1  0

S_minus:
   1  2  3  4  5
1  0  1  1  0  0
2  0  0  1  2  0
3  1  0  0  0  2

# Realization 310
S_plus:
   1  2  3  4  5  6
1  0  1  0  0  1  0
2  0  0  0  0  0  1
3  1  0  1  0  0  0
4  0  0  0  0  1  0
5  1  0  0  1  0  0

S_minus:
   1  2  3  4  5  6
1  0  0  0  1  0  0
2  0  1  1  0  0  0
3  0  1  0  0  1  0
4  1  0  0  0  0  0
5  0  0  0  0  1  1

# Realization 311
S_plus:
   1   2   3   4   5   6   7   8   9   10
1   1   0   0   2   1   0   0   0   0   0
2   0   0   0   0   0   1   1   1   1   2
3   0   1   2   0   0   0   1   0   0   0

S_minus:
   1   2   3   4   5   6   7   8   9   10
1   0   0   1   0   0   1   1   0   2   1
2   1   2   1   0   0   0   0   0   0   0
3   0   0   0   1   2   1   0   1   0   0

# Realization 312
S_plus:
   1  2  3  4  5  6  7  8  9
1  0  0  0  0  0  1  0  0  1
2  0  0  1  0  1  0  0  0  1
3  0  0  0  0  0  0  0  1  0
4  1  0  1  0  0  0  0  0  0
5  0  0  0  1  0  0  0  0  0
6  0  1  0  0  0  0  0  0  0
7  0  0  0  0  1  0  1  1  0

S_minus:
   1  2  3  4  5  6  7  8  9
1  0  0  1  1  0  0  0  0  0
2  0  0  0  0  0  0  0  1  0
3  0  1  0  0  0  0  0  0  0
4  0  0  0  0  1  0  0  0  0
5  0  0  0  0  1  0  2  0  2
6  0  0  1  0  0  1  0  0  0
7  1  0  0  1  0  0  0  0  0

# Realization 313
S_plus:
   1   2   3   4   5   6   7   8   9   10  11
1   0   0   0   0   1   0   0   1   0   0   0
2   0   1   0   0   1   0   0   0   0   0   0
3   0   0   0   0   0   2   0   0   0   0   0
4   0   0   1   0   0   0   0   1   1   0   0
5   2   0   0   0   0   0   0   0   0   1   1
6   0   1   1   1   0   0   1   0   0   0   0
7   0   0   0   0   0   0   0   0   0   0   1

S_minus:
   1   2   3   4   5   6   7   8   9   10  11
1   0   0   0   0   0   0   0   0   1   0   0
2   0   0   0   0   0   0   0   0   0   1   0
3   0   0   0   0   0   0   0   1   1   0   0
4   0   1   0   0   0   0   0   0   0   0   1
5   0   0   0   0   1   1   1   0   0   0   0
6   0   0   0   0   0   0   0   0   0   1   1
7   1   0   1   1   0   0   0   0   0   0   0

# Realization 314
S_plus:
   1  2  3  4  5  6  7
1  0  1  0  0  1  0  0
2  1  0  0  0  0  1  0
3  0  1  1  0  0  0  1
4  0  0  1  2  0  0  0

S_minus:
   1  2  3  4  5  6  7
1  0  0  0  0  0  1  0
2  0  1  1  1  2  0  0
3  1  0  0  1  0  0  0
4  1  1  0  0  0  0  1

# Realization 315
S_plus:
   1   2   3   4   5   6   7   8   9   10  11
1   1   0   0   1   0   0   1   0   0   0   0
2   0   0   0   0   0   0   0   0   0   1   0
3   0   0   0   0   1   1   0   0   0   0   0
4   0   0   0   0   0   0   0   1   0   0   0
5   0   0   1   1   0   0   0   0   2   1   2
6   0   0   0   0   0   1   0   0   0   0   0
7   0   1   1   0   0   0   0   0   0   0   0
8   0   0   0   0   1   0   0   0   0   0   0

S_minus:
   1   2   3   4   5   6   7   8   9   10  11
1   0   0   0   0   0   1   0   1   0   0   0
2   2   0   0   0   0   0   0   0   0   0   0
3   0   0   0   1   0   0   0   0   0   0   0
4   0   0   1   0   0   0   1   0   1   1   0
5   0   1   0   0   0   1   0   0   0   0   0
6   0   1   0   0   0   0   0   0   0   0   0
7   0   0   0   0   1   0   0   0   0   0   1
8   0   0   0   0   0   0   0   0   0   0   1

# Realization 316
S_plus:
   1  2  3  4  5  6  7  8
1  0  0  0  2  1  0  1  1
2  1  0  0  0  0  0  1  0
3  0  1  1  0  0  2  0  0

S_minus:
   1  2  3  4  5  6  7  8
1  0  1  0  0  0  0  0  0
2  0  1  2  0  1  1  0  1
3  2  0  0  1  1  0  1  0

# Realization 317
S_plus:
   1   2   3   4   5   6   7   8   9   10
1   1   0   1   0   0   0   1   1   0   1
2   1   0   0   0   0   1   1   0   0   1
3   0   0   1   0   0   0   0   1   1   0
4   0   0   0   1   0   0   0   0   1   0
5   0   2   0   0   0   1   0   0   0   0
6   0   0   0   0   1   0   0   0   0   0

S_minus:
   1   2   3   4   5   6   7   8   9   10
1   0   0   0   0   2   0   0   0   1   0
2   0   1   1   2   0   0   0   1   0   0
3   0   0   0   0   0   0   1   0   0   0
4   1   0   0   0   0   1   0   1   0   0
5   1   0   0   0   0   0   0   0   0   1
6   0   0   0   0   0   1   0   0   0   1

# Realization 318
S_plus:
   1  2  3  4  5  6  7  8
1  0  0  0  1  0  0  0  0
2  1  2  0  0  1  1  2  1
3  0  0  1  0  1  0  0  0
4  0  0  1  0  0  0  0  0

S_minus:
   1  2  3  4  5  6  7  8
1  1  1  0  0  1  0  0  0
2  0  0  1  1  0  0  0  0
3  0  0  0  0  0  0  1  1
4  0  0  0  0  0  1  0  1

# Realization 319
S_plus:
   1   2   3   4   5   6   7   8   9   10  11
1   1   2   0   2   0   0   0   1   1   0   0
2   0   0   2   0   0   0   0   0   0   2   1
3   1   0   0   0   1   2   1   0   0   0   0

S_minus:
   1   2   3   4   5   6   7   8   9   10  11
1   0   0   1   0   1   1   2   0   0   0   0
2   1   2   0   1   1   1   0   2   0   0   0
3   0   0   1   1   0   0   0   0   2   1   1

# Realization 320
S_plus:
   1   2   3   4   5   6   7   8   9   10  11  12
1   0   0   1   1   0   1   0   1   2   0   0   0
2   0   1   1   0   1   0   0   0   0   1   0   1
3   0   0   0   0   1   0   0   0   0   0   1   0
4   1   1   0   1   0   0   2   0   0   0   1   0

S_minus:
   1   2   3   4   5   6   7   8   9   10  11  12
1   1   1   0   0   0   0   0   0   0   0   0   1
2   0   0   0   1   0   0   1   0   1   0   1   0
3   0   0   1   1   0   0   1   1   0   2   0   0
4   0   0   0   0   1   2   0   0   1   0   0   0

# Realization 321
S_plus:
   1  2  3  4  5
1  0  1  1  1  0
2  1  0  0  1  0
3  0  1  1  0  1
4  1  0  0  0  0

S_minus:
   1  2  3  4  5
1  2  0  0  0  1
2  0  1  0  0  1
3  0  0  0  1  0
4  0  1  1  0  0

# Realization 322
S_plus:
   1  2  3  4  5  6
1  0  0  0  0  1  0
2  0  0  0  1  0  0
3  1  0  0  1  0  0
4  1  1  0  0  0  1
5  0  1  2  0  0  1

S_minus:
   1  2  3  4  5  6
1  0  1  1  0  0  0
2  1  0  1  0  0  0
3  0  0  0  0  0  2
4  0  0  0  1  1  0
5  0  0  0  0  1  0

# Realization 323
S_plus:
   1   2   3   4   5   6   7   8   9   10  11
1   0   0   0   0   0   2   2   1   1   0   0
2   0   1   2   1   0   0   0   0   1   1   1
3   1   0   0   0   1   0   0   1   0   1   0

S_minus:
   1   2   3   4   5   6   7   8   9   10  11
1   1   2   1   1   2   0   0   0   0   1   0
2   0   0   0   0   0   1   2   2   0   0   0
3   0   0   0   1   0   1   0   0   1   0   1

# Realization 324
S_plus:
   1   2   3   4   5   6   7   8   9   10
1   1   0   0   0   0   0   0   0   0   0
2   0   0   0   0   0   1   0   0   1   0
3   0   0   0   0   1   1   0   0   0   0
4   1   0   0   0   0   0   1   1   0   0
5   0   0   0   0   1   0   0   0   0   1
6   0   0   2   0   0   0   1   1   0   0
7   0   1   0   1   0   0   0   0   0   0

S_minus:
   1   2   3   4   5   6   7   8   9   10
1   0   0   0   0   0   0   0   2   0   0
2   0   0   0   0   1   0   0   0   0   1
3   1   0   0   0   0   0   0   0   1   0
4   0   0   0   1   0   0   0   0   0   0
5   0   0   0   1   0   1   0   0   1   0
6   0   1   0   0   1   0   0   0   0   0
7   0   0   1   0   0   0   1   0   0   0

# Realization 325
S_plus:
   1   2   3   4   5   6   7   8   9   10  11  12
1   0   1   2   1   0   0   0   0   0   0   0   0
2   0   0   0   0   1   2   0   0   0   0   1   0
3   0   0   0   0   0   0   1   1   0   1   0   1
4   1   0   0   0   0   0   1   0   1   0   1   0

S_minus:
   1   2   3   4   5   6   7   8   9   10  11  12
1   0   0   0   0   0   0   1   0   1   2   1   0
2   1   0   1   1   0   0   1   2   0   0   0   1
3   1   0   0   0   1   1   0   0   1   0   0   0
4   0   2   1   0   1   0   0   0   0   0   0   0

# Realization 326
S_plus:
   1  2  3  4  5  6
1  0  1  0  0  0  1
2  0  0  0  1  2  0
3  2  1  1  0  0  0

S_minus:
   1  2  3  4  5  6
1  1  0  1  0  1  0
2  1  2  1  0  0  1
3  0  0  0  1  0  0

# Realization 327
S_plus:
   1  2  3  4  5  6  7  8  9
1  2  1  0  0  0  1  0  0  0
2  0  0  0  1  0  0  0  1  0
3  0  0  0  0  1  0  1  0  0
4  0  1  0  1  0  0  0  0  0
5  0  0  1  0  0  0  0  0  1

S_minus:
   1  2  3  4  5  6  7  8  9
1  0  0  1  1  1  0  0  0  1
2  0  1  1  0  0  0  0  0  0
3  0  0  0  0  0  0  0  1  0
4  1  0  0  0  1  1  0  0  0
5  1  0  0  0  0  0  1  0  0

# Realization 328
S_plus:
   1  2  3  4  5  6  7  8  9
1  0  0  1  0  0  1  1  0  0
2  1  0  0  1  0  0  0  1  0
3  0  1  0  0  0  0  0  0  0
4  0  0  0  0  2  0  0  0  1
5  0  0  0  1  0  0  1  0  0

S_minus:
   1  2  3  4  5  6  7  8  9
1  1  0  0  1  0  0  0  1  1
2  0  0  0  0  1  0  0  0  0
3  0  0  0  1  0  1  1  1  1
4  0  2  0  0  0  0  0  0  0
5  0  0  1  0  0  0  0  0  0

# Realization 329
S_plus:
   1   2   3   4   5   6   7   8   9   10  11
1   0   0   1   0   0   0   0   0   1   1   0
2   0   0   0   1   2   0   0   0   0   0   1
3   1   0   0   0   0   0   0   0   0   0   0
4   0   1   0   0   0   1   2   2   0   0   1

S_minus:
   1   2   3   4   5   6   7   8   9   10  11
1   1   1   0   1   0   0   1   1   0   0   2
2   0   0   0   0   0   0   0   1   0   1   0
3   0   0   0   1   1   1   1   0   1   0   0
4   0   0   1   0   0   0   0   0   1   0   0

# Realization 330
S_plus:
   1  2  3  4  5  6  7  8
1  2  0  1  1  1  0  1  1
2  0  1  0  1  1  0  0  0
3  0  1  0  0  0  2  1  0

S_minus:
   1  2  3  4  5  6  7  8
1  0  1  0  0  0  1  0  0
2  0  0  1  0  0  1  2  1
3  1  0  1  1  2  0  0  0

# Realization 331
S_plus:
   1   2   3   4   5   6   7   8   9   10
1   0   0   1   0   0   0   0   0   0   0
2   0   2   1   1   0   1   0   0   0   0
3   0   0   0   1   1   0   0   0   0   0
4   1   0   0   0   0   1   1   0   0   1
5   0   0   0   0   0   0   0   1   2   0

S_minus:
   1   2   3   4   5   6   7   8   9   10
1   0   1   0   1   0   1   0   0   0   1
2   0   0   0   0   0   0   0   0   2   0
3   0   0   1   0   0   1   1   1   0   1
4   0   0   1   0   0   0   0   1   0   0
5   1   1   0   0   1   0   0   0   0   0

# Realization 332
S_plus:
   1  2  3  4  5  6
1  0  0  0  0  0  1
2  0  1  1  0  2  0
3  1  0  0  2  0  1

S_minus:
   1  2  3  4  5  6
1  1  1  2  1  1  0
2  0  0  0  1  0  2
3  0  0  0  0  1  0

# Realization 333
S_plus:
   1   2   3   4   5   6   7   8   9   10
1   0   0   1   0   0   1   0   1   1   0
2   0   0   1   1   1   0   0   1   0   0
3   1   1   0   1   0   0   2   0   0   1

S_minus:
   1   2   3   4   5   6   7   8   9   10
1   2   1   0   1   0   0   1   0   0   0
2   0   1   0   0   0   2   1   0   0   2
3   0   0   1   0   2   0   0   2   1   0

# Realization 334
S_plus:
   1   2   3   4   5   6   7   8   9   10  11  12
1   0   1   0   0   0   0   1   0   0   1   0   0
2   1   1   0   1   0   0   0   0   1   0   1   0
3   0   0   1   0   1   0   0   0   0   0   0   1
4   0   0   0   0   0   1   0   0   0   0   1   0
5   0   0   0   1   0   0   1   0   0   0   0   1
6   0   0   0   0   0   0   0   1   0   0   0   0

S_minus:
   1   2   3   4   5   6   7   8   9   10  11  12
1   1   0   0   0   1   0   0   0   0   0   0   1
2   0   0   0   0   0   0   0   1   0   0   0   0
3   0   1   0   1   0   1   1   1   0   0   1   0
4   0   0   0   1   0   0   0   0   1   0   0   0
5   0   0   1   0   0   0   0   0   1   0   0   0
6   0   1   0   0   0   0   1   0   0   2   1   0

# Realization 335
S_plus:
   1  2  3  4  5  6  7  8
1  0  2  0  0  0  1  1  0
2  1  0  1  0  2  1  0  1
3  0  0  1  2  0  0  0  0

S_minus:
   1  2  3  4  5  6  7  8
1  1  0  1  0  1  0  0  1
2  0  1  0  1  0  0  0  0
3  1  1  0  0  1  2  1  0

# Realization 336
S_plus:
   1  2  3  4  5  6
1  1  1  0  1  0  0
2  1  0  0  1  1  1
3  0  0  1  0  0  0

S_minus:
   1  2  3  4  5  6
1  0  0  1  0  1  0
2  0  1  1  0  0  0
3  1  1  0  2  1  1

# Realization 337
S_plus:
   1   2   3   4   5   6   7   8   9   10
1   0   1   1   0   0   0   0   1   0   0
2   0   0   0   0   1   0   0   0   0   0
3   0   0   0   1   0   0   0   0   2   0
4   1   0   0   0   0   1   0   0   0   0
5   0   0   0   1   0   0   0   0   0   0
6   0   1   0   0   0   0   1   0   0   1

S_minus:
   1   2   3   4   5   6   7   8   9   10
1   0   0   0   1   0   0   0   0   0   0
2   0   1   0   0   0   0   0   0   0   0
3   0   1   1   0   0   0   1   0   0   0
4   0   0   1   0   0   0   1   0   1   0
5   1   0   0   0   0   0   0   1   0   1
6   1   0   0   0   1   1   0   0   0   0

# Realization 338
S_plus:
   1  2  3
1  0  1  0
2  1  0  1
3  0  0  1

S_minus:
   1  2  3
1  0  0  1
2  0  2  0
3  1  0  0

# Realization 339
S_plus:
   1  2  3  4  5  6  7  8  9
1  0  0  0  0  0  1  0  0  0
2  0  0  0  0  1  0  0  0  0
3  0  1  0  0  1  0  0  0  0
4  0  0  0  1  0  0  0  0  0
5  0  1  0  1  0  0  0  1  0
6  0  0  1  0  0  0  0  0  2
7  1  0  0  0  0  0  1  1  0

S_minus:
   1  2  3  4  5  6  7  8  9
1  0  1  1  1  0  0  0  0  0
2  0  0  0  0  0  0  0  0  1
3  0  0  0  0  0  0  1  0  0
4  1  0  0  0  0  0  0  0  0
5  0  0  0  0  1  0  1  0  0
6  1  0  0  0  0  1  0  1  0
7  0  0  1  1  0  0  0  0  1

# Realization 340
S_plus:
   1  2  3  4  5  6  7  8  9
1  1  1  0  0  0  1  0  0  0
2  1  0  0  0  0  0  1  0  0
3  0  0  0  0  1  1  0  0  1
4  0  0  1  1  0  0  0  1  0
5  0  0  0  0  0  0  1  0  0
6  0  0  0  1  0  0  0  0  0

S_minus:
   1  2  3  4  5  6  7  8  9
1  0  0  0  1  0  0  1  1  0
2  0  0  1  0  0  0  0  0  0
3  0  1  0  0  0  0  0  0  0
4  0  0  0  0  0  0  1  0  0
5  0  0  0  0  1  0  0  1  2
6  1  0  0  0  0  1  0  0  0

# Realization 341
S_plus:
   1  2  3  4  5  6
1  0  0  0  1  2  0
2  0  2  1  0  0  1
3  1  0  0  0  0  0

S_minus:
   1  2  3  4  5  6
1  0  1  1  0  0  1
2  1  0  0  1  1  0
3  0  1  0  1  1  1

# Realization 342
S_plus:
   1  2  3  4  5  6  7  8
1  0  0  0  0  0  0  0  1
2  1  1  0  0  0  0  0  0
3  0  0  1  0  0  0  0  0
4  0  0  0  0  1  1  0  0
5  0  0  0  1  0  0  1  0

S_minus:
   1  2  3  4  5  6  7  8
1  0  1  0  0  0  0  1  0
2  0  0  1  0  1  0  0  0
3  0  1  0  0  0  1  0  0
4  1  0  0  2  0  0  0  0
5  0  0  0  0  1  1  0  1

# Realization 343
S_plus:
   1  2  3  4  5  6  7  8
1  0  0  1  0  1  0  0  0
2  1  0  0  2  0  0  0  0
3  0  2  0  0  1  1  1  2

S_minus:
   1  2  3  4  5  6  7  8
1  0  1  0  1  0  0  1  2
2  0  0  0  0  2  2  0  0
3  1  0  1  1  0  0  0  0

# Realization 344
S_plus:
   1   2   3   4   5   6   7   8   9   10
1   0   0   0   0   1   1   0   1   0   0
2   0   1   0   1   0   1   0   0   2   0
3   0   1   0   0   1   0   1   0   0   0
4   1   0   1   0   0   0   0   1   0   1

S_minus:
   1   2   3   4   5   6   7   8   9   10
1   0   0   1   1   0   0   1   0   1   0
2   0   0   0   0   0   0   0   0   0   1
3   1   0   0   0   0   1   0   1   0   0
4   0   1   0   0   2   1   0   0   1   0

# Realization 345
S_plus:
   1  2  3  4  5  6  7
1  0  0  1  0  0  0  0
2  0  0  0  0  1  0  0
3  0  0  1  0  0  1  0
4  1  2  0  0  1  0  1
5  1  0  0  1  0  1  0

S_minus:
   1  2  3  4  5  6  7
1  0  0  0  1  1  0  0
2  1  0  1  0  0  1  0
3  0  1  0  0  1  0  0
4  0  0  1  0  0  0  0
5  0  1  0  0  0  0  1

# Realization 346
S_plus:
   1  2  3  4  5  6  7  8  9
1  0  0  1  0  0  0  0  0  0
2  0  0  0  0  2  0  2  0  0
3  0  1  1  1  0  1  0  1  2
4  2  0  0  0  0  0  0  0  0

S_minus:
   1  2  3  4  5  6  7  8  9
1  1  1  0  0  0  0  2  1  0
2  1  0  1  1  0  0  0  1  1
3  0  0  0  0  2  0  0  0  0
4  0  1  1  0  0  1  0  0  0

# Realization 347
S_plus:
   1   2   3   4   5   6   7   8   9   10  11
1   0   0   0   0   1   0   0   0   0   1   0
2   0   0   0   0   0   0   0   1   0   0   0
3   0   0   0   1   0   0   1   0   1   0   0
4   2   0   0   0   0   1   0   0   0   0   0
5   0   1   0   0   0   0   0   0   0   0   0
6   0   0   0   0   0   0   0   0   0   0   1
7   0   0   1   0   0   0   0   1   1   1   0

S_minus:
   1   2   3   4   5   6   7   8   9   10  11
1   0   1   0   0   0   0   0   0   0   0   1
2   0   0   1   0   0   0   0   0   0   1   0
3   0   0   1   0   0   0   0   0   0   0   0
4   0   0   0   1   0   0   0   0   1   0   1
5   0   0   0   0   1   2   0   1   0   0   0
6   0   1   0   1   0   0   1   1   0   0   0
7   1   0   0   0   0   0   1   0   0   0   0

# Realization 348
S_plus:
   1   2   3   4   5   6   7   8   9   10  11
1   0   0   0   0   0   0   1   0   0   0   0
2   0   0   1   0   0   0   0   1   0   1   0
3   0   0   0   0   0   0   1   0   0   0   0
4   0   0   1   1   0   2   0   0   0   1   0
5   0   1   0   1   0   0   0   0   0   0   1
6   0   0   0   0   0   0   0   0   1   0   0
7   2   0   0   0   1   0   0   0   1   0   0

S_minus:
   1   2   3   4   5   6   7   8   9   10  11
1   1   0   0   0   0   0   0   1   1   0   0
2   0   1   0   1   0   0   1   0   1   0   0
3   0   0   0   0   2   1   0   0   0   1   0
4   0   0   0   0   0   0   0   1   0   0   0
5   0   0   0   0   0   1   0   0   0   0   0
6   0   0   1   1   0   0   0   0   0   0   1
7   0   0   0   0   0   0   0   0   0   0   1

# Realization 349
S_plus:
   1   2   3   4   5   6   7   8   9   10
1   0   0   1   0   0   1   1   0   1   0
2   0   0   0   0   0   0   0   1   0   0
3   1   0   0   0   0   1   0   0   1   0
4   0   0   0   0   1   0   0   0   0   1
5   0   2   0   2   1   0   0   1   0   0

S_minus:
   1   2   3   4   5   6   7   8   9   10
1   0   1   0   0   0   0   0   1   0   1
2   0   1   1   0   0   1   0   0   0   0
3   0   0   0   1   1   0   0   0   0   0
4   1   0   1   1   0   1   1   0   1   0
5   0   0   0   0   0   0   1   0   0   0

# Realization 350
S_plus:
   1  2  3  4  5  6
1  0  0  0  0  1  0
2  1  1  0  0  0  0
3  0  0  0  0  1  1
4  0  0  2  0  0  0
5  0  0  0  1  0  0

S_minus:
   1  2  3  4  5  6
1  0  0  1  2  0  0
2  0  0  0  0  1  0
3  1  1  0  0  0  0
4  0  1  0  0  1  0
5  0  0  0  0  0  2

# Realization 351
S_plus:
   1  2  3  4  5  6  7
1  0  0  0  0  2  0  0
2  2  1  0  2  0  1  2
3  0  1  1  0  0  0  0

S_minus:
   1  2  3  4  5  6  7
1  2  1  2  0  0  1  1
2  0  0  0  0  1  0  0
3  0  0  0  1  1  0  0

# Realization 352
S_plus:
   1   2   3   4   5   6   7   8   9   10
1   0   0   0   0   0   0   1   0   0   1
2   1   0   1   0   1   0   0   1   1   0
3   0   0   0   1   0   0   1   0   0   0
4   0   0   0   0   0   0   0   1   0   0
5   0   2   0   0   0   2   0   0   0   0
6   0   0   0   0   0   0   0   0   1   0

S_minus:
   1   2   3   4   5   6   7   8   9   10
1   0   1   0   1   1   0   0   0   0   0
2   0   0   0   0   0   1   0   0   0   0
3   0   0   1   0   0   1   0   1   0   0
4   1   0   0   0   0   0   2   0   0   1
5   0   0   0   0   0   0   0   0   1   0
6   0   0   1   0   0   0   0   1   0   1

# Realization 353
S_plus:
   1   2   3   4   5   6   7   8   9   10  11
1   0   0   0   0   0   1   0   1   0   0   0
2   2   0   1   1   0   1   1   0   0   1   1
3   0   1   0   1   2   0   0   0   1   0   0

S_minus:
   1   2   3   4   5   6   7   8   9   10  11
1   2   0   2   1   0   0   0   0   2   0   1
2   0   1   0   0   2   0   0   0   0   0   0
3   0   0   0   0   0   2   1   2   0   2   1

# Realization 354
S_plus:
   1  2  3  4  5  6
1  0  0  1  0  1  1
2  0  0  1  0  0  0
3  1  2  0  1  0  0

S_minus:
   1  2  3  4  5  6
1  0  1  0  0  0  0
2  2  1  0  1  1  1
3  0  0  1  0  0  1

# Realization 355
S_plus:
   1  2  3  4  5  6  7  8  9
1  0  0  0  2  1  0  0  2  1
2  1  0  2  0  1  0  1  0  0
3  0  2  0  0  0  2  0  0  0

S_minus:
   1  2  3  4  5  6  7  8  9
1  1  1  1  0  0  0  0  0  0
2  0  0  0  1  0  1  0  2  1
3  1  0  0  1  2  0  1  0  0

# Realization 356
S_plus:
   1   2   3   4   5   6   7   8   9   10
1   0   1   1   0   2   1   0   0   2   0
2   0   0   0   1   0   0   0   0   0   0
3   0   1   0   0   0   0   0   0   0   0
4   1   0   0   1   0   0   1   2   0   2
5   1   0   0   0   0   1   0   0   0   0

S_minus:
   1   2   3   4   5   6   7   8   9   10
1   0   0   0   1   0   0   0   0   0   1
2   1   1   2   0   0   2   0   0   1   0
3   0   0   0   0   2   0   0   1   0   1
4   0   1   0   0   0   0   0   0   0   0
5   0   0   0   0   0   0   2   0   1   0

# Realization 357
S_plus:
   1   2   3   4   5   6   7   8   9   10  11  12
1   0   0   0   0   0   1   0   0   1   0   0   0
2   1   0   0   1   1   0   0   0   1   2   0   0
3   0   2   2   0   0   0   1   0   0   0   1   1
4   0   0   0   0   1   0   1   1   0   0   0   0

S_minus:
   1   2   3   4   5   6   7   8   9   10  11  12
1   2   1   2   1   0   0   1   0   0   1   1   0
2   0   0   0   0   0   0   0   1   0   0   0   1
3   0   0   0   0   1   0   0   1   1   1   0   0
4   0   0   0   1   0   1   0   0   1   0   0   1

# Realization 358
S_plus:
   1   2   3   4   5   6   7   8   9   10  11  12
1   0   0   0   0   1   1   0   1   0   0   1   0
2   1   0   0   0   0   0   0   0   0   0   0   0
3   0   0   0   0   0   0   0   0   0   1   0   0
4   0   0   0   0   1   0   0   0   1   0   0   0
5   0   0   1   0   0   0   1   1   0   0   0   1
6   0   1   1   1   0   0   0   0   0   1   0   0

S_minus:
   1   2   3   4   5   6   7   8   9   10  11  12
1   0   1   0   1   0   0   0   0   0   1   0   1
2   0   0   0   0   1   2   0   0   1   0   0   0
3   0   1   0   0   0   0   0   2   0   0   1   0
4   0   0   1   0   0   0   1   0   0   0   0   0
5   0   0   0   0   1   0   0   0   0   0   1   0
6   1   0   0   0   0   0   0   0   1   0   0   0

# Realization 359
S_plus:
   1   2   3   4   5   6   7   8   9   10  11  12
1   0   0   0   0   1   0   2   0   0   0   0   0
2   0   0   0   1   0   1   0   1   0   1   0   0
3   0   0   0   0   1   0   0   0   0   0   0   0
4   0   0   2   0   0   0   0   0   1   0   0   0
5   1   0   0   0   0   0   0   0   1   0   1   0
6   0   1   0   0   0   0   0   0   0   0   0   1

S_minus:
   1   2   3   4   5   6   7   8   9   10  11  12
1   0   0   0   1   0   0   0   0   1   0   1   0
2   0   0   0   0   1   0   0   0   0   0   1   0
3   0   0   1   0   0   0   0   1   0   0   0   1
4   1   2   0   0   0   0   1   1   0   0   0   0
5   0   0   0   0   0   1   0   0   0   2   0   0
6   0   0   1   0   1   0   1   0   0   0   0   0

# Realization 360
S_plus:
   1  2  3  4  5  6  7
1  0  0  0  0  0  2  0
2  0  0  1  2  0  0  1
3  1  2  0  0  1  0  1

S_minus:
   1  2  3  4  5  6  7
1  2  0  0  0  1  0  1
2  0  2  0  0  0  1  0
3  0  0  1  1  0  1  0

# Realization 361
S_plus:
   1  2  3  4  5  6  7  8  9
1  0  0  1  0  0  1  0  1  1
2  0  0  0  1  0  0  0  0  1
3  0  1  0  0  0  0  1  0  0
4  1  0  0  1  1  1  0  0  0

S_minus:
   1  2  3  4  5  6  7  8  9
1  1  1  0  1  1  0  2  0  0
2  1  1  0  0  0  0  0  1  0
3  0  0  2  1  0  1  0  1  0
4  0  0  0  0  0  0  0  0  1

# Realization 362
S_plus:
   1  2  3  4  5  6
1  0  0  0  1  0  0
2  0  0  2  0  0  0
3  0  0  0  0  1  0
4  1  1  0  1  0  1

S_minus:
   1  2  3  4  5  6
1  1  0  1  0  0  0
2  0  1  0  0  0  0
3  0  0  0  1  0  1
4  0  0  1  0  1  0

# Realization 363
S_plus:
   1  2  3  4  5  6
1  0  0  1  0  0  1
2  1  1  0  0  0  0
3  0  0  1  0  0  0
4  0  1  0  2  1  0

S_minus:
   1  2  3  4  5  6
1  0  1  0  0  0  0
2  0  0  0  1  1  2
3  1  1  0  0  1  0
4  0  0  1  0  0  0

# Realization 364
S_plus:
   1  2  3  4  5  6  7
1  1  0  0  0  0  1  0
2  0  0  0  0  1  0  0
3  0  0  1  0  1  0  0
4  0  0  1  1  0  0  1
5  1  2  0  0  0  1  0

S_minus:
   1  2  3  4  5  6  7
1  0  1  0  0  1  0  0
2  0  0  1  1  0  1  0
3  2  0  0  0  0  0  0
4  0  0  0  0  0  1  0
5  0  0  0  0  1  0  1

# Realization 365
S_plus:
   1   2   3   4   5   6   7   8   9   10
1   0   1   0   0   0   0   0   0   0   0
2   0   0   0   0   0   0   1   0   0   1
3   0   0   0   1   1   1   0   0   0   1
4   0   0   0   0   1   0   0   1   0   0
5   0   1   1   0   0   0   0   0   0   0
6   0   0   0   0   0   0   0   0   1   0
7   0   0   1   0   0   0   0   1   0   0
8   1   0   0   0   0   0   0   0   0   0

S_minus:
   1   2   3   4   5   6   7   8   9   10
1   0   0   0   0   0   0   1   0   0   0
2   0   1   0   0   0   0   0   0   0   0
3   0   0   1   0   0   0   0   1   0   0
4   0   0   0   1   0   0   0   0   0   0
5   0   0   0   0   0   1   0   0   2   0
6   0   0   0   0   0   0   0   0   0   1
7   1   0   0   0   0   0   0   0   0   0
8   0   0   0   0   2   0   0   0   0   0

# Realization 366
S_plus:
   1  2  3  4
1  1  2  2  0
2  0  0  0  1
3  0  0  0  1

S_minus:
   1  2  3  4
1  0  0  0  1
2  2  0  1  0
3  0  1  1  0

# Realization 367
S_plus:
   1  2  3  4  5  6  7
1  0  0  1  0  1  0  0
2  0  2  0  0  0  0  1
3  1  0  0  1  0  0  0
4  0  0  0  0  0  0  1
5  1  0  0  1  0  1  0

S_minus:
   1  2  3  4  5  6  7
1  1  1  0  0  0  1  0
2  0  0  0  2  0  0  0
3  0  0  0  0  0  0  1
4  0  0  0  0  1  1  0
5  0  0  1  0  1  0  0

# Realization 368
S_plus:
   1  2  3  4  5  6  7  8
1  0  0  1  0  0  0  0  0
2  0  0  1  1  1  1  0  1
3  0  1  0  0  0  1  0  0
4  1  0  0  0  0  0  1  0
5  0  0  0  0  1  0  0  0

S_minus:
   1  2  3  4  5  6  7  8
1  0  0  0  0  1  1  0  1
2  1  1  0  0  0  0  1  0
3  0  0  1  1  1  0  0  0
4  0  0  1  0  0  1  0  1
5  0  0  0  0  0  0  1  0

# Realization 369
S_plus:
   1  2  3  4  5  6
1  1  1  1  0  0  0
2  0  0  1  0  0  1
3  0  1  0  1  1  1

S_minus:
   1  2  3  4  5  6
1  0  0  0  2  0  1
2  1  1  0  0  1  0
3  1  0  1  0  0  0

# Realization 370
S_plus:
   1  2  3  4  5  6
1  0  1  0  0  0  1
2  0  0  1  1  0  0
3  1  0  0  0  1  0
4  0  1  0  0  1  0

S_minus:
   1  2  3  4  5  6
1  0  0  0  2  0  0
2  0  1  0  0  1  0
3  0  1  1  0  0  1
4  1  0  1  0  0  0

# Realization 371
S_plus:
   1   2   3   4   5   6   7   8   9   10
1   0   0   0   0   1   0   1   0   0   0
2   1   1   1   0   0   0   1   1   1   0
3   0   0   0   0   0   1   0   0   0   1
4   1   0   0   1   0   1   0   0   1   0

S_minus:
   1   2   3   4   5   6   7   8   9   10
1   1   0   1   0   0   0   0   1   1   0
2   0   0   0   1   0   2   0   0   0   0
3   0   0   0   1   1   0   1   1   1   0
4   0   2   0   0   0   0   1   0   0   2

# Realization 372
S_plus:
   1   2   3   4   5   6   7   8   9   10  11
1   0   0   1   0   1   0   0   0   0   0   0
2   0   0   0   1   0   1   0   0   0   0   0
3   0   0   0   0   0   0   0   0   0   1   0
4   1   0   0   0   0   0   1   1   0   0   0
5   0   1   0   0   0   0   0   0   0   0   0
6   0   1   0   0   0   0   0   1   0   0   1
7   1   0   0   0   0   0   0   0   1   0   0

S_minus:
   1   2   3   4   5   6   7   8   9   10  11
1   0   1   0   0   0   1   0   0   0   0   1
2   0   0   0   0   0   0   1   0   0   1   0
3   0   0   0   1   0   0   0   0   1   0   0
4   0   0   0   0   1   0   0   0   0   0   0
5   1   0   1   0   0   0   0   0   0   0   1
6   0   0   0   0   0   0   1   0   0   0   0
7   0   0   1   0   0   0   0   1   0   0   0

# Realization 373
S_plus:
   1  2  3  4  5  6  7  8
1  2  0  0  0  1  0  2  0
2  0  0  0  1  0  0  0  0
3  0  1  1  0  0  2  0  1

S_minus:
   1  2  3  4  5  6  7  8
1  0  1  2  0  0  2  0  1
2  1  1  0  0  1  0  0  0
3  1  0  0  2  1  0  1  0

# Realization 374
S_plus:
   1   2   3   4   5   6   7   8   9   10  11
1   0   1   0   0   1   2   0   0   0   0   0
2   0   1   2   1   1   0   0   1   1   1   0
3   1   0   0   0   0   0   2   1   0   0   1

S_minus:
   1   2   3   4   5   6   7   8   9   10  11
1   0   0   1   1   0   0   1   2   0   1   0
2   2   0   0   0   0   1   1   0   0   0   1
3   0   1   1   1   2   1   0   0   1   0   0

# Realization 375
S_plus:
   1  2  3  4  5  6  7  8  9
1  0  0  2  1  0  1  0  1  0
2  2  1  0  0  0  0  0  0  1
3  0  0  0  0  2  0  1  1  0

S_minus:
   1  2  3  4  5  6  7  8  9
1  0  0  0  0  1  0  0  0  2
2  0  0  1  0  1  0  2  1  0
3  2  1  1  1  0  2  0  0  0

# Realization 376
S_plus:
   1  2  3  4  5  6  7
1  0  0  0  0  0  0  1
2  1  0  1  0  0  0  0
3  0  2  0  2  0  1  1
4  0  0  0  0  1  1  0

S_minus:
   1  2  3  4  5  6  7
1  0  0  0  1  0  1  0
2  0  0  0  1  0  1  1
3  0  0  1  0  1  0  0
4  1  1  0  0  0  0  0

# Realization 377
S_plus:
   1  2  3  4  5  6  7  8
1  0  2  1  1  0  0  0  1
2  0  0  0  0  2  2  1  0
3  1  0  0  1  0  0  1  0

S_minus:
   1  2  3  4  5  6  7  8
1  1  0  0  0  2  0  1  0
2  1  0  1  1  0  0  0  1
3  0  1  1  0  0  1  0  0

# Realization 378
S_plus:
   1  2  3  4  5  6  7
1  0  0  1  0  0  0  0
2  1  0  0  0  2  1  2
3  0  1  0  0  0  0  0
4  0  0  1  1  0  0  0

S_minus:
   1  2  3  4  5  6  7
1  0  0  0  1  0  0  0
2  0  1  2  1  0  0  0
3  0  0  0  0  0  2  0
4  1  0  0  0  1  0  2

# Realization 379
S_plus:
   1   2   3   4   5   6   7   8   9   10  11  12
1   0   0   0   1   0   0   0   0   1   0   1   0
2   0   0   0   0   0   1   0   1   0   0   1   1
3   1   0   1   0   1   0   0   0   0   0   0   1
4   1   0   0   0   0   0   1   0   0   0   0   0
5   0   1   0   0   1   0   0   1   0   1   0   0
6   0   0   0   1   0   0   0   0   0   0   0   0

S_minus:
   1   2   3   4   5   6   7   8   9   10  11  12
1   0   0   0   0   1   0   0   0   0   1   0   2
2   1   0   0   0   0   0   1   0   0   0   0   0
3   0   0   0   0   0   0   1   0   1   0   0   0
4   0   1   1   1   0   0   0   1   0   0   0   0
5   0   0   0   1   0   1   0   0   0   0   1   0
6   0   0   0   0   0   1   0   0   1   1   0   0

# Realization 380
S_plus:
   1   2   3   4   5   6   7   8   9   10  11  12
1   0   1   0   1   0   0   1   0   0   0   0   1
2   1   1   0   0   1   0   0   1   0   0   1   1
3   0   0   0   0   0   0   0   0   0   1   0   0
4   1   0   1   0   0   2   0   0   1   0   0   0
5   0   0   1   0   0   0   1   0   0   0   0   0

S_minus:
   1   2   3   4   5   6   7   8   9   10  11  12
1   2   0   1   0   1   0   0   0   0   0   0   0
2   0   0   0   0   0   1   1   0   0   1   0   0
3   0   0   1   1   0   1   0   0   1   0   1   0
4   0   0   0   0   0   0   0   0   0   1   0   1
5   0   1   0   1   0   0   0   2   0   0   0   1

# Realization 381
S_plus:
   1   2   3   4   5   6   7   8   9   10
1   2   1   0   0   0   1   0   1   1   0
2   0   1   0   1   1   0   0   0   0   1
3   0   0   0   1   0   0   0   0   0   0
4   0   0   1   0   1   0   2   0   0   0

S_minus:
   1   2   3   4   5   6   7   8   9   10
1   0   0   0   1   1   0   0   0   0   0
2   0   0   1   0   0   1   0   2   1   0
3   0   1   0   0   0   0   2   0   0   0
4   1   0   0   0   0   0   0   0   1   2

# Realization 382
S_plus:
   1  2  3  4  5  6  7  8  9
1  1  1  1  0  0  0  0  0  1
2  0  0  1  1  1  2  1  0  0
3  0  1  0  1  0  0  0  2  0

S_minus:
   1  2  3  4  5  6  7  8  9
1  0  0  0  1  0  0  1  1  0
2  0  1  0  0  0  0  0  0  1
3  1  0  1  0  1  2  0  0  0

# Realization 383
S_plus:
   1   2   3   4   5   6   7   8   9   10  11  12
1   1   1   0   1   0   0   0   0   0   0   0   1
2   1   1   0   1   0   0   1   0   1   0   0   0
3   0   0   2   0   0   1   1   2   0   2   0   0
4   0   0   0   0   2   1   0   0   0   0   1   0

S_minus:
   1   2   3   4   5   6   7   8   9   10  11  12
1   0   0   0   0   0   1   0   1   1   1   2   0
2   0   0   1   0   0   0   0   0   0   1   0   1
3   0   1   0   0   1   0   0   0   0   0   0   0
4   1   1   0   2   0   0   2   0   0   0   0   0

# Realization 384
S_plus:
   1  2  3  4  5  6  7  8
1  1  2  0  0  0  1  0  0
2  0  0  0  1  0  1  1  0
3  0  0  1  0  1  0  0  1

S_minus:
   1  2  3  4  5  6  7  8
1  0  0  0  1  0  0  0  1
2  1  2  2  0  1  0  0  0
3  1  0  0  1  0  2  2  0

# Realization 385
S_plus:
   1  2  3  4  5  6  7
1  0  0  1  0  2  1  0
2  0  0  0  1  0  0  1
3  2  1  0  0  0  0  0

S_minus:
   1  2  3  4  5  6  7
1  1  0  0  2  0  0  0
2  0  1  0  0  1  1  0
3  0  0  1  0  1  1  1

# Realization 386
S_plus:
   1  2  3  4  5  6
1  1  0  0  0  0  0
2  0  1  0  1  0  0
3  0  0  1  0  1  2

S_minus:
   1  2  3  4  5  6
1  0  0  0  2  1  1
2  0  0  1  0  1  0
3  1  1  0  0  0  0

# Realization 387
S_plus:
   1   2   3   4   5   6   7   8   9   10
1   1   0   1   1   1   0   2   0   0   0
2   0   0   0   1   0   1   0   0   1   1
3   0   1   0   0   1   0   0   1   1   1

S_minus:
   1   2   3   4   5   6   7   8   9   10
1   0   2   0   0   0   2   0   1   2   1
2   1   0   0   0   1   0   1   1   0   0
3   1   0   1   1   0   0   1   0   0   0

# Realization 388
S_plus:
   1  2  3  4  5
1  0  0  1  0  0
2  0  0  0  1  1
3  0  2  1  0  1
4  1  0  0  1  0

S_minus:
   1  2  3  4  5
1  0  1  0  0  0
2  2  0  1  0  0
3  0  0  0  1  0
4  0  1  1  0  1

# Realization 389
S_plus:
   1   2   3   4   5   6   7   8   9   10  11
1   0   1   0   0   0   0   0   1   1   0   0
2   0   0   0   0   0   1   0   1   0   1   0
3   0   0   1   0   0   0   0   0   0   0   0
4   2   0   0   1   0   1   1   0   1   1   1
5   0   0   0   0   1   0   0   0   0   0   0

S_minus:
   1   2   3   4   5   6   7   8   9   10  11
1   1   0   0   0   1   0   0   0   0   0   0
2   1   0   0   2   0   0   1   0   2   0   0
3   0   1   0   0   1   0   0   1   0   1   0
4   0   0   1   0   0   0   0   1   0   0   0
5   0   0   0   0   0   2   0   0   0   1   1

# Realization 390
S_plus:
   1  2  3  4  5  6  7
1  0  1  1  1  0  1  0
2  0  0  0  0  0  0  1
3  1  0  1  0  1  1  0

S_minus:
   1  2  3  4  5  6  7
1  1  0  0  0  0  0  2
2  0  1  1  1  1  2  0
3  0  1  0  0  0  0  0

# Realization 391
S_plus:
   1   2   3   4   5   6   7   8   9   10
1   0   0   1   1   0   0   0   0   0   0
2   1   0   1   0   0   0   0   0   0   0
3   0   1   0   1   1   1   1   0   0   0
4   1   0   0   0   0   0   0   0   1   0
5   0   1   0   0   1   0   0   1   0   1

S_minus:
   1   2   3   4   5   6   7   8   9   10
1   1   1   0   0   0   1   0   1   0   1
2   0   0   0   0   2   1   2   0   0   1
3   1   0   0   0   0   0   0   0   1   0
4   0   1   0   1   0   0   0   0   0   0
5   0   0   1   1   0   0   0   0   0   0

# Realization 392
S_plus:
   1  2  3  4  5  6  7  8
1  1  2  1  0  0  0  1  0
2  1  0  0  0  0  0  1  1
3  0  0  0  1  2  1  0  1

S_minus:
   1  2  3  4  5  6  7  8
1  0  0  0  1  0  0  0  1
2  0  1  1  1  1  1  0  0
3  2  0  0  0  0  0  1  0

# Realization 393
S_plus:
   1   2   3   4   5   6   7   8   9   10  11  12
1   1   1   0   0   1   0   0   0   0   0   0   0
2   0   0   0   0   0   0   0   0   0   1   0   2
3   0   0   0   1   0   1   1   1   0   0   1   0
4   0   0   0   0   1   0   0   1   1   1   1   0
5   0   0   1   1   0   1   0   0   0   0   0   0

S_minus:
   1   2   3   4   5   6   7   8   9   10  11  12
1   0   0   0   0   0   0   1   1   0   0   0   1
2   0   1   0   1   0   0   0   0   0   0   0   0
3   0   0   1   0   0   0   0   0   1   1   0   0
4   1   0   1   0   0   1   0   0   0   0   0   0
5   0   0   0   0   1   0   0   1   1   0   2   0

# Realization 394
S_plus:
   1   2   3   4   5   6   7   8   9   10  11
1   1   0   1   0   0   1   1   1   0   1   0
2   0   0   0   2   1   0   0   0   0   0   1
3   0   2   0   0   0   1   0   0   1   0   0

S_minus:
   1   2   3   4   5   6   7   8   9   10  11
1   0   1   0   1   1   0   0   0   1   0   1
2   1   1   1   0   0   1   0   2   0   0   0
3   0   0   1   1   0   0   1   0   0   2   1

# Realization 395
S_plus:
   1  2  3  4  5  6
1  0  1  0  0  1  0
2  0  1  0  0  0  0
3  0  0  0  1  0  0
4  1  0  1  0  0  1
5  1  0  0  0  1  0

S_minus:
   1  2  3  4  5  6
1  0  0  1  0  0  1
2  0  0  1  0  0  0
3  1  0  0  0  1  1
4  0  1  0  1  0  0
5  0  0  0  1  0  0

# Realization 396
S_plus:
   1  2  3  4  5  6  7  8  9
1  0  0  0  0  2  0  1  0  0
2  0  2  1  0  0  0  0  2  1
3  2  0  0  1  0  1  0  0  0

S_minus:
   1  2  3  4  5  6  7  8  9
1  0  1  1  0  0  2  0  2  0
2  2  0  0  1  1  0  1  0  0
3  0  0  1  0  1  0  1  0  2

# Realization 397
S_plus:
   1  2  3  4  5  6
1  0  0  0  1  0  0
2  0  0  2  1  1  1
3  2  1  0  0  1  0

S_minus:
   1  2  3  4  5  6
1  0  2  1  0  1  1
2  1  0  0  0  0  0
3  0  0  0  1  0  1

# Realization 398
S_plus:
   1  2  3  4  5  6  7  8  9
1  0  0  2  1  1  0  1  0  1
2  0  0  0  0  1  1  0  1  0
3  1  2  0  1  0  0  0  0  0

S_minus:
   1  2  3  4  5  6  7  8  9
1  1  1  0  0  0  1  0  0  0
2  1  1  1  2  0  0  1  0  1
3  0  0  1  0  2  0  0  1  1

# Realization 399
S_plus:
   1  2  3  4  5  6
1  0  0  1  1  0  0
2  1  0  0  0  0  0
3  0  0  1  0  1  0
4  1  1  0  0  0  1
5  0  0  0  0  0  1

S_minus:
   1  2  3  4  5  6
1  0  0  0  0  1  1
2  0  0  1  0  0  0
3  1  2  0  0  0  1
4  0  0  0  1  1  0
5  0  0  1  1  0  0

# Realization 400
S_plus:
   1  2  3  4  5  6  7  8  9
1  0  0  0  0  0  0  0  1  1
2  0  1  0  0  0  1  0  0  1
3  0  0  2  1  1  1  0  0  0
4  1  0  0  0  1  0  0  0  0
5  0  0  0  0  0  0  1  1  0

S_minus:
   1  2  3  4  5  6  7  8  9
1  0  0  1  1  0  1  0  0  0
2  0  0  0  0  1  0  1  0  0
3  1  0  0  0  0  0  1  1  1
4  0  1  1  1  0  0  0  0  0
5  1  0  0  0  1  0  0  0  0

# Realization 401
S_plus:
   1  2  3  4  5  6  7  8  9
1  0  0  0  1  0  0  0  0  1
2  0  1  0  0  0  0  1  0  0
3  1  0  1  1  0  0  0  0  0
4  1  0  0  0  1  0  0  0  0
5  0  0  0  0  0  2  1  1  0
6  0  0  1  0  0  0  0  0  0

S_minus:
   1  2  3  4  5  6  7  8  9
1  0  1  0  0  0  1  0  0  0
2  1  0  0  1  0  0  0  2  0
3  0  0  0  0  0  0  1  0  0
4  0  0  1  0  0  0  0  0  0
5  1  0  0  0  1  0  0  0  1
6  0  0  0  0  0  0  1  0  0

# Realization 402
S_plus:
   1   2   3   4   5   6   7   8   9   10
1   0   0   0   0   0   0   1   1   1   1
2   0   1   0   1   0   0   0   0   0   0
3   0   0   0   0   0   0   1   0   0   0
4   2   0   0   0   2   0   0   0   0   0
5   0   0   0   0   0   1   0   0   1   0
6   0   0   1   0   0   1   0   0   0   0

S_minus:
   1   2   3   4   5   6   7   8   9   10
1   0   0   0   0   0   1   0   0   0   0
2   0   0   0   0   2   0   1   0   1   0
3   1   0   0   0   0   1   0   1   1   0
4   0   0   1   1   0   0   0   0   0   1
5   0   0   0   0   0   0   1   0   0   0
6   1   2   0   0   0   0   0   0   0   0

# Realization 403
S_plus:
   1  2  3  4  5  6  7  8
1  0  0  0  0  1  0  0  0
2  0  0  1  0  0  0  0  0
3  0  0  0  0  0  1  0  0
4  0  0  0  0  1  0  0  2
5  2  0  0  0  0  0  2  0
6  0  1  0  1  0  0  0  0

S_minus:
   1  2  3  4  5  6  7  8
1  0  0  0  0  0  1  0  1
2  0  0  0  0  0  0  1  0
3  0  1  0  2  1  0  0  0
4  1  1  0  0  0  0  0  0
5  0  0  1  0  0  0  0  1
6  0  0  0  0  1  0  1  0

# Realization 404
S_plus:
   1  2  3  4  5  6  7  8
1  0  0  1  0  1  0  0  2
2  1  0  0  1  0  1  1  0
3  0  0  1  0  0  0  0  0
4  0  2  0  1  0  1  0  0

S_minus:
   1  2  3  4  5  6  7  8
1  0  1  0  0  0  1  1  0
2  0  0  1  0  0  0  0  0
3  1  0  0  1  0  0  0  1
4  0  0  0  0  1  0  0  1

# Realization 405
S_plus:
   1   2   3   4   5   6   7   8   9   10  11
1   0   0   1   0   0   0   0   2   0   0   0
2   0   0   0   0   0   0   0   0   0   2   1
3   0   1   0   0   1   1   0   0   2   0   1
4   0   0   0   1   0   0   1   0   0   0   0
5   2   1   0   1   0   0   0   0   0   0   0

S_minus:
   1   2   3   4   5   6   7   8   9   10  11
1   0   1   0   1   1   1   0   0   0   0   0
2   0   1   0   0   1   0   0   0   1   0   0
3   1   0   1   0   0   0   1   0   0   1   0
4   1   0   0   0   0   0   0   0   0   0   0
5   0   0   1   0   0   0   1   1   1   1   1

# Realization 406
S_plus:
   1   2   3   4   5   6   7   8   9   10  11  12
1   0   1   0   0   0   0   1   0   1   0   0   0
2   0   0   1   0   0   0   0   0   0   0   0   0
3   1   0   0   0   0   0   0   0   0   0   1   0
4   0   1   0   0   1   1   0   0   0   1   0   0
5   0   0   0   0   0   0   0   0   0   0   0   1
6   0   0   0   0   0   1   0   0   0   0   0   0
7   1   0   0   1   0   0   0   1   0   0   0   0
8   0   0   1   0   0   0   0   0   0   0   0   1

S_minus:
   1   2   3   4   5   6   7   8   9   10  11  12
1   0   0   0   1   0   0   0   0   0   0   0   0
2   0   0   0   0   1   1   0   0   0   0   0   1
3   0   0   0   0   0   0   1   1   0   0   0   1
4   0   0   0   0   0   0   1   0   0   0   0   0
5   1   0   0   1   0   0   0   1   0   0   1   0
6   0   1   0   0   0   0   0   0   0   0   1   0
7   0   0   1   0   0   0   0   0   0   1   0   0
8   1   0   0   0   0   0   0   0   1   1   0   0

# Realization 407
S_plus:
   1   2   3   4   5   6   7   8   9   10  11  12
1   0   0   0   0   1   0   1   0   1   1   0   0
2   1   0   1   2   0   0   0   0   1   0   2   1
3   0   2   1   0   0   1   1   1   0   0   0   1
4   0   0   0   0   0   1   0   0   0   0   0   0

S_minus:
   1   2   3   4   5   6   7   8   9   10  11  12
1   1   1   1   0   0   1   0   0   0   0   1   2
2   0   0   0   0   1   0   1   0   0   1   0   0
3   1   0   0   1   0   0   0   0   1   1   1   0
4   0   1   1   1   0   0   0   1   1   0   0   0

# Realization 408
S_plus:
   1   2   3   4   5   6   7   8   9   10  11
1   0   0   0   1   0   0   0   1   0   0   0
2   0   0   0   0   0   0   0   1   1   0   0
3   1   0   0   0   0   1   0   0   0   1   1
4   0   2   1   0   0   0   1   0   0   1   0
5   0   0   0   0   1   1   0   0   0   0   1

S_minus:
   1   2   3   4   5   6   7   8   9   10  11
1   0   0   0   0   0   1   0   0   0   0   0
2   0   0   1   0   1   0   0   0   0   1   0
3   0   0   0   1   0   0   1   1   0   0   0
4   1   0   0   0   0   1   0   0   1   0   1
5   0   1   0   0   0   0   0   0   0   0   0

# Realization 409
S_plus:
   1  2  3  4  5  6  7  8  9
1  1  0  0  0  0  0  1  1  0
2  1  0  0  1  0  0  0  0  0
3  0  0  1  0  0  1  0  0  0
4  0  0  0  0  1  0  0  1  1
5  0  1  0  0  0  0  1  0  0

S_minus:
   1  2  3  4  5  6  7  8  9
1  0  1  0  0  1  0  0  0  0
2  0  0  1  0  0  1  0  1  0
3  1  0  0  0  0  0  1  0  0
4  0  1  1  0  0  0  0  0  0
5  0  0  0  1  0  1  0  1  2

# Realization 410
S_plus:
   1   2   3   4   5   6   7   8   9   10
1   0   0   0   1   1   0   1   0   0   1
2   0   0   0   0   0   1   0   0   0   0
3   1   1   0   0   0   0   0   0   0   0
4   0   0   0   0   1   0   0   0   0   0
5   0   1   1   0   0   0   0   1   0   0
6   0   0   0   0   0   0   0   0   2   0

S_minus:
   1   2   3   4   5   6   7   8   9   10
1   0   0   0   0   0   0   0   0   1   0
2   0   0   1   0   0   0   0   2   1   1
3   0   0   0   0   0   1   0   0   0   0
4   0   1   0   1   0   0   0   0   0   1
5   0   0   0   0   1   0   0   0   0   0
6   1   0   0   0   1   0   1   0   0   0

# Realization 411
S_plus:
   1  2  3  4  5  6  7  8  9
1  0  0  0  0  0  0  0  0  1
2  0  0  0  1  1  1  0  2  0
3  0  0  0  0  0  1  0  0  0
4  1  2  1  0  0  0  1  0  0

S_minus:
   1  2  3  4  5  6  7  8  9
1  0  0  1  1  0  0  2  1  0
2  0  2  0  0  0  0  0  0  0
3  1  0  1  0  2  0  0  0  2
4  0  0  0  1  0  2  0  1  0

# Realization 412
S_plus:
   1   2   3   4   5   6   7   8   9   10
1   0   0   1   0   2   0   1   1   1   0
2   0   1   0   1   0   1   0   1   0   2
3   1   1   0   0   0   0   1   0   1   0

S_minus:
   1   2   3   4   5   6   7   8   9   10
1   2   2   0   0   0   1   0   0   0   1
2   0   0   1   0   0   0   2   0   1   0
3   0   0   0   1   1   0   0   1   0   1

# Realization 413
S_plus:
   1  2  3  4  5  6  7
1  2  0  0  1  0  0  0
2  0  1  0  0  1  0  0
3  0  0  1  0  1  2  1

S_minus:
   1  2  3  4  5  6  7
1  0  0  1  0  2  2  0
2  1  0  0  0  0  0  1
3  1  1  0  1  0  0  0

# Realization 414
S_plus:
   1   2   3   4   5   6   7   8   9   10  11  12
1   0   0   0   1   1   0   0   0   0   0   1   0
2   0   1   0   0   0   0   0   1   0   0   0   0
3   0   0   0   0   0   2   1   1   1   1   0   0
4   1   0   1   0   0   0   1   0   0   0   0   1
5   0   0   0   1   0   0   0   0   0   0   0   0

S_minus:
   1   2   3   4   5   6   7   8   9   10  11  12
1   1   0   0   0   0   0   0   0   1   0   0   1
2   1   0   1   0   0   0   0   0   0   0   0   0
3   0   0   0   1   0   0   0   0   0   0   0   0
4   0   0   0   0   0   0   0   1   0   0   1   0
5   0   1   0   0   1   1   1   0   0   1   0   1

# Realization 415
S_plus:
   1   2   3   4   5   6   7   8   9   10  11  12
1   0   0   0   0   0   0   0   0   0   1   0   0
2   0   0   0   0   0   0   0   0   1   0   1   0
3   0   0   0   0   0   1   0   0   0   0   0   1
4   0   0   0   0   0   0   0   0   0   0   0   1
5   1   0   0   0   0   0   1   0   0   0   0   0
6   0   0   0   0   0   0   0   1   0   0   0   0
7   0   0   0   0   0   1   0   0   0   0   1   0
8   0   0   0   1   0   0   1   0   0   0   0   0
9   0   1   2   0   1   0   0   1   0   0   0   0

S_minus:
   1   2   3   4   5   6   7   8   9   10  11  12
1   0   0   0   1   0   0   1   0   0   0   0   0
2   0   0   0   1   1   0   0   0   0   0   0   0
3   0   0   0   0   0   0   0   0   1   1   0   0
4   0   0   0   0   0   1   0   0   0   0   1   0
5   0   0   0   0   1   1   0   0   0   1   0   0
6   0   1   1   0   0   0   0   0   1   0   0   0
7   2   0   1   0   0   0   0   1   0   0   0   0
8   0   0   0   0   0   0   0   0   0   0   1   0
9   0   0   0   0   0   0   0   0   0   0   0   1

# Realization 416
S_plus:
   1  2  3  4  5  6  7
1  0  0  0  1  0  1  0
2  2  1  0  1  0  0  0
3  0  0  1  0  1  0  2

S_minus:
   1  2  3  4  5  6  7
1  1  0  2  0  0  0  0
2  0  0  0  0  1  1  2
3  0  1  0  1  0  0  0

# Realization 417
S_plus:
   1   2   3   4   5   6   7   8   9   10  11
1   0   1   0   0   1   0   1   0   0   0   0
2   0   0   2   0   0   0   0   0   0   1   0
3   1   0   0   1   0   1   0   1   1   0   2
4   0   0   0   0   0   0   0   1   0   0   0

S_minus:
   1   2   3   4   5   6   7   8   9   10  11
1   0   0   0   1   0   1   0   0   2   0   1
2   1   0   0   0   0   0   0   2   0   0   0
3   0   0   0   0   0   0   1   0   0   1   0
4   0   2   1   0   1   1   0   0   0   1   0

# Realization 418
S_plus:
   1   2   3   4   5   6   7   8   9   10  11
1   0   0   0   0   0   0   1   1   0   0   0
2   1   1   0   0   0   0   0   0   1   0   0
3   0   0   0   1   1   0   0   0   0   0   0
4   0   0   1   0   0   0   0   0   0   0   0
5   0   0   0   0   0   1   0   0   0   0   0
6   1   0   0   0   0   1   0   0   0   1   0
7   0   0   0   0   0   0   1   0   0   0   1

S_minus:
   1   2   3   4   5   6   7   8   9   10  11
1   0   0   0   0   0   0   0   0   1   0   0
2   0   0   1   0   0   0   0   1   0   0   0
3   0   0   0   0   0   0   1   0   0   0   0
4   1   1   0   0   0   1   1   0   0   0   0
5   0   0   0   1   0   0   0   0   0   0   1
6   0   1   0   0   0   0   0   0   0   0   0
7   0   0   1   0   1   0   0   0   0   1   0

# Realization 419
S_plus:
   1  2  3  4  5  6  7  8  9
1  0  0  0  1  2  1  1  0  2
2  0  1  1  0  0  0  0  1  0
3  1  0  0  0  0  1  0  1  0

S_minus:
   1  2  3  4  5  6  7  8  9
1  0  1  1  0  0  0  0  2  0
2  1  0  0  1  0  1  0  0  1
3  0  1  0  0  1  0  2  0  0

# Realization 420
S_plus:
   1   2   3   4   5   6   7   8   9   10  11  12
1   0   0   0   0   1   0   1   0   0   0   0   0
2   1   2   1   1   0   0   0   1   0   0   1   0
3   0   0   0   0   0   1   0   1   1   0   0   0
4   0   0   1   1   1   0   0   0   0   1   0   1

S_minus:
   1   2   3   4   5   6   7   8   9   10  11  12
1   1   0   1   0   0   0   0   1   1   1   0   1
2   0   0   0   0   1   1   1   0   0   0   0   0
3   1   1   1   1   1   0   0   0   0   0   2   1
4   0   1   0   0   0   0   0   1   0   0   0   0

# Realization 421
S_plus:
   1  2  3  4  5  6  7  8  9
1  0  0  0  0  0  1  0  0  0
2  2  0  0  0  0  0  1  1  2
3  0  0  0  0  0  1  0  0  0
4  0  1  0  1  1  0  1  0  0
5  0  0  2  0  0  0  0  1  0

S_minus:
   1  2  3  4  5  6  7  8  9
1  0  1  0  0  1  0  0  1  0
2  0  0  0  0  1  0  0  0  0
3  0  0  1  1  0  0  1  0  0
4  0  0  0  0  0  1  0  1  1
5  2  0  0  0  0  0  0  0  0

# Realization 422
S_plus:
   1  2  3
1  0  1  0
2  0  1  0
3  1  0  1

S_minus:
   1  2  3
1  1  0  0
2  1  0  2
3  0  1  0

# Realization 423
S_plus:
   1   2   3   4   5   6   7   8   9   10  11
1   0   0   1   0   0   1   2   0   1   0   2
2   0   0   1   0   0   0   0   0   0   2   0
3   2   1   0   2   2   1   0   2   0   0   0

S_minus:
   1   2   3   4   5   6   7   8   9   10  11
1   0   1   0   1   1   0   0   0   0   1   0
2   1   1   0   0   1   1   1   2   1   0   0
3   0   0   1   0   0   0   1   0   0   1   1

# Realization 424
S_plus:
   1  2  3  4  5  6  7
1  0  0  1  0  0  0  0
2  1  1  0  0  1  0  0
3  1  0  0  1  0  0  0
4  0  0  0  1  0  0  0
5  0  0  0  0  0  1  1

S_minus:
   1  2  3  4  5  6  7
1  0  0  0  1  1  0  0
2  0  0  1  1  0  1  0
3  0  1  0  0  0  0  1
4  0  1  0  0  0  1  0
5  2  0  0  0  1  0  0

# Realization 425
S_plus:
   1   2   3   4   5   6   7   8   9   10  11
1   0   0   0   0   1   1   0   2   0   0   0
2   0   0   0   1   0   0   0   0   0   0   0
3   0   1   0   0   0   1   0   0   1   0   0
4   1   0   1   0   0   0   0   0   0   1   0
5   0   0   0   0   0   0   1   0   0   0   0
6   0   0   0   0   1   0   0   0   1   0   0
7   1   0   1   0   0   0   0   0   0   0   0
8   0   0   0   0   0   0   0   0   0   0   1

S_minus:
   1   2   3   4   5   6   7   8   9   10  11
1   1   0   0   0   0   0   0   0   0   1   1
2   0   0   0   0   0   1   0   0   0   0   0
3   0   0   0   0   1   0   0   0   0   0   0
4   0   0   0   0   0   0   0   1   0   0   0
5   0   1   0   0   0   0   0   0   1   0   0
6   1   0   0   0   0   0   0   1   0   0   1
7   0   0   0   1   0   0   0   0   0   1   0
8   0   0   1   0   0   0   1   0   1   0   0

# Realization 426
S_plus:
   1  2  3  4  5  6  7
1  1  0  0  0  2  0  0
2  1  0  2  0  0  0  1
3  0  1  0  1  0  1  1

S_minus:
   1  2  3  4  5  6  7
1  0  0  1  1  0  0  2
2  0  2  0  1  1  1  0
3  2  0  1  0  1  0  0

# Realization 427
S_plus:
   1  2  3  4  5  6  7  8  9
1  0  0  0  1  0  1  0  1  1
2  0  1  2  1  0  0  0  0  1
3  1  0  0  0  1  0  1  0  0

S_minus:
   1  2  3  4  5  6  7  8  9
1  1  0  1  0  2  0  0  0  0
2  0  0  0  0  0  1  1  0  0
3  0  2  1  2  0  1  0  1  1

# Realization 428
S_plus:
   1  2  3  4  5  6  7
1  1  1  0  0  1  0  0
2  0  0  1  0  1  1  0
3  0  1  0  0  0  1  2
4  1  0  0  1  0  0  0

S_minus:
   1  2  3  4  5  6  7
1  0  0  1  0  0  0  1
2  1  0  0  0  0  0  0
3  1  0  0  2  0  0  0
4  0  1  0  0  2  1  1

# Realization 429
S_plus:
   1   2   3   4   5   6   7   8   9   10  11
1   0   0   0   0   1   0   0   0   0   0   0
2   0   0   2   0   0   1   0   0   0   0   0
3   1   0   0   0   0   0   0   0   1   1   0
4   0   0   0   0   1   0   1   1   0   0   0
5   1   0   0   1   0   0   0   1   0   0   0
6   0   0   0   1   0   0   0   0   1   0   0
7   0   1   0   0   0   0   0   0   0   0   1

S_minus:
   1   2   3   4   5   6   7   8   9   10  11
1   0   1   0   0   0   0   0   0   1   0   0
2   1   0   0   0   0   0   1   2   0   0   0
3   0   0   1   1   0   0   0   0   0   0   0
4   1   0   1   0   0   0   0   0   0   1   0
5   0   0   0   0   0   2   0   0   0   0   0
6   0   0   0   0   0   0   0   0   0   1   1
7   0   0   0   1   1   0   1   0   0   0   0

# Realization 430
S_plus:
   1  2  3  4  5  6  7  8  9
1  0  2  1  0  0  0  0  1  0
2  1  0  0  0  0  0  0  0  0
3  0  0  1  0  0  0  1  0  1
4  0  0  0  2  2  1  0  0  0

S_minus:
   1  2  3  4  5  6  7  8  9
1  0  0  0  0  0  0  1  0  0
2  0  0  1  0  1  0  0  0  0
3  0  0  0  1  0  1  0  0  0
4  2  2  1  0  0  0  1  2  2

# Realization 431
S_plus:
   1  2  3  4  5  6  7  8  9
1  1  0  0  1  1  0  1  0  0
2  0  1  1  1  0  0  0  1  0
3  0  0  1  0  0  1  1  0  1
4  1  1  0  0  0  0  0  0  0

S_minus:
   1  2  3  4  5  6  7  8  9
1  0  0  1  0  0  1  0  0  0
2  1  0  0  0  1  0  0  0  1
3  0  1  0  0  1  0  0  1  0
4  0  0  1  1  0  1  1  0  1

# Realization 432
S_plus:
   1  2  3  4  5  6  7  8
1  0  1  1  0  0  0  2  1
2  0  1  0  0  0  0  0  1
3  0  0  0  0  1  0  0  0
4  1  0  0  1  0  2  0  0

S_minus:
   1  2  3  4  5  6  7  8
1  1  0  0  1  0  0  0  0
2  1  0  0  0  1  1  2  0
3  0  1  1  0  0  1  0  0
4  0  1  1  0  0  0  0  2

# Realization 433
S_plus:
   1  2  3  4  5  6  7
1  0  2  2  0  0  0  1
2  0  0  0  1  2  1  0
3  1  0  0  0  0  0  0

S_minus:
   1  2  3  4  5  6  7
1  1  0  0  0  0  0  0
2  0  1  1  0  0  0  1
3  0  1  0  1  2  2  1

# Realization 434
S_plus:
   1  2  3  4  5  6  7  8
1  1  0  0  0  0  0  0  0
2  0  1  0  0  0  0  0  0
3  1  1  0  1  0  0  0  0
4  0  0  0  1  0  0  0  0
5  0  0  0  0  0  1  1  0
6  0  0  1  0  1  0  0  1
7  0  0  0  0  0  0  0  1

S_minus:
   1  2  3  4  5  6  7  8
1  0  0  0  0  0  0  1  1
2  0  0  0  1  0  0  0  0
3  0  0  0  0  0  1  0  0
4  1  1  1  0  0  1  0  0
5  0  0  0  0  1  0  0  0
6  0  1  0  0  0  0  0  0
7  0  0  0  1  1  0  0  0

# Realization 435
S_plus:
   1  2  3  4  5  6
1  0  0  0  0  1  1
2  1  0  0  2  0  1
3  0  1  1  0  0  0

S_minus:
   1  2  3  4  5  6
1  0  1  1  1  0  0
2  0  1  0  0  1  0
3  1  0  0  1  1  1

# Realization 436
S_plus:
   1  2  3  4  5  6  7
1  1  1  0  1  0  0  0
2  0  1  2  0  1  0  0
3  0  0  0  1  0  2  1

S_minus:
   1  2  3  4  5  6  7
1  0  0  1  0  0  1  0
2  0  0  0  2  0  1  1
3  2  1  0  0  2  0  0

# Realization 437
S_plus:
   1  2  3  4  5  6
1  0  0  0  0  1  0
2  0  2  0  0  0  0
3  1  0  2  1  0  1

S_minus:
   1  2  3  4  5  6
1  2  1  1  1  0  0
2  0  0  0  1  0  1
3  0  1  0  0  1  0

# Realization 438
S_plus:
   1  2  3  4  5  6
1  1  0  0  2  1  0
2  0  2  0  0  0  0
3  0  0  1  0  1  2

S_minus:
   1  2  3  4  5  6
1  0  1  1  0  0  0
2  1  0  1  0  1  2
3  0  1  0  1  0  0

# Realization 439
S_plus:
   1  2  3  4  5  6
1  1  1  0  0  0  0
2  1  0  0  1  2  1
3  0  0  2  1  0  0

S_minus:
   1  2  3  4  5  6
1  0  0  1  2  2  0
2  0  2  1  0  0  0
3  1  0  0  0  0  1

# Realization 440
S_plus:
   1   2   3   4   5   6   7   8   9   10  11
1   0   0   0   2   0   0   0   1   0   1   0
2   1   0   1   0   1   1   0   0   2   0   1
3   0   0   0   0   0   0   1   0   0   0   0
4   1   1   1   0   1   1   0   0   0   1   0

S_minus:
   1   2   3   4   5   6   7   8   9   10  11
1   1   0   1   0   2   0   0   0   0   0   1
2   0   0   0   0   0   0   1   1   0   0   0
3   1   1   0   1   0   1   0   0   0   1   0
4   0   0   0   0   0   0   1   1   1   0   0

# Realization 441
S_plus:
   1   2   3   4   5   6   7   8   9   10  11
1   0   1   0   0   0   0   0   0   1   1   0
2   0   0   0   0   1   2   0   1   0   0   0
3   1   1   0   0   0   0   0   1   0   0   0
4   1   0   1   1   1   0   1   0   1   0   1

S_minus:
   1   2   3   4   5   6   7   8   9   10  11
1   1   0   1   0   1   0   0   0   0   0   0
2   1   1   1   1   0   0   0   0   0   0   2
3   0   0   0   0   0   1   1   0   1   1   0
4   0   1   0   0   0   0   0   1   0   1   0

# Realization 442
S_plus:
   1  2  3  4  5
1  0  0  0  1  0
2  0  0  0  0  1
3  2  0  1  0  0
4  0  2  0  0  1

S_minus:
   1  2  3  4  5
1  0  1  1  0  0
2  0  1  1  2  0
3  0  0  0  0  2
4  2  0  0  0  0

# Realization 443
S_plus:
   1  2  3  4  5  6  7  8
1  0  1  2  1  1  0  1  0
2  0  0  0  0  0  1  0  1
3  1  0  0  0  0  0  1  1

S_minus:
   1  2  3  4  5  6  7  8
1  1  0  0  0  0  1  0  1
2  1  1  0  0  1  0  1  0
3  0  1  1  1  0  0  0  0

# Realization 444
S_plus:
   1  2  3  4  5
1  0  0  0  1  1
2  0  0  2  0  0
3  1  1  0  1  0

S_minus:
   1  2  3  4  5
1  1  0  0  0  0
2  0  1  0  1  1
3  0  0  1  0  1

# Realization 445
S_plus:
   1  2  3  4  5  6  7
1  0  0  0  0  1  0  0
2  1  0  0  0  0  0  0
3  0  0  1  0  0  0  0
4  0  1  0  0  0  0  0
5  0  0  0  0  0  1  1
6  1  0  0  1  0  0  0
7  0  0  0  0  1  0  1
8  0  0  0  1  0  0  0

S_minus:
   1  2  3  4  5  6  7
1  0  0  0  0  0  0  1
2  0  0  0  0  1  0  0
3  1  0  0  0  0  0  0
4  1  0  1  0  0  0  0
5  0  1  0  0  0  0  0
6  0  0  0  0  0  1  0
7  0  1  0  1  0  0  0
8  0  0  1  0  0  0  0

# Realization 446
S_plus:
   1  2  3  4  5  6  7
1  0  1  0  2  1  2  0
2  2  1  0  0  0  0  2
3  0  0  1  0  0  0  0

S_minus:
   1  2  3  4  5  6  7
1  1  0  0  0  0  0  1
2  0  0  2  1  1  0  0
3  0  2  0  0  1  2  1

# Realization 447
S_plus:
   1  2  3  4  5  6  7  8
1  1  0  0  1  0  1  2  1
2  0  0  2  0  0  0  0  1
3  0  0  0  1  0  0  0  0
4  0  2  0  0  1  0  0  0

S_minus:
   1  2  3  4  5  6  7  8
1  0  1  1  0  0  0  0  0
2  1  1  0  1  1  0  0  0
3  0  0  0  0  0  1  1  0
4  0  0  1  1  0  1  0  1

# Realization 448
S_plus:
   1   2   3   4   5   6   7   8   9   10  11  12
1   1   0   0   1   0   0   0   0   0   0   0   0
2   1   0   0   0   0   0   2   0   0   1   0   0
3   0   0   1   0   1   0   0   0   1   1   0   1
4   0   1   0   0   1   2   0   1   0   0   2   0

S_minus:
   1   2   3   4   5   6   7   8   9   10  11  12
1   0   2   1   0   0   0   1   0   0   1   0   0
2   0   0   1   0   1   1   0   1   1   0   0   1
3   0   0   0   1   0   0   0   1   0   0   1   0
4   1   0   0   1   0   0   0   0   1   0   0   0

# Realization 449
S_plus:
   1   2   3   4   5   6   7   8   9   10  11
1   1   0   0   0   0   0   1   0   0   0   0
2   0   1   0   1   0   1   0   0   0   0   1
3   1   0   1   1   0   0   0   0   2   1   1
4   0   1   1   0   2   0   1   1   0   1   0

S_minus:
   1   2   3   4   5   6   7   8   9   10  11
1   0   1   0   1   1   2   0   0   1   2   2
2   1   0   2   0   1   0   0   0   0   0   0
3   0   1   0   0   0   0   1   2   0   0   0
4   0   0   0   1   0   0   0   0   0   0   0

# Realization 450
S_plus:
   1  2  3  4  5  6  7  8  9
1  1  0  0  0  0  0  0  1  0
2  0  0  0  0  1  1  0  0  1
3  1  1  2  0  1  1  1  0  0
4  0  0  0  1  0  0  1  0  0

S_minus:
   1  2  3  4  5  6  7  8  9
1  0  0  0  0  1  1  0  0  1
2  1  0  1  0  0  0  2  0  0
3  0  0  0  1  0  0  0  0  0
4  0  1  0  0  1  0  0  1  0

# Realization 451
S_plus:
   1  2  3  4  5
1  0  0  2  0  1
2  1  2  0  1  0
3  0  0  0  1  1
4  1  0  0  0  0

S_minus:
   1  2  3  4  5
1  1  1  0  1  0
2  0  0  0  0  1
3  1  0  0  0  0
4  0  1  1  1  0

# Realization 452
S_plus:
   1  2  3  4  5  6  7  8
1  2  1  0  0  1  0  2  0
2  0  1  0  2  0  0  0  1
3  0  0  1  0  0  1  0  1
4  0  0  0  0  1  1  0  0

S_minus:
   1  2  3  4  5  6  7  8
1  0  0  0  1  0  1  0  0
2  1  0  1  0  1  0  0  0
3  0  2  0  0  0  0  0  0
4  0  0  1  1  0  0  1  1

# Realization 453
S_plus:
   1  2  3  4  5  6
1  0  0  0  2  0  1
2  1  0  0  0  0  1
3  0  1  2  0  1  0

S_minus:
   1  2  3  4  5  6
1  0  2  1  0  1  0
2  0  0  1  1  1  0
3  1  0  0  1  0  1

# Realization 454
S_plus:
   1  2  3  4  5  6  7  8
1  1  1  1  0  0  1  1  0
2  0  0  0  0  1  0  1  0
3  0  1  1  1  0  0  0  2

S_minus:
   1  2  3  4  5  6  7  8
1  0  0  0  0  1  0  0  1
2  1  2  1  2  0  1  0  1
3  1  0  0  0  1  0  1  0

# Realization 455
S_plus:
   1   2   3   4   5   6   7   8   9   10
1   1   0   1   0   1   0   0   1   0   1
2   0   0   0   0   0   1   1   0   1   0
3   0   0   0   1   0   0   1   0   0   0
4   0   1   0   0   0   0   0   0   0   1
5   0   0   0   0   0   1   0   0   0   0
6   1   0   0   0   0   0   0   1   0   0

S_minus:
   1   2   3   4   5   6   7   8   9   10
1   0   0   0   1   0   0   0   0   0   0
2   0   0   0   1   0   0   0   1   0   0
3   0   0   0   0   1   0   0   0   1   2
4   1   0   0   0   0   1   0   0   0   0
5   0   0   1   0   1   0   1   0   1   0
6   0   1   1   0   0   0   0   0   0   0

# Realization 456
S_plus:
   1  2  3  4  5  6
1  1  0  0  0  0  0
2  1  0  0  1  0  1
3  0  0  1  0  1  0
4  0  0  0  0  1  0
5  0  1  0  0  0  0
6  0  0  1  1  0  0

S_minus:
   1  2  3  4  5  6
1  0  0  1  0  1  0
2  0  1  0  0  0  0
3  0  0  0  1  0  0
4  1  0  0  0  0  0
5  0  0  0  1  1  2
6  0  1  0  0  0  0

# Realization 457
S_plus:
   1  2  3  4  5  6  7  8
1  0  1  0  0  0  0  2  0
2  0  0  0  0  1  1  0  0
3  0  0  0  1  1  1  0  0
4  0  0  1  1  0  0  0  1
5  1  0  0  0  0  0  0  1

S_minus:
   1  2  3  4  5  6  7  8
1  0  0  0  1  0  1  0  2
2  1  0  0  0  0  0  0  0
3  0  0  1  0  0  0  1  0
4  0  1  0  0  1  0  0  0
5  0  0  0  1  0  1  0  0

# Realization 458
S_plus:
   1   2   3   4   5   6   7   8   9   10
1   0   1   0   0   0   1   0   1   0   1
2   0   0   0   1   0   0   0   0   1   1
3   0   0   2   0   1   1   0   0   0   0
4   0   0   0   0   1   0   0   0   0   0
5   1   0   0   1   0   0   1   0   1   0

S_minus:
   1   2   3   4   5   6   7   8   9   10
1   0   0   1   0   1   0   1   0   0   0
2   0   1   0   0   1   1   0   1   0   0
3   1   0   0   1   0   0   0   0   0   0
4   0   0   0   0   0   1   0   0   1   0
5   0   0   0   0   0   0   0   1   0   1

# Realization 459
S_plus:
   1   2   3   4   5   6   7   8   9   10  11
1   2   1   0   2   0   0   1   0   0   0   1
2   0   0   0   0   0   0   0   0   1   0   0
3   0   0   1   0   0   0   0   1   0   0   1
4   0   0   0   0   1   1   0   0   0   0   0
5   0   0   0   0   0   0   1   0   0   2   0

S_minus:
   1   2   3   4   5   6   7   8   9   10  11
1   0   0   1   0   0   0   0   1   0   1   0
2   2   1   0   0   1   1   1   0   0   0   1
3   0   0   0   1   0   0   0   0   1   0   0
4   0   0   0   1   0   0   0   0   0   0   0
5   0   1   1   0   1   0   0   0   0   0   0

# Realization 460
S_plus:
   1  2  3  4  5  6  7  8  9
1  1  0  1  2  0  0  0  1  0
2  0  1  0  0  2  2  0  0  1
3  1  1  0  0  0  0  2  0  0

S_minus:
   1  2  3  4  5  6  7  8  9
1  0  1  0  0  0  1  1  0  0
2  1  0  0  1  0  0  1  0  0
3  0  0  2  1  1  1  0  1  1

# Realization 461
S_plus:
   1  2  3  4  5  6  7
1  0  1  0  0  1  0  0
2  2  0  1  1  0  2  0
3  0  0  0  0  0  0  1

S_minus:
   1  2  3  4  5  6  7
1  0  0  1  1  0  1  1
2  0  1  0  0  1  0  0
3  1  0  1  0  1  0  0

# Realization 462
S_plus:
   1  2  3  4  5  6  7
1  0  0  1  0  0  0  2
2  1  1  0  1  0  0  0
3  0  0  1  0  1  2  0
4  0  0  0  0  1  0  0

S_minus:
   1  2  3  4  5  6  7
1  1  2  0  0  0  0  0
2  0  0  1  0  2  0  1
3  0  0  0  1  0  0  1
4  0  0  0  0  0  1  0

# Realization 463
S_plus:
   1   2   3   4   5   6   7   8   9   10
1   0   1   0   0   0   1   0   0   1   0
2   0   0   1   0   1   0   0   1   0   0
3   1   0   0   1   0   0   0   0   0   1
4   1   1   0   1   1   0   1   0   1   0

S_minus:
   1   2   3   4   5   6   7   8   9   10
1   1   0   1   1   1   0   0   2   0   1
2   0   1   0   1   0   0   1   0   1   0
3   0   1   1   0   1   0   1   0   0   0
4   0   0   0   0   0   1   0   0   0   0

# Realization 464
S_plus:
   1  2  3  4  5  6  7  8
1  0  0  1  1  0  1  0  0
2  1  0  0  0  1  0  0  0
3  0  1  0  0  0  0  1  0
4  0  0  1  1  1  0  0  1

S_minus:
   1  2  3  4  5  6  7  8
1  0  0  0  0  0  0  0  1
2  0  2  1  0  0  0  0  0
3  0  0  0  1  1  0  0  0
4  1  0  0  0  0  1  1  0

# Realization 465
S_plus:
   1   2   3   4   5   6   7   8   9   10
1   0   0   0   0   1   0   1   0   1   1
2   0   1   0   0   0   2   0   0   1   0
3   1   0   1   0   0   0   1   0   0   0
4   0   0   1   2   1   0   0   1   0   0

S_minus:
   1   2   3   4   5   6   7   8   9   10
1   2   1   1   0   0   1   0   0   0   0
2   0   0   1   2   0   0   1   0   0   1
3   0   1   0   0   2   1   0   1   0   0
4   0   0   0   0   0   0   1   0   1   1

# Realization 466
S_plus:
   1  2  3  4  5  6  7
1  0  1  0  0  0  0  1
2  0  0  0  1  0  0  0
3  1  0  1  0  0  1  1
4  0  1  0  1  2  1  0

S_minus:
   1  2  3  4  5  6  7
1  0  0  0  0  0  1  0
2  1  0  0  0  1  0  1
3  0  1  0  1  0  0  0
4  0  0  2  0  0  0  1

# Realization 467
S_plus:
   1  2  3
1  1  0  0
2  0  1  2
3  1  0  0

S_minus:
   1  2  3
1  0  1  1
2  1  0  0
3  0  1  1

# Realization 468
S_plus:
   1   2   3   4   5   6   7   8   9   10  11
1   1   1   1   0   1   1   0   0   1   0   0
2   0   0   0   1   0   0   0   0   1   0   1
3   0   0   0   0   1   0   1   0   0   0   0
4   0   1   0   1   0   0   1   1   0   1   1

S_minus:
   1   2   3   4   5   6   7   8   9   10  11
1   0   0   0   1   0   0   0   1   0   1   0
2   1   1   1   0   0   1   1   0   0   1   0
3   0   1   0   1   0   1   0   1   1   0   1
4   0   0   1   0   1   0   0   0   1   0   0

# Realization 469
S_plus:
   1  2  3  4  5  6  7  8
1  1  0  2  0  0  0  0  1
2  0  0  0  1  2  2  1  0
3  0  1  0  0  0  0  0  1

S_minus:
   1  2  3  4  5  6  7  8
1  0  1  0  2  1  0  1  0
2  0  1  1  0  0  0  0  1
3  1  0  1  0  0  1  1  0

# Realization 470
S_plus:
   1  2  3  4  5  6  7  8
1  1  1  0  0  0  0  1  0
2  0  0  0  1  0  0  0  0
3  0  0  0  0  0  1  1  1
4  0  0  1  0  1  0  0  0

S_minus:
   1  2  3  4  5  6  7  8
1  0  0  0  0  1  0  0  1
2  1  1  1  0  0  0  1  0
3  0  1  0  0  0  0  0  0
4  1  0  0  2  0  1  1  0

# Realization 471
S_plus:
   1  2  3  4  5  6  7  8  9
1  2  0  0  0  0  1  0  1  0
2  0  0  2  0  0  0  1  0  0
3  0  2  0  2  1  1  0  0  1

S_minus:
   1  2  3  4  5  6  7  8  9
1  0  0  1  1  1  0  2  0  2
2  1  2  0  1  1  2  0  1  0
3  0  0  1  0  0  0  0  0  0

# Realization 472
S_plus:
   1   2   3   4   5   6   7   8   9   10  11  12
1   1   0   0   0   1   0   0   0   1   1   1   0
2   0   2   0   0   1   1   0   0   0   1   1   1
3   0   0   1   2   0   0   1   1   0   0   0   0
4   1   0   1   0   0   0   0   0   0   0   0   0

S_minus:
   1   2   3   4   5   6   7   8   9   10  11  12
1   0   1   1   1   0   1   0   1   0   0   0   0
2   1   0   1   0   0   0   0   0   1   0   0   0
3   0   0   0   0   0   0   0   0   1   1   1   0
4   0   1   0   1   1   1   1   1   0   0   1   1

# Realization 473
S_plus:
   1   2   3   4   5   6   7   8   9   10
1   0   1   0   0   0   0   1   0   0   2
2   0   0   0   2   1   0   0   0   0   0
3   0   0   1   0   0   0   0   0   0   0
4   0   0   1   0   1   1   0   1   2   0
5   1   1   0   0   0   1   0   1   0   0

S_minus:
   1   2   3   4   5   6   7   8   9   10
1   0   0   0   1   0   1   0   2   1   0
2   1   1   1   0   0   0   0   0   1   0
3   1   0   0   0   0   0   1   0   0   0
4   0   0   0   0   0   0   0   0   0   2
5   0   0   1   0   1   0   0   0   0   0

# Realization 474
S_plus:
   1   2   3   4   5   6   7   8   9   10  11
1   0   0   1   0   0   0   1   1   0   2   1
2   2   2   1   0   0   0   0   0   1   0   0
3   0   0   0   1   2   1   0   1   0   0   0

S_minus:
   1   2   3   4   5   6   7   8   9   10  11
1   1   1   0   1   0   2   0   0   2   0   0
2   0   0   0   1   1   0   0   1   0   1   1
3   1   0   2   0   0   0   2   0   0   1   0

# Realization 475
S_plus:
   1   2   3   4   5   6   7   8   9   10  11  12
1   0   0   0   0   0   0   1   0   0   1   0   1
2   1   1   1   0   0   0   0   0   1   0   1   0
3   0   1   0   1   1   0   0   0   0   0   0   0
4   0   0   1   1   0   1   1   1   0   0   0   1

S_minus:
   1   2   3   4   5   6   7   8   9   10  11  12
1   0   1   0   0   0   1   0   0   0   0   1   0
2   0   0   0   1   0   0   0   2   0   0   0   1
3   1   0   2   0   0   0   1   0   0   1   1   0
4   0   1   0   0   2   0   0   0   1   0   0   0

# Realization 476
S_plus:
   1  2  3  4  5  6  7  8
1  0  1  0  2  0  1  0  2
2  0  1  0  0  1  0  2  0
3  1  0  2  0  0  0  0  0

S_minus:
   1  2  3  4  5  6  7  8
1  0  0  1  0  0  0  1  0
2  1  0  1  2  0  0  0  1
3  0  2  0  0  1  1  1  0

# Realization 477
S_plus:
   1   2   3   4   5   6   7   8   9   10
1   0   0   1   0   0   1   0   0   1   0
2   2   0   0   0   0   0   0   0   0   1
3   0   1   0   0   0   0   1   0   1   0
4   0   0   0   2   1   0   0   0   0   0
5   0   0   0   0   0   0   0   0   0   1
6   0   0   1   0   1   0   1   1   0   0

S_minus:
   1   2   3   4   5   6   7   8   9   10
1   0   1   0   0   0   0   0   0   0   1
2   0   0   0   1   1   0   1   0   0   0
3   0   0   1   0   0   0   0   0   0   0
4   0   0   1   0   0   0   1   1   1   0
5   0   0   0   0   0   1   0   0   0   0
6   2   0   0   0   0   0   0   0   0   0

# Realization 478
S_plus:
   1   2   3   4   5   6   7   8   9   10
1   0   0   0   1   0   0   0   0   2   2
2   0   1   1   1   0   1   0   2   0   0
3   1   0   0   0   2   0   1   0   0   0

S_minus:
   1   2   3   4   5   6   7   8   9   10
1   1   0   1   0   1   2   0   1   0   0
2   1   0   0   0   0   0   1   0   1   0
3   0   1   1   2   0   0   0   1   1   2

# Realization 479
S_plus:
   1  2  3  4  5  6  7  8
1  0  0  2  0  1  1  2  0
2  0  1  0  0  0  1  0  1
3  1  0  0  1  0  0  0  0

S_minus:
   1  2  3  4  5  6  7  8
1  1  0  0  0  0  0  0  1
2  0  0  1  1  1  0  0  0
3  0  1  0  0  1  1  1  1

# Realization 480
S_plus:
   1  2  3  4  5  6
1  0  0  0  0  0  1
2  0  1  0  0  1  0
3  1  1  0  0  0  0
4  0  0  1  1  0  0

S_minus:
   1  2  3  4  5  6
1  1  1  0  1  1  0
2  1  0  0  0  0  1
3  0  0  1  0  0  0
4  0  1  0  0  1  1

# Realization 481
S_plus:
   1  2  3  4
1  0  0  0  1
2  0  0  1  1
3  2  2  0  0

S_minus:
   1  2  3  4
1  1  2  1  0
2  1  0  0  0
3  0  0  0  1

# Realization 482
S_plus:
   1   2   3   4   5   6   7   8   9   10  11
1   0   1   0   2   1   0   0   1   0   0   0
2   1   0   0   0   0   0   1   0   1   1   0
3   0   0   1   0   0   1   0   0   0   1   2

S_minus:
   1   2   3   4   5   6   7   8   9   10  11
1   2   0   1   0   0   2   1   0   0   1   1
2   0   0   0   0   0   0   0   2   0   0   1
3   0   1   0   1   2   0   0   0   1   0   0

# Realization 483
S_plus:
   1   2   3   4   5   6   7   8   9   10
1   0   0   0   0   1   0   0   0   2   2
2   0   2   0   0   0   1   1   1   0   0
3   1   0   1   1   0   0   0   0   0   0

S_minus:
   1   2   3   4   5   6   7   8   9   10
1   1   1   0   1   0   1   0   2   0   0
2   0   0   2   1   1   0   0   0   1   2
3   0   1   0   0   1   0   1   0   0   0

# Realization 484
S_plus:
   1  2  3  4  5  6  7  8  9
1  1  1  0  0  0  0  0  0  1
2  0  0  0  0  0  1  1  0  0
3  0  0  0  1  0  0  1  0  0
4  0  1  0  0  0  0  0  0  0
5  0  0  1  0  0  0  0  0  1
6  0  0  1  0  1  0  0  1  0

S_minus:
   1  2  3  4  5  6  7  8  9
1  0  0  0  0  0  0  0  1  0
2  1  1  0  0  1  0  0  0  0
3  0  0  1  0  0  0  0  0  1
4  0  0  0  0  0  0  1  0  0
5  1  0  0  0  0  2  1  0  0
6  0  0  0  1  0  0  0  0  1

# Realization 485
S_plus:
   1  2  3  4  5  6  7  8  9
1  0  0  1  0  1  1  1  2  0
2  0  0  0  0  1  0  0  0  0
3  0  1  1  0  0  0  0  0  0
4  2  0  0  1  0  0  0  0  1

S_minus:
   1  2  3  4  5  6  7  8  9
1  1  0  0  1  0  0  0  0  0
2  0  1  1  1  0  0  0  2  1
3  0  0  0  0  1  0  1  0  1
4  0  0  1  0  0  1  1  0  0

# Realization 486
S_plus:
   1   2   3   4   5   6   7   8   9   10  11
1   0   1   0   0   0   1   0   1   0   0   0
2   0   0   0   1   1   0   0   0   0   1   0
3   1   0   0   0   0   0   0   0   1   0   0
4   0   1   1   0   0   0   0   0   0   0   1
5   0   0   1   0   0   0   1   0   0   0   0
6   0   0   0   0   0   1   0   0   0   0   0
7   0   0   0   0   0   0   1   0   0   0   0

S_minus:
   1   2   3   4   5   6   7   8   9   10  11
1   0   0   0   0   0   0   0   0   1   0   0
2   0   1   0   0   0   0   0   0   1   0   1
3   0   0   0   0   0   1   1   1   0   0   0
4   1   0   0   0   0   1   0   0   0   1   0
5   0   1   0   0   0   0   0   0   0   0   1
6   0   0   1   1   0   0   1   1   0   1   0
7   0   0   1   0   1   0   0   0   0   0   0

# Realization 487
S_plus:
   1  2  3  4  5
1  1  1  1  0  0
2  0  0  0  0  1
3  1  1  0  2  0

S_minus:
   1  2  3  4  5
1  0  0  0  1  0
2  1  2  1  1  0
3  0  0  1  0  2

# Realization 488
S_plus:
   1   2   3   4   5   6   7   8   9   10  11  12
1   0   1   1   0   1   0   0   0   0   0   1   0
2   0   0   0   1   0   2   1   1   0   0   0   0
3   1   0   0   0   1   0   0   0   0   1   0   1
4   0   0   0   0   0   0   1   1   2   1   0   0

S_minus:
   1   2   3   4   5   6   7   8   9   10  11  12
1   1   0   0   1   0   1   0   1   0   1   0   0
2   1   0   1   0   0   0   0   0   1   1   0   0
3   0   0   0   0   0   0   1   1   1   0   1   0
4   0   1   1   1   1   1   0   0   0   0   1   1

# Realization 489
S_plus:
   1   2   3   4   5   6   7   8   9   10
1   0   1   0   0   0   0   0   1   0   0
2   1   0   0   0   0   1   0   0   1   1
3   1   0   0   1   1   0   1   0   1   1
4   0   0   1   0   1   1   0   1   0   0

S_minus:
   1   2   3   4   5   6   7   8   9   10
1   1   0   0   0   1   1   1   0   1   0
2   0   0   1   0   0   0   1   1   0   0
3   0   2   0   0   0   1   0   0   0   0
4   1   0   0   1   0   0   0   0   0   1

# Realization 490
S_plus:
   1  2  3  4  5  6  7
1  0  1  0  0  0  2  2
2  0  0  1  1  2  0  0
3  2  0  0  0  0  0  0

S_minus:
   1  2  3  4  5  6  7
1  0  0  0  1  1  0  0
2  1  0  0  0  0  0  1
3  0  1  1  0  1  1  1

# Realization 491
S_plus:
   1   2   3   4   5   6   7   8   9   10  11  12
1   0   0   0   0   1   0   0   0   1   1   0   1
2   1   1   0   1   0   0   1   0   1   0   1   0
3   0   0   0   0   1   0   0   1   0   0   0   0
4   1   0   2   1   0   1   0   0   0   0   1   1

S_minus:
   1   2   3   4   5   6   7   8   9   10  11  12
1   2   2   0   1   0   1   0   0   0   0   1   0
2   0   0   1   0   1   1   0   1   0   0   0   1
3   0   0   1   0   0   0   0   0   1   0   1   0
4   0   0   0   0   0   0   1   0   0   1   0   0

# Realization 492
S_plus:
   1   2   3   4   5   6   7   8   9   10
1   0   1   0   0   0   0   0   1   0   0
2   0   0   0   1   0   0   0   0   0   1
3   0   0   1   0   0   0   0   0   1   1
4   0   0   0   0   1   1   0   0   0   0
5   1   0   0   0   0   1   0   0   0   0
6   0   1   0   0   1   0   0   0   0   0
7   0   0   0   0   0   0   1   0   1   0

S_minus:
   1   2   3   4   5   6   7   8   9   10
1   0   0   0   0   0   0   0   0   1   0
2   1   0   0   0   0   0   0   1   0   0
3   0   1   0   0   0   1   0   0   0   0
4   0   1   1   0   0   0   0   0   0   1
5   0   0   0   0   1   0   2   0   1   0
6   0   0   0   0   0   1   0   0   0   0
7   1   0   0   2   0   0   0   0   0   0

# Realization 493
S_plus:
   1   2   3   4   5   6   7   8   9   10
1   0   0   0   0   0   1   1   2   1   1
2   1   0   1   0   0   0   1   0   0   0
3   0   1   0   1   0   0   0   0   0   0
4   0   0   0   0   2   0   0   0   0   0
5   1   0   0   0   0   1   0   0   0   0

S_minus:
   1   2   3   4   5   6   7   8   9   10
1   1   1   0   1   0   0   0   0   0   0
2   0   0   0   0   1   0   0   0   0   0
3   0   0   0   0   0   0   1   0   0   1
4   1   0   0   0   0   1   1   1   0   0
5   0   0   1   1   0   0   0   0   2   0

# Realization 494
S_plus:
   1  2  3  4  5
1  1  0  1  0  0
2  0  0  0  0  2
3  1  1  0  1  0

S_minus:
   1  2  3  4  5
1  0  2  0  0  1
2  1  0  0  1  0
3  0  0  2  0  1

# Realization 495
S_plus:
   1   2   3   4   5   6   7   8   9   10
1   1   1   0   0   0   0   0   0   0   0
2   0   0   0   0   0   1   0   0   0   1
3   0   0   1   0   1   0   0   0   1   1
4   0   1   1   1   0   0   0   2   0   0
5   0   0   0   0   0   0   1   0   0   0

S_minus:
   1   2   3   4   5   6   7   8   9   10
1   0   0   2   1   1   0   0   0   0   0
2   0   0   0   0   0   0   1   1   1   0
3   1   0   0   1   0   0   0   0   0   0
4   1   0   0   0   0   1   0   0   0   0
5   0   1   0   0   0   0   0   1   0   2

# Realization 496
S_plus:
   1   2   3   4   5   6   7   8   9   10
1   1   0   0   1   0   0   1   1   0   0
2   0   0   2   0   0   1   0   0   0   0
3   0   0   0   0   0   1   0   0   2   0
4   1   1   0   0   1   0   0   0   0   2

S_minus:
   1   2   3   4   5   6   7   8   9   10
1   0   1   1   0   1   0   0   0   0   0
2   0   0   0   1   0   0   1   0   1   0
3   1   1   0   1   0   0   0   1   0   1
4   0   0   0   0   0   1   0   1   1   0

# Realization 497
S_plus:
   1  2  3  4  5  6  7
1  0  1  1  0  1  0  0
2  0  0  1  0  0  1  2
3  1  0  0  2  0  0  0

S_minus:
   1  2  3  4  5  6  7
1  1  0  0  1  0  1  1
2  1  0  0  0  1  0  0
3  0  1  2  0  0  0  1

# Realization 498
S_plus:
   1   2   3   4   5   6   7   8   9   10  11  12
1   1   0   1   1   1   0   0   0   0   0   0   0
2   0   0   0   0   0   0   0   1   0   0   0   0
3   0   0   1   0   1   0   0   0   0   1   0   0
4   0   0   0   0   0   1   1   0   0   1   0   1
5   0   0   0   0   0   0   0   0   1   0   0   0
6   0   2   0   0   0   0   0   0   0   0   2   0

S_minus:
   1   2   3   4   5   6   7   8   9   10  11  12
1   0   0   0   0   0   0   0   0   1   0   0   1
2   0   0   1   0   0   0   0   0   0   0   2   0
3   0   0   0   0   0   1   0   1   0   0   0   0
4   1   1   0   0   1   0   0   0   0   0   0   0
5   0   1   0   0   0   0   1   0   0   1   0   0
6   1   0   1   1   0   0   1   0   0   1   0   0

# Realization 499
S_plus:
   1  2  3  4  5  6  7
1  0  0  0  0  1  0  1
2  0  0  2  0  1  1  0
3  1  1  0  0  0  0  1
4  0  0  0  1  0  1  0
5  0  1  0  1  0  0  0

S_minus:
   1  2  3  4  5  6  7
1  1  0  2  0  0  0  0
2  0  1  0  1  0  0  0
3  0  0  0  1  0  0  0
4  0  0  0  0  1  0  1
5  0  0  0  0  0  1  0

# Realization 500
S_plus:
   1  2  3  4  5  6  7  8  9
1  1  0  0  0  0  0  0  1  0
2  0  0  0  0  2  0  0  0  2
3  0  1  0  0  0  0  0  0  0
4  0  0  0  0  0  0  1  1  0
5  0  0  0  0  0  1  0  0  0
6  0  0  0  1  0  0  0  0  0
7  0  0  1  0  0  1  0  0  0

S_minus:
   1  2  3  4  5  6  7  8  9
1  0  0  0  1  0  0  0  0  0
2  1  0  0  0  0  1  0  0  0
3  0  0  1  0  0  0  0  1  0
4  0  1  0  1  1  0  0  0  0
5  0  1  0  0  1  0  1  0  0
6  0  0  0  0  0  0  1  0  0
7  0  0  0  0  0  0  0  0  1

# Realization 501
S_plus:
   1   2   3   4   5   6   7   8   9   10  11
1   0   0   2   2   1   0   1   1   0   0   0
2   1   0   0   0   1   2   0   0   0   0   0
3   0   0   0   0   0   0   1   0   2   1   1
4   0   2   0   0   0   0   0   0   0   0   0

S_minus:
   1   2   3   4   5   6   7   8   9   10  11
1   1   0   0   0   0   1   0   0   0   0   1
2   0   1   2   0   0   0   1   0   1   1   1
3   0   0   0   2   1   0   0   1   0   0   0
4   1   0   0   0   1   1   0   0   1   1   0

# Realization 502
S_plus:
   1   2   3   4   5   6   7   8   9   10  11  12
1   0   1   0   0   0   1   0   0   0   0   0   0
2   0   0   1   0   1   0   1   0   1   1   1   1
3   1   1   0   0   0   0   0   0   0   0   0   0
4   0   0   1   1   0   0   0   2   0   0   1   1

S_minus:
   1   2   3   4   5   6   7   8   9   10  11  12
1   1   0   0   0   0   0   1   0   1   0   1   2
2   0   1   0   2   0   1   0   0   0   0   0   0
3   0   0   1   0   0   0   0   1   1   1   0   0
4   1   0   0   0   1   0   1   0   0   1   0   0

# Realization 503
S_plus:
   1  2  3  4  5
1  1  0  0  1  1
2  0  0  0  0  1
3  1  0  1  0  0
4  0  1  0  0  0

S_minus:
   1  2  3  4  5
1  0  0  1  0  0
2  1  1  0  0  0
3  0  0  0  1  2
4  0  0  0  1  0

# Realization 504
S_plus:
   1  2  3  4  5  6
1  1  0  2  0  0  0
2  0  2  0  1  0  0
3  0  0  0  1  1  0
4  0  0  0  0  0  1

S_minus:
   1  2  3  4  5  6
1  0  0  0  1  0  0
2  0  0  0  0  1  1
3  0  1  0  0  0  1
4  1  0  2  1  1  0

# Realization 505
S_plus:
   1  2  3  4  5  6  7  8  9
1  0  2  0  0  0  0  0  0  0
2  0  0  0  0  1  1  1  0  1
3  1  0  1  1  0  0  1  0  0
4  0  0  0  1  0  1  0  2  0

S_minus:
   1  2  3  4  5  6  7  8  9
1  0  0  1  1  1  0  1  1  0
2  0  1  0  1  0  0  0  1  0
3  0  1  0  0  1  1  0  0  0
4  1  0  1  0  0  0  1  0  1

# Realization 506
S_plus:
   1  2  3  4  5  6
1  0  0  0  0  0  1
2  0  1  2  0  1  0
3  1  0  0  1  0  0
4  0  0  0  0  1  0

S_minus:
   1  2  3  4  5  6
1  0  0  0  1  0  0
2  1  0  0  0  0  1
3  0  1  0  0  2  0
4  1  1  1  0  0  1

# Realization 507
S_plus:
   1  2  3  4  5  6  7  8  9
1  0  1  1  0  0  0  0  0  1
2  1  0  0  1  0  0  0  1  1
3  0  1  0  1  2  1  1  0  0

S_minus:
   1  2  3  4  5  6  7  8  9
1  1  0  0  1  1  1  0  1  0
2  0  2  2  0  0  1  1  0  0
3  1  0  0  0  0  0  0  0  1

# Realization 508
S_plus:
   1   2   3   4   5   6   7   8   9   10
1   1   0   0   1   0   1   2   2   0   1
2   0   0   0   0   2   0   0   0   1   0
3   0   1   1   0   0   1   0   0   0   0

S_minus:
   1   2   3   4   5   6   7   8   9   10
1   0   1   1   0   1   0   0   0   0   0
2   0   0   1   1   0   1   1   0   0   1
3   1   0   0   0   0   0   1   1   1   1

# Realization 509
S_plus:
   1   2   3   4   5   6   7   8   9   10  11
1   0   0   0   1   0   0   1   0   0   1   0
2   0   0   1   0   0   1   1   1   0   0   2
3   1   0   0   0   1   0   0   0   1   0   0
4   0   1   1   0   0   0   0   0   0   0   0

S_minus:
   1   2   3   4   5   6   7   8   9   10  11
1   0   0   0   0   0   0   0   0   1   0   0
2   1   1   0   0   0   0   0   0   0   1   0
3   0   0   1   0   0   0   1   0   0   0   1
4   0   0   0   1   1   2   0   1   0   0   0

# Realization 510
S_plus:
   1   2   3   4   5   6   7   8   9   10  11
1   0   1   1   0   0   1   0   1   0   0   1
2   0   0   0   0   0   0   0   1   0   1   0
3   0   0   0   0   0   0   1   0   0   0   0
4   1   0   0   1   0   0   1   0   1   1   0
5   0   0   0   0   1   1   0   0   0   0   0

S_minus:
   1   2   3   4   5   6   7   8   9   10  11
1   1   0   0   0   1   0   1   0   0   1   0
2   1   0   1   0   0   0   0   0   1   0   2
3   0   1   1   1   0   0   0   1   0   0   0
4   0   1   0   0   1   1   0   1   0   0   0
5   0   0   0   0   0   0   0   0   0   1   0

# Realization 511
S_plus:
   1   2   3   4   5   6   7   8   9   10
1   0   2   1   0   1   1   1   0   2   1
2   1   0   0   0   1   0   1   0   0   0
3   0   0   0   2   0   1   0   2   0   0

S_minus:
   1   2   3   4   5   6   7   8   9   10
1   0   0   0   1   0   0   0   1   0   0
2   0   1   0   1   0   2   0   0   1   1
3   2   1   2   0   1   0   2   0   0   1

# Realization 512
S_plus:
   1  2  3  4  5  6  7  8
1  0  0  0  1  0  0  0  0
2  0  0  0  0  0  0  1  0
3  0  2  0  0  0  0  0  1
4  0  0  2  0  1  1  0  0
5  1  0  0  0  0  1  0  0

S_minus:
   1  2  3  4  5  6  7  8
1  0  1  1  0  0  0  0  0
2  0  0  0  1  0  1  0  0
3  0  0  0  0  1  1  1  0
4  1  0  0  1  0  0  0  0
5  0  0  1  0  0  0  1  2

# Realization 513
S_plus:
   1  2  3  4  5  6  7
1  1  0  0  0  0  0  0
2  0  1  0  1  1  0  1
3  1  1  0  0  0  0  1
4  0  0  1  0  0  0  0
5  0  0  0  0  0  2  0

S_minus:
   1  2  3  4  5  6  7
1  0  1  1  1  0  1  0
2  1  0  0  0  0  0  0
3  0  0  1  0  0  0  0
4  0  0  0  0  1  0  0
5  0  0  0  1  1  0  1

# Realization 514
S_plus:
   1  2  3  4  5
1  1  0  0  0  1
2  0  0  2  1  1
3  1  1  0  0  0
4  0  1  0  0  0

S_minus:
   1  2  3  4  5
1  0  0  1  0  0
2  1  1  0  0  0
3  0  0  0  1  1
4  1  0  1  1  1

# Realization 515
S_plus:
   1  2  3  4  5  6  7  8  9
1  0  0  0  0  0  0  0  1  2
2  0  0  0  0  1  0  0  0  0
3  0  0  1  1  0  0  0  0  0
4  0  1  1  0  0  0  0  0  0
5  2  0  0  0  0  0  0  0  0
6  0  0  0  0  0  0  1  1  0
7  0  0  0  1  0  1  1  0  0

S_minus:
   1  2  3  4  5  6  7  8  9
1  0  0  1  0  0  0  0  0  0
2  0  0  0  1  0  1  0  0  0
3  0  0  0  0  0  0  0  1  0
4  1  0  0  0  1  0  0  0  0
5  0  0  1  0  0  0  1  0  1
6  0  2  0  0  0  1  0  0  0
7  1  0  0  0  1  0  0  0  1

# Realization 516
S_plus:
   1   2   3   4   5   6   7   8   9   10  11
1   0   0   0   0   0   1   1   1   1   0   0
2   0   0   0   0   1   1   0   0   0   0   0
3   2   0   2   0   0   0   0   0   0   0   1
4   0   0   0   0   1   0   0   0   0   1   1
5   0   1   0   2   0   0   1   0   0   0   0

S_minus:
   1   2   3   4   5   6   7   8   9   10  11
1   1   1   1   0   0   0   0   0   0   0   1
2   1   0   0   1   0   0   1   2   0   0   0
3   0   0   0   1   0   1   0   0   0   0   0
4   0   0   1   0   0   0   1   0   0   0   0
5   0   0   0   0   1   1   0   0   1   2   1

# Realization 517
S_plus:
   1   2   3   4   5   6   7   8   9   10  11  12
1   1   0   0   0   1   0   0   0   0   1   0   0
2   0   0   0   0   1   1   1   0   0   0   0   0
3   0   0   1   0   0   0   0   0   1   0   1   0
4   0   1   0   0   0   0   1   1   0   0   1   0
5   0   0   0   1   0   0   0   1   0   0   0   1
6   1   0   0   0   0   0   0   0   1   0   0   0

S_minus:
   1   2   3   4   5   6   7   8   9   10  11  12
1   0   0   0   0   0   0   1   0   0   0   1   0
2   1   0   0   0   0   0   0   0   0   1   0   0
3   0   1   0   0   0   0   0   1   0   0   0   0
4   0   0   1   1   0   0   0   0   1   1   0   1
5   0   0   0   0   1   0   0   0   0   0   0   0
6   0   1   0   1   0   1   1   0   0   0   0   0

# Realization 518
S_plus:
   1  2  3  4  5  6  7  8  9
1  0  0  1  2  1  0  0  2  0
2  1  0  0  0  1  1  0  0  0
3  1  0  0  0  0  1  1  0  0
4  0  1  0  0  0  0  0  0  2

S_minus:
   1  2  3  4  5  6  7  8  9
1  1  1  0  0  0  0  1  0  1
2  0  1  0  1  0  0  1  0  0
3  0  0  1  1  0  0  0  1  1
4  0  0  1  0  1  1  0  0  0

# Realization 519
S_plus:
   1  2  3  4  5  6
1  0  2  0  1  0  0
2  1  0  0  0  2  1
3  1  0  1  0  0  0
4  0  0  0  1  0  0

S_minus:
   1  2  3  4  5  6
1  1  0  1  0  1  0
2  0  1  0  0  0  0
3  0  0  0  1  0  1
4  0  0  1  0  0  0

# Realization 520
S_plus:
   1  2  3  4  5  6  7  8
1  0  0  0  1  1  2  0  0
2  1  0  2  1  0  0  1  2
3  0  2  0  0  0  0  0  0

S_minus:
   1  2  3  4  5  6  7  8
1  0  0  1  0  0  0  1  2
2  0  1  0  0  1  2  0  0
3  1  0  0  1  1  0  0  0

# Realization 521
S_plus:
   1   2   3   4   5   6   7   8   9   10  11  12
1   0   0   0   0   0   1   0   1   1   1   0   0
2   0   0   2   0   0   0   0   0   0   0   0   1
3   1   0   0   0   1   0   0   0   0   0   1   0
4   0   0   0   0   0   0   0   1   0   0   0   0
5   1   0   0   0   0   0   0   0   0   0   0   0
6   0   0   0   0   1   1   0   0   0   0   0   0
7   0   0   0   0   0   0   1   0   0   0   0   0
8   0   1   0   1   0   0   0   0   0   0   0   0

S_minus:
   1   2   3   4   5   6   7   8   9   10  11  12
1   0   1   1   0   0   0   0   0   0   0   1   1
2   0   0   0   0   0   0   0   0   1   0   0   0
3   0   0   0   1   0   0   0   0   0   1   0   0
4   0   0   0   0   0   0   1   0   0   0   0   0
5   0   0   1   0   0   1   0   0   0   0   0   1
6   1   0   0   0   0   0   0   1   1   1   0   0
7   0   0   0   1   0   0   0   1   0   0   0   0
8   0   0   0   0   1   0   0   0   0   0   0   0

# Realization 522
S_plus:
   1  2  3  4  5  6  7  8
1  1  0  0  1  0  0  0  0
2  0  0  0  0  0  0  0  1
3  1  1  1  0  0  0  0  0
4  0  0  0  0  1  1  0  0
5  0  0  1  0  0  0  1  0
6  0  0  0  0  1  1  1  0

S_minus:
   1  2  3  4  5  6  7  8
1  0  0  1  0  0  1  0  0
2  0  0  0  0  0  1  1  0
3  0  0  0  0  1  0  0  0
4  0  2  0  1  0  0  1  0
5  1  0  0  0  0  0  0  1
6  0  0  0  1  0  0  0  1

# Realization 523
S_plus:
   1  2  3  4  5  6  7  8  9
1  0  0  0  1  0  0  2  0  1
2  2  1  2  0  1  0  0  1  0
3  0  0  0  1  0  2  0  0  1

S_minus:
   1  2  3  4  5  6  7  8  9
1  1  2  2  0  1  1  0  1  0
2  0  0  0  2  0  1  1  0  1
3  1  0  0  0  0  0  1  1  0

# Realization 524
S_plus:
   1   2   3   4   5   6   7   8   9   10  11
1   0   0   0   0   0   1   0   0   0   0   0
2   0   0   2   1   1   0   1   0   0   1   0
3   2   0   0   0   0   0   1   1   1   0   0
4   0   1   0   1   0   0   0   0   0   0   2

S_minus:
   1   2   3   4   5   6   7   8   9   10  11
1   0   1   1   1   0   0   1   0   1   0   0
2   1   0   0   0   0   0   0   0   0   0   1
3   0   0   1   1   2   1   0   0   0   1   0
4   0   0   0   0   0   0   0   1   0   1   0

# Realization 525
S_plus:
   1  2  3  4  5  6  7  8  9
1  0  0  0  0  1  0  1  1  0
2  1  0  1  0  1  1  0  0  1
3  0  1  0  0  0  1  0  0  0
4  1  1  0  1  0  0  0  0  0

S_minus:
   1  2  3  4  5  6  7  8  9
1  2  1  0  0  0  0  0  0  0
2  0  1  0  0  0  0  1  1  0
3  0  0  1  2  1  0  0  1  0
4  0  0  1  0  0  1  1  0  1

# Realization 526
S_plus:
   1  2  3  4  5  6  7  8
1  0  0  1  1  0  0  0  0
2  1  0  0  0  0  0  0  0
3  0  0  0  0  2  0  0  0
4  0  0  1  0  0  0  0  0
5  0  0  0  0  0  0  0  2
6  0  0  0  0  0  1  1  0
7  0  1  0  0  0  0  0  0

S_minus:
   1  2  3  4  5  6  7  8
1  0  0  0  0  0  0  1  1
2  0  0  0  0  0  1  0  0
3  0  0  1  0  0  0  0  0
4  0  0  0  0  1  0  0  0
5  0  1  0  1  1  0  0  0
6  1  1  0  0  0  0  0  0
7  0  0  1  0  0  1  1  0

# Realization 527
S_plus:
   1   2   3   4   5   6   7   8   9   10  11
1   0   0   1   0   0   0   1   2   0   1   0
2   2   1   0   2   0   0   0   0   0   0   0
3   0   0   1   0   1   2   0   0   2   0   1

S_minus:
   1   2   3   4   5   6   7   8   9   10  11
1   1   1   0   2   1   0   0   0   1   0   2
2   0   0   1   0   0   1   1   1   1   2   0
3   1   1   0   0   0   0   0   1   0   0   0

# Realization 528
S_plus:
   1   2   3   4   5   6   7   8   9   10
1   0   0   0   0   0   0   0   0   0   1
2   0   0   0   0   0   0   1   0   1   0
3   0   2   1   0   0   2   0   0   0   0
4   0   0   0   1   1   0   0   1   0   0
5   1   0   0   0   0   0   0   1   0   0

S_minus:
   1   2   3   4   5   6   7   8   9   10
1   1   0   0   0   1   0   0   1   0   0
2   0   0   1   1   0   1   0   1   0   1
3   1   0   0   0   0   0   0   0   0   1
4   0   1   0   0   0   1   1   0   2   0
5   0   1   1   1   0   0   1   0   0   0

# Realization 529
S_plus:
   1   2   3   4   5   6   7   8   9   10  11  12
1   0   0   1   1   1   0   0   0   1   0   1   0
2   0   1   0   0   0   0   0   0   0   0   0   0
3   1   0   0   0   0   0   0   1   0   1   0   1
4   0   0   0   0   1   1   0   0   1   0   0   0
5   0   0   0   0   0   0   1   0   0   0   0   0

S_minus:
   1   2   3   4   5   6   7   8   9   10  11  12
1   1   0   0   0   0   0   0   1   0   1   0   0
2   1   0   0   0   1   1   1   0   0   0   0   1
3   0   1   1   0   0   0   0   0   0   0   0   0
4   0   1   0   1   0   0   0   1   0   0   0   1
5   0   0   0   1   1   0   0   0   1   1   2   0

# Realization 530
S_plus:
   1   2   3   4   5   6   7   8   9   10  11
1   0   0   1   0   1   1   2   1   0   0   0
2   0   0   0   1   0   0   0   0   0   0   2
3   1   2   0   0   0   1   0   0   1   2   0

S_minus:
   1   2   3   4   5   6   7   8   9   10  11
1   0   0   0   1   0   0   0   0   2   0   1
2   2   1   2   0   0   1   0   0   0   2   0
3   0   0   0   1   2   0   1   1   0   0   0

# Realization 531
S_plus:
   1   2   3   4   5   6   7   8   9   10
1   0   1   0   0   1   0   0   1   0   0
2   1   0   0   0   0   0   0   0   0   1
3   1   0   1   0   0   0   0   0   0   0
4   0   0   0   1   0   0   0   0   1   0
5   0   0   1   0   1   0   0   0   1   0
6   0   0   0   0   0   1   1   0   0   0

S_minus:
   1   2   3   4   5   6   7   8   9   10
1   1   0   1   1   0   0   0   0   0   0
2   0   2   0   1   0   0   0   0   1   0
3   0   0   0   0   0   0   1   1   0   1
4   0   0   1   0   1   0   0   0   0   0
5   0   0   0   0   0   1   0   0   0   0
6   0   0   0   0   0   0   0   0   1   0

# Realization 532
S_plus:
   1   2   3   4   5   6   7   8   9   10  11
1   2   0   0   1   0   0   0   0   1   0   1
2   0   0   0   0   0   0   1   0   0   0   0
3   0   1   0   1   0   0   0   0   0   1   0
4   0   0   1   0   0   0   0   0   0   0   0
5   0   0   0   0   0   0   0   0   0   0   1
6   0   1   0   0   1   0   0   1   0   0   0
7   0   0   0   0   1   1   1   0   0   0   0

S_minus:
   1   2   3   4   5   6   7   8   9   10  11
1   0   0   0   0   0   0   1   0   0   0   0
2   0   0   0   1   0   1   0   0   0   0   2
3   0   0   1   0   0   0   0   0   1   0   0
4   1   0   0   1   0   0   0   0   0   0   0
5   1   2   0   0   1   0   0   0   0   0   0
6   0   0   1   0   0   0   0   0   1   1   0
7   0   0   0   0   0   0   0   1   0   1   0

# Realization 533
S_plus:
   1   2   3   4   5   6   7   8   9   10  11
1   0   0   0   0   0   1   0   0   0   0   0
2   0   0   1   0   1   0   0   0   2   0   0
3   2   1   1   1   1   0   0   0   0   0   1
4   0   0   0   0   0   0   1   1   0   1   1

S_minus:
   1   2   3   4   5   6   7   8   9   10  11
1   1   0   0   1   1   0   0   0   1   1   0
2   0   1   0   0   0   1   0   0   0   0   2
3   0   0   0   0   0   1   2   1   1   1   0
4   1   1   1   0   0   0   0   0   0   0   0

# Realization 534
S_plus:
   1  2  3  4
1  2  1  0  0
2  0  1  1  0
3  0  0  1  2

S_minus:
   1  2  3  4
1  0  0  2  1
2  0  0  0  1
3  1  1  0  0

# Realization 535
S_plus:
   1  2  3  4  5  6  7
1  0  0  0  0  0  0  1
2  1  0  0  0  0  0  1
3  0  0  0  0  1  1  0
4  0  2  0  0  0  0  0
5  1  0  1  1  0  0  0
6  0  0  1  0  0  1  0

S_minus:
   1  2  3  4  5  6  7
1  1  0  1  0  0  0  0
2  0  1  0  0  1  0  0
3  0  0  0  1  0  0  0
4  1  0  0  0  1  1  1
5  0  1  0  0  0  1  0
6  0  0  0  0  0  0  1

# Realization 536
S_plus:
   1   2   3   4   5   6   7   8   9   10  11
1   0   0   0   0   0   1   0   1   1   0   1
2   1   0   2   0   1   1   0   1   0   0   0
3   0   1   0   2   0   0   1   0   0   0   0
4   0   0   0   0   0   0   0   0   1   0   1
5   0   0   0   0   0   0   1   0   0   0   0
6   1   1   0   0   1   0   0   0   0   0   0
7   0   0   0   0   0   0   0   0   0   1   0

S_minus:
   1   2   3   4   5   6   7   8   9   10  11
1   0   2   0   0   1   0   0   0   0   0   0
2   0   0   0   0   0   0   0   0   1   0   0
3   0   0   0   0   0   0   0   1   1   0   2
4   1   0   0   1   0   0   1   0   0   0   0
5   0   0   0   0   1   0   0   0   0   0   0
6   0   0   1   0   0   1   0   0   0   1   0
7   0   0   0   1   0   0   1   0   0   0   0

# Realization 537
S_plus:
   1   2   3   4   5   6   7   8   9   10  11  12
1   0   1   0   1   1   0   0   0   0   0   0   0
2   0   0   0   0   0   1   0   1   0   0   0   0
3   0   0   1   0   0   0   0   0   0   0   1   0
4   1   1   0   0   1   0   1   0   2   0   0   2
5   0   0   0   0   0   0   0   0   0   1   0   0
6   1   0   0   0   0   0   0   0   0   0   0   0

S_minus:
   1   2   3   4   5   6   7   8   9   10  11  12
1   0   0   0   0   0   0   1   1   0   0   1   2
2   0   2   0   1   1   0   0   0   1   0   0   0
3   1   0   0   1   1   0   0   0   1   0   0   0
4   0   0   0   0   0   1   0   1   0   1   0   0
5   0   0   0   0   0   1   0   0   0   0   0   0
6   0   0   1   0   0   0   0   0   0   0   0   0

# Realization 538
S_plus:
   1   2   3   4   5   6   7   8   9   10
1   0   0   0   1   1   0   1   0   1   1
2   0   0   0   0   0   1   1   1   0   0
3   2   1   1   1   0   0   0   0   1   0
4   0   1   0   0   0   0   0   1   0   0

S_minus:
   1   2   3   4   5   6   7   8   9   10
1   0   1   1   0   0   2   0   1   0   0
2   1   0   0   1   0   0   0   0   1   2
3   0   0   0   0   1   0   1   0   0   0
4   0   0   0   1   1   0   1   0   0   0

# Realization 539
S_plus:
   1  2  3  4  5  6
1  1  1  0  0  1  0
2  0  1  0  1  0  0
3  0  0  1  0  0  1

S_minus:
   1  2  3  4  5  6
1  0  0  0  2  0  0
2  1  0  2  0  1  1
3  0  1  0  0  1  0

# Realization 540
S_plus:
   1  2  3  4  5  6  7
1  2  0  0  0  0  0  0
2  0  0  1  2  2  0  0
3  0  2  0  0  0  1  2

S_minus:
   1  2  3  4  5  6  7
1  0  1  1  2  1  0  0
2  1  1  0  0  0  1  1
3  1  0  0  0  0  0  0

# Realization 541
S_plus:
   1   2   3   4   5   6   7   8   9   10
1   1   0   0   1   0   1   1   0   0   0
2   1   0   0   0   0   0   0   1   0   1
3   0   2   0   0   0   1   0   0   0   0
4   0   0   0   0   0   0   0   0   1   0
5   0   0   2   0   0   0   0   0   1   0
6   0   0   0   1   1   0   0   0   0   1

S_minus:
   1   2   3   4   5   6   7   8   9   10
1   0   0   0   0   0   0   0   0   1   1
2   0   0   0   0   2   0   0   0   1   0
3   0   0   0   1   0   0   0   0   0   0
4   0   1   0   0   0   0   1   1   0   0
5   1   0   0   0   0   1   0   0   0   0
6   1   0   2   0   0   1   1   1   0   0

# Realization 542
S_plus:
   1  2  3  4  5  6  7  8
1  1  0  0  0  0  0  0  0
2  0  0  1  2  2  0  0  1
3  1  0  0  0  0  2  2  0
4  0  1  0  0  0  0  0  0

S_minus:
   1  2  3  4  5  6  7  8
1  0  1  1  1  0  1  2  1
2  1  1  0  0  0  0  0  0
3  0  0  0  1  0  0  0  1
4  1  0  0  0  2  1  0  0

# Realization 543
S_plus:
   1  2  3  4  5  6  7
1  0  0  0  0  2  0  1
2  1  0  0  1  0  2  0
3  0  2  1  1  0  0  0

S_minus:
   1  2  3  4  5  6  7
1  0  1  0  1  0  1  0
2  0  0  2  0  0  0  0
3  2  0  0  0  1  1  1

# Realization 544
S_plus:
   1  2  3  4  5  6
1  1  1  0  0  2  2
2  0  1  2  0  0  0
3  1  0  0  2  0  0

S_minus:
   1  2  3  4  5  6
1  0  0  0  1  0  0
2  1  0  0  1  1  1
3  0  2  1  0  0  1

# Realization 545
S_plus:
   1   2   3   4   5   6   7   8   9   10  11
1   0   0   1   0   1   0   0   0   0   1   0
2   0   0   0   0   0   1   0   0   1   1   0
3   1   0   0   0   0   0   1   0   0   0   2
4   0   2   1   1   0   0   1   1   0   0   0

S_minus:
   1   2   3   4   5   6   7   8   9   10  11
1   1   1   0   0   0   0   1   0   0   0   0
2   0   0   2   2   0   0   0   1   0   0   0
3   0   0   0   0   1   1   0   0   0   1   0
4   1   0   0   0   1   1   0   0   2   1   1

# Realization 546
S_plus:
   1  2  3  4  5  6  7  8
1  2  0  0  1  0  0  0  0
2  0  0  0  1  0  0  1  0
3  0  1  0  0  1  0  1  0
4  0  0  0  0  1  2  0  1
5  0  0  1  0  0  0  0  0

S_minus:
   1  2  3  4  5  6  7  8
1  0  0  1  0  1  0  0  0
2  0  0  0  0  1  0  0  0
3  0  0  0  1  0  1  0  0
4  0  1  1  0  0  0  1  0
5  1  0  0  1  0  1  0  1

# Realization 547
S_plus:
   1  2  3  4  5  6  7  8
1  1  1  0  0  0  0  1  1
2  0  0  2  0  1  2  1  0
3  1  0  0  1  0  0  0  0

S_minus:
   1  2  3  4  5  6  7  8
1  0  0  1  1  0  1  0  0
2  1  1  0  0  0  0  0  0
3  0  1  0  0  2  1  2  1

# Realization 548
S_plus:
   1  2  3  4  5  6  7  8  9
1  0  1  1  0  0  0  0  0  1
2  1  0  0  0  1  0  0  1  0
3  0  1  0  1  1  1  1  0  0
4  0  0  1  1  0  1  0  1  0

S_minus:
   1  2  3  4  5  6  7  8  9
1  2  0  0  0  1  2  1  0  0
2  0  0  0  1  0  0  0  0  1
3  0  0  1  0  0  0  0  1  0
4  0  2  0  0  0  0  0  0  0

# Realization 549
S_plus:
   1   2   3   4   5   6   7   8   9   10  11  12
1   0   0   0   1   0   0   0   0   0   0   0   0
2   0   1   0   0   0   0   0   0   0   0   0   1
3   0   0   1   0   1   0   0   0   1   0   0   0
4   1   0   0   1   0   0   1   1   0   0   0   0
5   0   0   0   0   0   0   0   0   0   1   0   0
6   0   1   1   0   0   1   0   0   0   1   0   0
7   0   0   0   0   0   0   0   0   0   0   1   0
8   0   0   0   0   0   0   1   0   0   0   0   0
9   0   0   0   0   0   0   0   1   0   0   0   0

S_minus:
   1   2   3   4   5   6   7   8   9   10  11  12
1   0   0   0   0   0   0   0   0   1   1   0   0
2   0   0   0   1   0   0   0   0   0   0   0   0
3   0   1   0   0   0   0   0   0   0   0   0   0
4   0   0   0   0   1   0   0   0   0   0   0   0
5   0   0   0   1   1   1   0   0   0   0   0   1
6   1   0   0   0   0   0   0   0   1   0   0   0
7   0   0   0   0   0   0   1   1   0   0   0   0
8   0   1   1   0   0   0   0   1   0   1   0   0
9   0   0   1   0   0   0   0   0   0   0   1   1

# Realization 550
S_plus:
   1   2   3   4   5   6   7   8   9   10  11
1   0   1   0   1   0   0   0   1   0   0   0
2   0   0   0   0   0   0   1   0   0   0   1
3   0   0   2   1   0   1   0   0   1   0   0
4   1   0   0   0   0   0   0   1   0   1   0
5   0   0   0   0   2   1   0   0   0   1   1

S_minus:
   1   2   3   4   5   6   7   8   9   10  11
1   0   0   1   0   0   0   0   0   0   1   2
2   2   0   1   1   2   1   0   1   2   1   0
3   0   1   0   0   0   0   0   0   0   0   0
4   0   1   0   0   0   1   1   0   0   0   0
5   0   0   0   0   0   0   1   1   0   0   0

# Realization 551
S_plus:
   1   2   3   4   5   6   7   8   9   10
1   0   0   1   0   0   0   0   0   0   1
2   2   1   0   0   0   0   0   0   1   1
3   0   1   1   0   1   0   1   1   0   0
4   0   0   0   0   1   0   1   1   0   0
5   0   0   0   0   0   0   0   0   1   0
6   0   0   0   1   0   1   0   0   0   0

S_minus:
   1   2   3   4   5   6   7   8   9   10
1   1   0   0   1   0   0   0   0   0   0
2   0   0   0   0   0   1   1   0   0   0
3   1   0   0   0   0   0   0   0   0   1
4   0   0   0   0   0   0   0   0   1   0
5   0   0   1   0   0   0   0   1   0   0
6   0   1   0   0   1   0   0   1   1   1

# Realization 552
S_plus:
   1  2  3  4  5  6  7  8
1  2  0  0  0  0  2  0  0
2  0  1  0  0  0  0  2  1
3  0  1  0  0  2  0  0  0
4  0  0  2  2  0  0  0  0

S_minus:
   1  2  3  4  5  6  7  8
1  0  0  1  2  0  0  1  2
2  1  0  1  0  1  0  0  0
3  0  0  0  0  0  1  1  0
4  0  1  0  0  1  1  0  0

# Realization 553
S_plus:
   1  2  3  4  5  6  7  8  9
1  1  0  0  0  0  0  0  2  0
2  0  1  0  0  0  0  0  0  0
3  1  0  0  1  1  1  0  0  1
4  0  1  1  0  0  1  0  0  0
5  0  0  0  0  0  0  1  0  0

S_minus:
   1  2  3  4  5  6  7  8  9
1  0  0  0  1  0  0  0  0  0
2  0  0  1  1  1  0  0  0  0
3  0  0  1  0  0  0  0  1  0
4  0  0  0  0  0  0  1  1  1
5  1  1  0  0  0  1  0  0  0

# Realization 554
S_plus:
   1   2   3   4   5   6   7   8   9   10  11
1   0   1   0   0   0   0   1   0   0   1   0
2   1   0   2   0   2   0   0   0   0   0   0
3   1   1   0   0   0   0   0   1   2   0   1
4   0   0   0   1   0   1   0   1   0   1   0

S_minus:
   1   2   3   4   5   6   7   8   9   10  11
1   1   0   1   1   0   0   0   1   0   0   1
2   0   0   0   0   0   1   1   0   0   1   0
3   0   0   1   0   0   0   1   0   0   1   0
4   0   2   0   0   1   0   0   0   1   0   0

# Realization 555
S_plus:
   1  2  3  4  5  6  7  8
1  0  0  0  1  0  1  0  0
2  0  1  1  0  0  0  0  0
3  0  0  0  0  1  0  0  0
4  0  0  0  0  0  0  0  2
5  2  0  1  0  0  0  1  0

S_minus:
   1  2  3  4  5  6  7  8
1  1  0  1  0  1  0  0  0
2  0  0  0  1  0  0  0  2
3  0  1  0  0  0  0  2  0
4  1  0  0  1  1  0  0  0
5  0  1  0  0  0  1  0  0

# Realization 556
S_plus:
   1  2  3  4  5  6  7  8  9
1  0  1  0  0  0  0  0  0  0
2  0  0  0  0  0  0  1  1  0
3  2  0  0  0  0  0  1  0  0
4  0  0  1  0  0  1  0  0  1
5  0  0  0  1  1  1  0  1  1

S_minus:
   1  2  3  4  5  6  7  8  9
1  0  0  1  0  0  0  1  0  1
2  0  1  1  0  1  0  0  0  1
3  0  0  0  1  0  1  0  1  0
4  1  0  0  0  1  0  1  1  0
5  1  0  0  0  0  0  0  0  0

# Realization 557
S_plus:
   1   2   3   4   5   6   7   8   9   10  11  12
1   0   1   0   0   0   0   1   0   0   0   1   0
2   1   0   1   0   0   0   0   0   0   1   0   0
3   0   0   0   0   0   1   0   1   0   0   0   0
4   0   0   0   0   1   0   0   0   1   0   0   0
5   0   0   0   0   0   0   0   0   0   0   0   1
6   0   0   0   1   0   1   0   0   1   0   0   0

S_minus:
   1   2   3   4   5   6   7   8   9   10  11  12
1   0   0   0   0   0   0   0   0   1   0   0   0
2   0   0   0   0   0   0   0   0   0   0   1   0
3   0   1   1   1   0   0   0   0   1   0   0   0
4   0   1   0   1   0   1   1   0   0   0   1   1
5   1   0   1   0   0   1   1   1   0   0   0   0
6   0   0   0   0   1   0   0   0   0   1   0   0

# Realization 558
S_plus:
   1  2  3  4  5  6  7
1  1  1  0  0  0  1  2
2  1  0  1  1  0  0  0
3  0  0  0  0  2  1  0

S_minus:
   1  2  3  4  5  6  7
1  0  0  1  0  1  0  0
2  0  1  0  0  0  2  0
3  1  0  0  1  0  0  2

# Realization 559
S_plus:
   1   2   3   4   5   6   7   8   9   10  11
1   0   1   0   0   0   0   0   0   0   0   0
2   1   0   0   0   0   0   2   0   0   0   0
3   1   0   1   1   1   0   0   1   0   0   0
4   0   0   0   1   1   0   0   0   0   0   1
5   0   0   1   0   0   1   0   1   1   1   1

S_minus:
   1   2   3   4   5   6   7   8   9   10  11
1   1   0   1   0   0   0   1   1   1   0   0
2   0   1   1   1   0   0   0   0   0   0   0
3   0   1   0   0   0   0   0   0   0   1   1
4   0   0   0   0   0   1   0   0   1   0   0
5   1   0   0   1   2   0   1   0   0   0   0

# Realization 560
S_plus:
   1   2   3   4   5   6   7   8   9   10
1   0   0   0   0   1   0   0   0   1   0
2   0   0   0   0   0   0   0   0   0   1
3   1   0   1   1   0   0   1   0   0   0
4   0   0   0   0   0   1   0   0   0   1
5   1   0   0   1   0   0   0   0   1   0
6   0   0   1   0   0   1   0   0   0   0
7   0   1   0   0   0   0   0   1   0   0

S_minus:
   1   2   3   4   5   6   7   8   9   10
1   0   0   0   0   0   0   0   0   0   1
2   0   0   1   1   0   2   1   0   0   0
3   0   0   0   0   0   0   0   0   1   0
4   0   1   0   0   0   0   0   0   0   0
5   0   0   0   0   1   0   0   1   0   0
6   0   0   0   0   0   0   0   1   0   0
7   1   0   0   1   1   0   0   0   1   0

# Realization 561
S_plus:
   1  2  3  4  5  6
1  1  1  0  0  0  1
2  0  0  1  0  0  0
3  0  1  0  1  1  0
4  0  0  1  1  1  0

S_minus:
   1  2  3  4  5  6
1  0  0  2  0  2  0
2  0  1  0  1  0  0
3  1  0  0  0  0  0
4  0  1  0  0  0  1

# Realization 562
S_plus:
   1   2   3   4   5   6   7   8   9   10  11  12
1   0   0   0   0   0   0   0   0   0   0   0   1
2   1   0   0   0   0   0   0   0   0   0   0   0
3   0   0   1   1   0   1   0   1   1   1   0   0
4   0   2   0   0   2   0   0   0   0   0   2   0
5   0   0   0   0   0   0   1   1   0   0   0   0

S_minus:
   1   2   3   4   5   6   7   8   9   10  11  12
1   1   1   1   1   1   0   1   1   0   0   0   0
2   0   0   0   0   0   0   0   0   1   0   0   0
3   0   1   0   0   0   0   0   0   0   0   1   1
4   0   0   0   0   0   0   0   0   0   1   0   0
5   0   0   0   1   0   1   0   0   0   0   1   0

# Realization 563
S_plus:
   1  2  3  4  5  6  7  8
1  0  0  1  0  1  0  0  0
2  2  0  0  1  0  2  0  0
3  0  1  0  0  1  0  2  1

S_minus:
   1  2  3  4  5  6  7  8
1  1  0  0  0  0  0  1  2
2  0  1  1  0  1  0  1  0
3  1  0  0  1  0  1  0  0

# Realization 564
S_plus:
   1   2   3   4   5   6   7   8   9   10
1   0   0   0   1   0   0   1   0   0   0
2   1   0   0   0   1   0   0   0   1   0
3   0   1   0   0   0   0   0   1   0   1
4   0   0   0   0   0   0   0   0   1   0
5   0   0   1   0   1   1   0   0   0   0

S_minus:
   1   2   3   4   5   6   7   8   9   10
1   1   0   0   0   0   1   0   0   0   0
2   0   1   0   0   0   1   1   2   0   0
3   0   0   1   1   1   0   0   0   0   0
4   1   0   0   0   0   0   0   0   0   2
5   0   0   0   0   0   0   0   0   1   0

# Realization 565
S_plus:
   1   2   3   4   5   6   7   8   9   10
1   0   1   1   0   1   1   0   0   0   0
2   0   0   1   0   0   0   1   1   1   0
3   0   1   0   0   0   0   1   0   0   1
4   1   0   0   1   1   0   0   1   0   0

S_minus:
   1   2   3   4   5   6   7   8   9   10
1   1   0   0   1   0   0   0   0   2   2
2   1   1   0   0   0   0   0   0   0   0
3   0   0   1   0   2   0   0   2   0   0
4   0   0   0   0   0   1   1   0   0   0

# Realization 566
S_plus:
   1  2  3  4  5  6  7  8  9
1  0  1  1  2  0  1  0  0  1
2  1  0  1  0  1  0  0  1  0
3  0  0  0  0  1  0  1  0  1

S_minus:
   1  2  3  4  5  6  7  8  9
1  0  0  0  0  1  0  1  1  0
2  0  0  0  0  0  1  1  0  2
3  1  2  1  2  0  0  0  0  0

# Realization 567
S_plus:
   1  2  3  4  5  6  7
1  0  0  0  0  0  0  1
2  0  0  1  0  0  2  0
3  0  0  1  0  0  0  0
4  0  1  0  0  0  0  0
5  2  0  0  1  0  0  1
6  0  1  0  0  2  0  0

S_minus:
   1  2  3  4  5  6  7
1  0  0  0  1  0  0  0
2  0  0  0  0  1  0  1
3  0  0  0  1  0  0  0
4  1  0  2  0  0  1  0
5  0  1  0  0  0  1  0
6  1  0  0  0  0  0  0

# Realization 568
S_plus:
   1  2  3  4  5  6
1  1  0  0  0  0  0
2  0  0  0  1  0  0
3  0  0  0  0  1  2
4  0  0  1  0  0  0
5  1  1  0  1  0  0

S_minus:
   1  2  3  4  5  6
1  0  0  1  1  0  0
2  0  0  0  0  0  1
3  1  1  0  1  0  0
4  0  0  0  0  0  1
5  0  0  0  0  1  0

# Realization 569
S_plus:
   1   2   3   4   5   6   7   8   9   10
1   0   0   0   0   1   0   0   1   1   2
2   0   0   1   0   0   1   0   0   1   0
3   1   1   0   0   0   1   1   0   0   0
4   0   0   0   2   0   0   1   1   0   0

S_minus:
   1   2   3   4   5   6   7   8   9   10
1   0   1   1   0   0   0   1   0   0   0
2   0   1   0   0   1   0   0   2   0   0
3   0   0   0   1   0   0   0   0   2   1
4   2   0   0   0   1   2   0   0   0   0

# Realization 570
S_plus:
   1  2  3  4  5  6  7  8
1  0  0  0  0  0  0  2  0
2  0  0  1  0  0  1  0  0
3  0  0  1  1  1  0  0  0
4  0  1  0  0  0  0  0  0
5  1  1  0  0  1  0  0  1

S_minus:
   1  2  3  4  5  6  7  8
1  1  1  1  1  1  1  0  2
2  0  1  0  0  0  0  1  0
3  1  0  0  0  0  1  0  0
4  0  0  0  1  0  0  0  0
5  0  0  1  0  0  0  0  0

# Realization 571
S_plus:
   1   2   3   4   5   6   7   8   9   10  11  12
1   0   0   0   1   0   0   0   0   0   1   0   0
2   0   0   0   0   0   0   0   0   0   1   0   1
3   1   0   0   0   0   0   0   1   1   0   0   0
4   0   0   0   0   0   0   0   0   1   0   0   0
5   0   0   0   0   0   0   0   1   0   0   1   0
6   0   0   0   0   0   0   0   0   0   0   0   1
7   0   1   0   0   2   1   0   0   0   0   0   0
8   1   0   2   0   0   0   1   0   0   0   1   0

S_minus:
   1   2   3   4   5   6   7   8   9   10  11  12
1   0   0   1   0   1   0   1   0   0   0   0   0
2   1   0   0   0   0   0   1   0   0   0   0   0
3   0   0   0   0   0   1   0   0   0   0   0   1
4   0   1   0   0   0   0   0   0   0   0   0   0
5   0   0   0   1   0   0   0   0   0   0   0   0
6   0   0   0   0   0   0   0   1   0   2   1   0
7   0   0   1   1   0   0   0   0   0   0   0   0
8   0   1   0   0   1   0   0   0   1   0   0   1

# Realization 572
S_plus:
   1   2   3   4   5   6   7   8   9   10  11
1   1   0   1   2   0   1   2   0   0   0   1
2   0   0   0   0   0   0   0   1   1   1   0
3   0   0   0   0   0   0   0   0   0   0   1
4   0   0   0   0   1   0   0   0   0   0   0
5   1   1   1   0   0   0   0   0   0   1   0

S_minus:
   1   2   3   4   5   6   7   8   9   10  11
1   0   0   0   0   0   0   0   1   0   0   0
2   0   0   1   1   1   0   1   0   0   0   1
3   2   1   1   1   1   1   0   0   0   0   0
4   0   0   0   0   0   1   0   0   0   2   1
5   0   0   0   0   0   0   0   0   1   0   0

# Realization 573
S_plus:
   1   2   3   4   5   6   7   8   9   10  11
1   0   1   2   0   0   1   2   1   0   1   0
2   0   0   0   1   0   0   0   0   0   0   0
3   0   0   0   0   0   1   0   0   1   0   0
4   0   0   0   0   0   0   0   0   0   0   1
5   1   0   0   0   1   0   0   0   0   0   0

S_minus:
   1   2   3   4   5   6   7   8   9   10  11
1   0   0   0   0   0   0   0   0   1   0   1
2   0   0   0   0   1   0   0   0   0   1   0
3   0   1   0   0   0   0   1   1   0   1   0
4   1   0   2   2   1   0   0   0   0   0   0
5   0   0   0   0   0   1   1   1   1   0   1

# Realization 574
S_plus:
   1  2  3  4  5
1  0  2  0  0  1
2  1  0  0  0  0
3  1  0  1  0  1
4  0  0  0  2  0

S_minus:
   1  2  3  4  5
1  2  0  0  0  0
2  0  0  0  1  1
3  0  0  0  1  0
4  0  1  1  0  1

# Realization 575
S_plus:
   1   2   3   4   5   6   7   8   9   10  11
1   0   0   1   0   0   1   0   0   0   0   0
2   1   0   0   0   1   0   0   0   0   0   0
3   0   0   0   1   0   0   0   0   1   0   2
4   0   0   0   0   1   0   0   1   0   1   0
5   0   1   0   0   0   0   0   0   0   0   0
6   0   0   0   0   0   0   1   1   0   0   0

S_minus:
   1   2   3   4   5   6   7   8   9   10  11
1   1   1   0   1   0   0   0   0   0   1   1
2   0   0   0   0   0   2   1   1   0   0   0
3   0   0   0   0   0   0   0   1   0   0   0
4   0   0   0   0   0   0   0   0   1   0   0
5   1   0   0   1   1   0   1   0   0   1   0
6   0   1   2   0   0   0   0   0   1   0   0

# Realization 576
S_plus:
   1   2   3   4   5   6   7   8   9   10  11  12
1   0   1   0   0   0   0   0   0   0   0   0   0
2   0   0   0   0   2   1   1   0   0   0   0   1
3   0   1   0   0   0   0   0   0   1   1   0   0
4   0   0   1   1   0   0   0   0   0   0   0   0
5   1   0   0   0   0   0   0   0   0   0   1   0
6   0   0   0   0   0   0   0   1   1   1   0   0
7   0   0   0   0   0   1   0   0   0   0   0   0
8   0   0   0   0   0   0   0   0   0   0   1   0

S_minus:
   1   2   3   4   5   6   7   8   9   10  11  12
1   0   0   0   0   0   0   1   1   0   0   0   1
2   0   0   0   0   0   0   0   0   0   1   0   0
3   0   0   1   0   1   1   0   0   0   0   0   0
4   1   0   0   0   0   0   0   0   0   0   0   0
5   0   0   0   0   1   0   0   0   0   0   0   0
6   0   0   0   1   0   0   0   0   0   0   0   0
7   1   1   0   1   0   0   0   0   1   0   2   0
8   0   0   1   0   0   0   1   1   0   0   0   0

# Realization 577
S_plus:
   1  2  3  4  5  6
1  1  0  0  0  2  0
2  0  1  1  1  0  0
3  1  0  1  0  0  2

S_minus:
   1  2  3  4  5  6
1  0  2  1  1  0  1
2  2  0  0  0  1  1
3  0  0  0  0  1  0

# Realization 578
S_plus:
   1  2  3  4  5  6  7
1  0  0  2  0  0  0  0
2  1  0  0  1  1  0  0
3  0  1  0  1  0  1  1
4  0  0  0  0  0  1  1

S_minus:
   1  2  3  4  5  6  7
1  0  0  0  1  0  0  1
2  0  1  1  0  0  1  1
3  1  0  0  0  0  0  0
4  1  0  0  0  2  0  0

# Realization 579
S_plus:
   1  2  3  4  5  6  7  8
1  1  0  0  0  0  1  0  1
2  0  0  0  2  0  0  1  1
3  0  2  2  0  1  0  1  0

S_minus:
   1  2  3  4  5  6  7  8
1  0  0  2  0  2  0  2  0
2  1  1  0  0  0  0  0  0
3  1  0  0  2  0  1  0  1

# Realization 580
S_plus:
   1   2   3   4   5   6   7   8   9   10
1   1   0   1   0   0   2   0   0   1   0
2   0   2   0   2   0   0   1   1   0   1
3   0   0   0   0   2   0   1   0   0   0

S_minus:
   1   2   3   4   5   6   7   8   9   10
1   0   2   0   1   1   0   1   2   0   1
2   1   0   0   0   1   1   0   0   1   0
3   0   0   1   1   0   1   0   0   1   0

# Realization 581
S_plus:
   1  2  3  4  5  6  7  8
1  0  0  0  0  1  1  0  2
2  0  1  1  1  0  0  0  0
3  2  0  0  0  0  1  2  0

S_minus:
   1  2  3  4  5  6  7  8
1  0  0  0  1  0  0  1  0
2  1  0  0  0  1  2  1  2
3  0  2  1  0  0  0  0  0

# Realization 582
S_plus:
   1  2  3  4  5  6  7  8
1  0  2  0  0  1  0  0  1
2  1  0  0  1  0  0  0  0
3  0  0  1  0  0  1  0  0
4  1  0  1  0  1  0  0  0
5  0  0  0  0  0  0  1  1

S_minus:
   1  2  3  4  5  6  7  8
1  0  0  0  0  0  0  1  0
2  0  0  2  0  2  0  0  0
3  0  1  0  0  0  0  1  0
4  0  1  0  0  0  0  0  1
5  1  0  0  1  0  1  0  0

# Realization 583
S_plus:
   1   2   3   4   5   6   7   8   9   10  11  12
1   0   0   1   0   0   0   1   0   1   0   0   0
2   0   0   0   1   0   1   0   0   0   0   0   1
3   0   0   0   0   0   0   1   0   0   0   0   0
4   1   0   0   1   0   0   0   0   0   2   0   0
5   0   0   0   0   1   0   0   0   0   0   0   0
6   0   0   0   0   0   0   0   0   1   0   0   0
7   0   1   0   0   0   0   0   1   0   0   0   0
8   0   1   0   0   1   0   0   0   0   0   1   0

S_minus:
   1   2   3   4   5   6   7   8   9   10  11  12
1   0   0   0   0   0   0   0   1   0   1   0   0
2   1   0   0   0   1   0   0   0   0   1   0   0
3   1   0   0   0   0   0   0   0   0   0   1   0
4   0   1   1   0   0   0   0   0   0   0   0   0
5   0   0   0   1   0   0   2   0   0   0   0   1
6   0   0   1   0   1   0   0   0   0   0   0   1
7   0   0   0   0   0   1   0   0   1   0   0   0
8   0   0   0   0   0   0   0   1   0   0   0   0

# Realization 584
S_plus:
   1  2  3  4  5  6  7  8
1  0  1  0  0  1  0  0  0
2  1  1  0  2  0  0  1  0
3  0  0  1  0  0  2  0  1

S_minus:
   1  2  3  4  5  6  7  8
1  1  0  0  0  0  1  0  1
2  0  0  1  0  1  1  0  1
3  0  1  0  1  1  0  1  0

# Realization 585
S_plus:
   1  2  3  4  5  6  7
1  1  0  2  1  0  1  0
2  1  0  0  0  2  0  0
3  0  2  0  0  0  1  2

S_minus:
   1  2  3  4  5  6  7
1  0  0  0  0  2  0  1
2  0  1  1  1  0  1  0
3  1  0  1  1  0  0  0

# Realization 586
S_plus:
   1   2   3   4   5   6   7   8   9   10
1   0   1   0   0   0   0   0   0   0   0
2   0   0   0   0   1   0   0   0   0   1
3   0   0   1   1   0   0   0   0   1   0
4   1   0   0   0   1   0   0   2   1   1
5   0   0   0   0   0   1   1   0   0   0

S_minus:
   1   2   3   4   5   6   7   8   9   10
1   0   0   0   1   1   0   1   0   0   1
2   1   0   0   0   0   0   0   2   0   0
3   0   0   0   0   0   0   0   0   0   1
4   0   0   1   1   0   1   0   0   0   0
5   0   1   0   0   0   0   0   0   2   0

# Realization 587
S_plus:
   1   2   3   4   5   6   7   8   9   10  11
1   0   0   1   1   0   0   0   0   1   0   1
2   0   1   0   0   0   1   0   0   0   0   0
3   1   0   0   0   1   0   0   0   1   0   1
4   0   0   1   0   0   1   1   1   0   2   0

S_minus:
   1   2   3   4   5   6   7   8   9   10  11
1   0   1   0   0   0   0   1   0   0   0   0
2   1   0   0   0   2   0   0   0   2   1   1
3   0   0   1   0   0   1   0   2   0   0   0
4   1   0   0   1   0   0   0   0   0   0   1

# Realization 588
S_plus:
   1  2  3  4  5  6  7  8
1  2  1  1  0  0  0  0  0
2  0  0  0  1  2  0  0  1
3  0  1  0  0  0  1  1  0

S_minus:
   1  2  3  4  5  6  7  8
1  0  0  0  2  1  2  1  0
2  1  1  1  0  0  0  1  0
3  1  0  0  0  1  0  0  1

# Realization 589
S_plus:
   1  2  3  4  5  6
1  0  0  0  2  0  0
2  0  0  1  0  1  0
3  0  0  0  0  1  1
4  2  1  0  0  0  0

S_minus:
   1  2  3  4  5  6
1  0  0  1  0  1  0
2  1  1  0  0  0  0
3  0  0  0  1  0  0
4  0  0  0  0  0  1

# Realization 590
S_plus:
   1  2  3  4  5  6  7
1  1  1  0  0  0  0  2
2  1  0  1  1  0  0  0
3  0  0  1  0  2  2  0

S_minus:
   1  2  3  4  5  6  7
1  0  0  1  1  1  1  0
2  0  1  0  0  1  0  1
3  2  1  0  1  0  0  1

# Realization 591
S_plus:
   1   2   3   4   5   6   7   8   9   10
1   0   0   0   1   1   1   1   0   0   0
2   0   1   0   0   0   0   1   1   0   0
3   0   1   2   0   0   0   0   0   1   1
4   1   0   0   0   0   1   0   0   0   0

S_minus:
   1   2   3   4   5   6   7   8   9   10
1   0   1   0   0   0   0   0   1   0   1
2   0   0   0   0   1   0   0   0   0   0
3   1   0   0   0   0   1   0   1   0   0
4   0   0   1   1   1   0   1   0   1   0

# Realization 592
S_plus:
   1   2   3   4   5   6   7   8   9   10  11  12
1   0   0   0   1   1   0   0   0   0   2   0   0
2   1   0   1   0   0   0   0   1   0   0   2   1
3   1   0   0   0   0   0   0   0   0   0   0   0
4   0   0   0   1   0   0   1   0   1   0   0   0
5   0   1   0   0   0   2   0   0   0   0   0   0

S_minus:
   1   2   3   4   5   6   7   8   9   10  11  12
1   0   0   2   0   0   0   0   0   0   0   0   0
2   0   1   0   0   1   1   1   0   1   0   0   0
3   0   0   0   2   0   0   0   0   1   0   1   0
4   1   1   0   0   0   0   0   1   0   0   0   1
5   1   0   0   0   0   0   0   0   0   1   0   1

# Realization 593
S_plus:
   1  2  3  4  5  6
1  1  0  0  0  0  0
2  0  0  2  2  1  0
3  1  2  0  0  0  1

S_minus:
   1  2  3  4  5  6
1  0  0  0  1  1  0
2  1  2  0  0  0  1
3  0  0  1  0  0  0

# Realization 594
S_plus:
   1  2  3
1  1  0  1
2  0  2  0
3  0  0  1

S_minus:
   1  2  3
1  0  1  0
2  0  0  2
3  1  0  0

# Realization 595
S_plus:
   1   2   3   4   5   6   7   8   9   10
1   0   1   0   0   1   0   0   0   0   0
2   0   1   0   0   0   0   0   1   0   0
3   1   0   0   0   0   0   0   0   0   0
4   0   0   0   1   0   0   0   0   0   0
5   0   0   1   0   0   0   0   0   0   1
6   0   0   0   0   0   0   1   0   0   0
7   0   0   0   0   0   1   0   0   0   0
8   0   0   0   0   0   0   0   0   1   0

S_minus:
   1   2   3   4   5   6   7   8   9   10
1   0   0   1   0   0   0   0   0   0   1
2   0   0   0   0   1   0   0   0   0   1
3   0   0   0   0   0   0   0   0   1   0
4   0   1   0   0   1   0   0   0   0   0
5   0   0   0   1   0   1   1   0   0   0
6   1   1   0   0   0   1   0   0   1   0
7   0   0   0   0   0   0   0   2   0   0
8   0   0   0   1   0   0   1   0   0   0

# Realization 596
S_plus:
   1   2   3   4   5   6   7   8   9   10
1   0   0   0   0   0   0   0   0   1   0
2   1   0   0   0   0   1   0   1   0   0
3   0   1   1   0   1   0   1   0   0   1
4   0   0   0   2   0   0   1   1   0   0

S_minus:
   1   2   3   4   5   6   7   8   9   10
1   1   2   1   1   0   0   0   0   0   1
2   0   0   0   1   1   0   1   0   1   0
3   1   0   0   0   0   0   0   1   1   0
4   0   0   0   0   0   1   0   0   0   1

# Realization 597
S_plus:
   1  2  3  4  5  6
1  0  1  0  2  0  1
2  1  0  1  0  1  1
3  0  0  1  0  1  0

S_minus:
   1  2  3  4  5  6
1  1  0  1  0  2  0
2  0  1  0  1  0  0
3  0  0  0  0  0  2

# Realization 598
S_plus:
   1  2  3  4  5  6  7  8  9
1  1  0  0  0  0  1  0  1  0
2  0  0  0  0  1  0  1  0  1
3  0  1  1  1  1  0  0  0  0

S_minus:
   1  2  3  4  5  6  7  8  9
1  0  1  1  0  1  0  0  0  1
2  1  0  1  1  0  1  0  0  0
3  0  0  0  0  0  1  2  2  1

# Realization 599
S_plus:
   1   2   3   4   5   6   7   8   9   10
1   0   1   1   1   0   0   0   0   1   0
2   1   1   0   0   2   1   0   0   0   0
3   0   0   0   1   0   0   2   1   0   1

S_minus:
   1   2   3   4   5   6   7   8   9   10
1   2   0   0   0   1   1   1   1   0   0
2   0   0   0   1   0   0   1   0   0   1
3   0   1   2   0   1   1   0   0   1   0

# Realization 600
S_plus:
   1   2   3   4   5   6   7   8   9   10  11
1   1   1   0   0   0   0   0   0   0   0   0
2   0   0   1   0   1   0   1   0   0   0   0
3   0   0   0   0   0   0   0   0   1   0   1
4   0   0   0   0   0   1   1   1   0   1   0
5   1   0   0   0   0   0   0   0   0   0   0
6   0   0   0   1   0   1   0   0   0   1   0

S_minus:
   1   2   3   4   5   6   7   8   9   10  11
1   0   0   0   0   0   0   0   0   0   1   0
2   0   0   0   0   0   1   0   1   1   0   1
3   1   0   0   0   1   1   0   0   0   1   0
4   0   1   1   0   0   0   0   0   0   0   0
5   0   0   1   1   1   0   0   1   0   0   0
6   1   0   0   0   0   0   2   0   1   0   0

# Realization 601
S_plus:
   1  2  3  4  5  6  7  8  9
1  0  1  0  0  1  0  1  1  0
2  1  1  1  1  0  1  0  1  0
3  0  0  1  0  0  1  0  0  0
4  0  0  0  1  0  0  1  0  1

S_minus:
   1  2  3  4  5  6  7  8  9
1  1  0  1  1  0  1  0  0  1
2  0  0  0  0  0  0  0  0  1
3  0  0  0  1  1  0  1  0  0
4  1  1  1  0  1  0  0  2  0

# Realization 602
S_plus:
   1  2  3  4  5  6
1  0  0  0  0  2  0
2  0  1  0  1  0  0
3  0  0  1  0  0  2
4  1  1  0  1  0  0

S_minus:
   1  2  3  4  5  6
1  1  1  2  1  0  1
2  1  0  0  0  0  1
3  0  0  0  1  1  0
4  0  0  0  0  1  0

# Realization 603
S_plus:
   1  2  3  4  5
1  0  1  1  1  2
2  0  0  1  0  0
3  1  0  0  1  0

S_minus:
   1  2  3  4  5
1  1  0  0  0  0
2  0  0  0  1  1
3  0  1  1  0  1

# Realization 604
S_plus:
   1   2   3   4   5   6   7   8   9   10
1   1   2   0   0   0   1   2   0   0   2
2   0   0   0   1   1   0   0   0   1   0
3   0   0   2   0   0   0   0   2   1   0

S_minus:
   1   2   3   4   5   6   7   8   9   10
1   0   0   1   0   2   0   0   1   2   0
2   0   1   0   0   0   1   1   1   0   0
3   1   0   0   1   0   1   1   0   0   2

# Realization 605
S_plus:
   1   2   3   4   5   6   7   8   9   10  11  12
1   1   0   1   0   0   0   0   0   0   0   1   1
2   0   0   0   0   0   0   0   0   0   0   1   0
3   0   0   1   0   0   0   0   0   0   1   0   0
4   0   0   0   0   0   2   0   2   1   0   0   0
5   0   0   0   0   0   0   1   0   0   0   0   0
6   0   0   0   2   0   0   0   0   0   1   0   0
7   0   1   0   0   1   0   0   0   0   0   0   1
8   1   0   0   0   0   0   0   0   0   0   0   0

S_minus:
   1   2   3   4   5   6   7   8   9   10  11  12
1   0   0   0   0   0   1   1   0   0   0   0   0
2   0   0   0   1   0   0   1   0   1   0   0   0
3   0   0   0   0   0   0   0   0   0   0   0   1
4   0   0   0   0   0   0   0   0   0   0   2   0
5   0   1   0   0   1   0   0   0   0   1   0   0
6   0   0   0   0   0   1   0   0   0   0   0   0
7   1   0   1   0   0   0   0   0   0   1   0   0
8   0   0   0   0   1   0   0   1   1   0   0   0

# Realization 606
S_plus:
   1   2   3   4   5   6   7   8   9   10
1   0   1   0   2   1   0   0   0   0   1
2   2   1   1   0   0   0   1   0   0   0
3   0   0   0   0   0   1   0   2   1   0

S_minus:
   1   2   3   4   5   6   7   8   9   10
1   1   0   1   0   0   1   1   1   0   0
2   0   0   0   1   1   1   0   1   1   2
3   1   2   0   0   0   0   1   0   0   0

# Realization 607
S_plus:
   1  2  3  4  5  6  7  8
1  1  0  1  1  1  0  2  0
2  0  0  0  1  0  0  0  0
3  0  1  0  0  0  1  0  1

S_minus:
   1  2  3  4  5  6  7  8
1  0  0  0  0  0  0  0  1
2  2  2  1  0  0  1  0  0
3  0  0  1  1  1  0  2  0

# Realization 608
S_plus:
   1   2   3   4   5   6   7   8   9   10  11
1   0   0   0   1   0   0   0   0   0   0   0
2   0   0   1   1   1   0   0   0   1   1   0
3   1   2   0   0   0   1   0   0   0   0   0
4   0   0   0   0   1   0   1   1   1   1   1
5   0   0   0   0   0   0   0   1   0   0   0

S_minus:
   1   2   3   4   5   6   7   8   9   10  11
1   0   1   1   0   1   0   0   0   1   0   0
2   1   0   0   0   0   0   1   1   0   0   0
3   0   0   1   0   1   0   1   1   0   1   2
4   0   0   0   2   0   0   0   0   0   0   0
5   1   1   0   0   0   1   0   0   0   0   0

# Realization 609
S_plus:
   1  2  3  4  5  6  7  8  9
1  1  0  0  0  1  0  1  1  0
2  1  0  0  0  0  0  0  1  1
3  0  2  1  2  1  1  0  0  0
4  0  0  0  0  0  1  0  0  0

S_minus:
   1  2  3  4  5  6  7  8  9
1  0  1  0  0  0  1  0  0  1
2  0  0  0  0  1  1  1  0  0
3  0  0  0  0  0  0  0  2  1
4  2  1  2  2  0  0  0  0  0

# Realization 610
S_plus:
   1  2  3
1  1  0  0
2  0  2  0
3  1  0  2

S_minus:
   1  2  3
1  0  0  1
2  1  0  0
3  0  1  0

# Realization 611
S_plus:
   1  2  3  4  5  6  7  8  9
1  0  0  1  2  0  0  1  1  2
2  2  2  0  0  0  1  0  0  0
3  0  0  0  0  1  0  1  0  0

S_minus:
   1  2  3  4  5  6  7  8  9
1  1  0  0  0  1  0  0  0  0
2  0  0  0  1  0  0  1  1  0
3  1  1  1  1  0  2  0  0  2

# Realization 612
S_plus:
   1  2  3  4  5  6
1  0  1  1  2  0  1
2  0  0  0  0  2  1
3  1  0  0  0  0  0

S_minus:
   1  2  3  4  5  6
1  0  0  0  0  1  0
2  1  0  1  1  0  0
3  0  1  1  0  1  1

# Realization 613
S_plus:
   1  2  3  4  5  6  7
1  1  1  0  1  0  0  1
2  0  0  2  0  1  0  0
3  0  0  0  0  0  1  1

S_minus:
   1  2  3  4  5  6  7
1  0  0  1  0  0  0  0
2  1  1  0  2  0  2  2
3  0  1  0  0  1  0  0

# Realization 614
S_plus:
   1  2  3  4  5  6  7  8
1  0  2  2  0  1  2  0  0
2  0  0  0  1  0  0  2  0
3  1  0  0  1  1  0  0  2

S_minus:
   1  2  3  4  5  6  7  8
1  1  0  0  1  0  0  0  1
2  1  1  0  0  2  0  0  1
3  0  1  1  0  0  2  1  0

# Realization 615
S_plus:
   1  2  3  4  5  6  7
1  0  0  0  0  1  0  2
2  1  0  0  0  0  1  0
3  1  1  0  0  1  0  0
4  0  0  2  1  0  0  0

S_minus:
   1  2  3  4  5  6  7
1  1  1  1  1  0  1  0
2  0  0  0  0  1  0  0
3  0  0  1  0  0  0  0
4  0  0  0  0  0  1  1

# Realization 616
S_plus:
   1   2   3   4   5   6   7   8   9   10  11  12
1   2   0   1   1   0   1   0   2   1   0   0   0
2   0   1   0   0   1   0   1   0   1   2   1   0
3   0   1   0   1   1   0   0   0   0   0   0   1

S_minus:
   1   2   3   4   5   6   7   8   9   10  11  12
1   0   1   0   0   2   0   1   0   0   1   0   0
2   0   0   0   1   0   1   0   1   0   0   0   1
3   2   0   1   0   0   0   1   0   2   0   2   0

# Realization 617
S_plus:
   1  2  3  4  5  6
1  0  0  0  0  0  2
2  1  1  2  1  1  0
3  1  0  0  0  0  0
4  0  1  0  0  0  0

S_minus:
   1  2  3  4  5  6
1  0  0  1  0  0  0
2  0  0  0  0  0  1
3  0  1  0  0  1  1
4  2  0  0  1  1  0

# Realization 618
S_plus:
   1   2   3   4   5   6   7   8   9   10
1   0   1   0   2   1   0   0   0   0   0
2   1   0   1   0   1   0   0   1   0   1
3   0   0   0   0   0   1   2   1   2   0

S_minus:
   1   2   3   4   5   6   7   8   9   10
1   1   0   1   0   0   0   1   2   0   0
2   0   1   0   1   0   1   1   0   1   0
3   1   0   0   1   2   0   0   0   0   1

# Realization 619
S_plus:
   1   2   3   4   5   6   7   8   9   10
1   0   1   1   1   0   0   0   1   0   1
2   1   0   0   0   0   1   1   0   0   0
3   0   0   1   0   0   1   0   0   1   0
4   0   0   0   1   2   0   1   0   1   1

S_minus:
   1   2   3   4   5   6   7   8   9   10
1   0   0   0   0   0   1   1   0   0   0
2   0   0   1   1   0   0   0   1   2   0
3   1   0   0   1   1   0   0   0   0   1
4   0   1   0   0   0   1   0   1   0   0

# Realization 620
S_plus:
   1   2   3   4   5   6   7   8   9   10  11
1   0   0   1   1   1   2   1   0   0   2   2
2   0   2   0   0   0   0   0   0   1   0   0
3   1   0   0   1   0   0   0   2   0   0   0

S_minus:
   1   2   3   4   5   6   7   8   9   10  11
1   0   1   0   0   0   0   0   1   0   0   0
2   2   0   0   1   1   2   0   0   0   0   1
3   0   1   2   0   1   0   1   0   1   1   0

# Realization 621
S_plus:
   1  2  3  4  5  6  7
1  0  1  1  1  1  1  2
2  0  0  1  1  0  0  0
3  1  0  0  0  1  0  0

S_minus:
   1  2  3  4  5  6  7
1  1  0  0  0  0  0  0
2  0  1  0  0  1  2  0
3  0  0  1  2  0  0  2

# Realization 622
S_plus:
   1   2   3   4   5   6   7   8   9   10  11
1   0   0   1   0   0   0   1   0   1   1   0
2   0   0   0   0   0   1   0   1   1   0   0
3   1   1   0   1   0   0   0   0   0   0   1
4   1   0   0   0   0   0   1   0   0   0   0
5   0   0   0   0   2   0   0   0   0   0   0

S_minus:
   1   2   3   4   5   6   7   8   9   10  11
1   1   0   0   0   0   0   0   0   0   0   0
2   1   1   0   0   1   0   0   0   0   1   0
3   0   0   0   0   0   0   1   1   1   0   0
4   0   1   0   0   0   2   0   0   0   0   1
5   0   0   1   1   0   0   0   0   0   0   0

# Realization 623
S_plus:
   1  2  3  4  5  6  7  8  9
1  0  0  0  0  0  0  1  0  1
2  1  0  1  0  1  0  0  0  0
3  0  1  0  1  0  1  0  1  0
4  1  1  0  0  0  0  0  1  0

S_minus:
   1  2  3  4  5  6  7  8  9
1  1  0  2  0  0  0  0  1  0
2  0  2  0  0  0  1  0  0  0
3  0  0  0  0  0  0  2  0  1
4  0  0  0  1  1  0  0  0  0

# Realization 624
S_plus:
   1   2   3   4   5   6   7   8   9   10  11  12
1   0   1   0   0   0   0   0   0   1   0   1   0
2   0   0   0   0   0   0   1   0   0   0   0   0
3   0   0   0   1   0   0   0   0   0   0   0   0
4   0   0   0   1   1   0   0   0   1   0   0   0
5   0   0   0   0   0   1   0   1   0   2   1   1
6   1   0   1   0   0   0   1   1   0   0   0   0

S_minus:
   1   2   3   4   5   6   7   8   9   10  11  12
1   0   0   0   2   0   0   0   1   0   0   0   1
2   0   1   0   0   0   1   0   1   0   0   0   1
3   0   0   1   0   1   0   0   0   2   1   0   0
4   1   0   0   0   0   0   0   0   0   0   1   0
5   1   0   1   0   0   0   1   0   0   0   0   0
6   0   1   0   0   0   0   0   0   0   1   1   0

# Realization 625
S_plus:
   1  2  3  4  5  6  7  8
1  2  1  1  2  1  0  0  0
2  0  0  0  0  1  0  1  0
3  0  0  0  0  0  1  0  2

S_minus:
   1  2  3  4  5  6  7  8
1  0  0  0  0  0  0  2  1
2  0  1  0  1  0  1  0  1
3  1  1  2  1  1  0  0  0

# Realization 626
S_plus:
   1   2   3   4   5   6   7   8   9   10  11
1   0   0   1   0   0   1   1   1   0   0   0
2   1   0   1   0   0   0   0   0   0   1   0
3   1   0   0   1   0   1   0   0   0   0   1
4   0   2   0   0   1   0   0   0   1   1   0

S_minus:
   1   2   3   4   5   6   7   8   9   10  11
1   1   0   0   1   0   0   0   0   0   1   0
2   0   1   0   0   2   0   0   0   1   0   2
3   0   0   0   0   0   0   1   0   0   1   0
4   0   0   1   0   0   1   0   1   0   0   0

# Realization 627
S_plus:
   1  2  3  4  5  6  7  8  9
1  0  0  1  0  0  1  1  1  0
2  2  0  0  0  0  0  0  0  0
3  0  0  1  0  1  0  0  0  0
4  0  0  0  1  0  0  0  0  0
5  0  1  0  1  0  0  0  1  1

S_minus:
   1  2  3  4  5  6  7  8  9
1  0  0  0  1  0  0  0  0  0
2  0  1  0  0  0  0  1  1  0
3  1  0  0  0  0  1  1  0  0
4  0  1  0  0  0  1  0  1  1
5  0  0  1  0  1  0  0  0  0

# Realization 628
S_plus:
   1  2  3  4  5  6
1  1  2  0  0  0  0
2  0  0  1  0  0  2
3  0  0  1  2  1  0

S_minus:
   1  2  3  4  5  6
1  0  0  1  1  2  1
2  1  1  0  0  0  0
3  1  0  0  0  0  0

# Realization 629
S_plus:
   1  2  3  4  5  6  7  8
1  0  0  0  0  0  0  0  1
2  0  0  0  1  0  0  0  0
3  1  0  0  0  0  0  1  0
4  0  1  1  0  0  0  0  1
5  1  1  0  0  1  2  0  0

S_minus:
   1  2  3  4  5  6  7  8
1  0  1  0  1  0  0  0  0
2  0  0  0  0  1  1  0  0
3  0  0  0  0  1  0  0  0
4  1  0  0  0  0  0  0  0
5  0  0  1  1  0  0  1  1

# Realization 630
S_plus:
   1   2   3   4   5   6   7   8   9   10  11
1   1   0   1   0   2   0   1   1   0   1   1
2   0   0   0   0   0   0   0   0   1   0   0
3   0   1   1   2   0   0   0   0   0   0   0
4   0   0   0   0   0   0   1   0   0   0   0
5   0   1   0   0   0   1   0   0   0   1   0

S_minus:
   1   2   3   4   5   6   7   8   9   10  11
1   0   1   0   0   0   0   0   0   0   0   0
2   1   0   0   1   0   0   0   1   0   0   0
3   0   0   0   0   0   1   1   1   0   1   1
4   1   0   1   0   0   1   0   0   1   0   0
5   0   0   0   0   2   0   0   0   1   0   0

# Realization 631
S_plus:
   1  2  3  4  5  6  7  8  9
1  0  1  0  0  0  1  0  0  0
2  0  1  0  1  0  0  0  0  0
3  0  0  0  0  0  1  0  1  0
4  1  0  1  0  1  0  0  1  1
5  1  0  1  0  0  0  1  0  0

S_minus:
   1  2  3  4  5  6  7  8  9
1  0  0  1  0  1  0  0  1  0
2  1  0  0  0  0  0  1  0  1
3  0  0  1  1  0  0  1  0  0
4  0  1  0  0  0  0  0  0  0
5  0  0  0  1  0  1  0  0  0

# Realization 632
S_plus:
   1   2   3   4   5   6   7   8   9   10
1   2   0   0   0   1   1   0   1   0   2
2   0   0   1   0   0   0   0   1   1   0
3   0   1   1   1   0   0   1   0   1   0
4   0   1   0   0   0   0   0   0   0   0

S_minus:
   1   2   3   4   5   6   7   8   9   10
1   0   0   1   0   0   0   0   0   1   0
2   0   1   0   1   0   1   0   0   0   0
3   1   0   0   0   0   0   0   0   0   0
4   1   0   1   0   2   0   1   1   0   1

# Realization 633
S_plus:
   1   2   3   4   5   6   7   8   9   10  11  12
1   0   0   1   0   0   2   1   0   0   0   1   1
2   0   1   0   1   0   0   0   0   1   1   0   1
3   0   1   0   1   1   0   0   2   0   0   0   0
4   2   0   0   0   1   0   0   0   0   1   1   0

S_minus:
   1   2   3   4   5   6   7   8   9   10  11  12
1   1   2   0   1   0   0   0   0   0   0   0   0
2   1   0   0   0   1   0   1   1   0   0   1   0
3   0   0   2   0   0   1   0   0   1   2   1   1
4   0   0   0   0   0   1   0   0   1   0   0   1

# Realization 634
S_plus:
   1   2   3   4   5   6   7   8   9   10
1   1   0   0   0   0   0   0   0   0   1
2   0   0   1   0   0   0   1   0   0   0
3   0   0   0   1   1   0   0   0   0   1
4   0   0   0   0   1   0   1   0   0   0
5   0   1   1   0   0   0   0   0   0   0
6   1   0   0   0   0   1   0   0   0   0
7   0   0   0   0   0   0   0   1   0   0
8   0   1   0   0   0   0   0   0   2   0

S_minus:
   1   2   3   4   5   6   7   8   9   10
1   0   0   0   0   0   1   1   1   0   0
2   0   0   0   0   0   0   0   1   0   1
3   0   1   0   0   0   0   0   0   0   0
4   1   0   0   1   0   0   0   0   0   0
5   0   0   0   0   0   0   0   0   1   0
6   0   0   0   1   1   0   0   0   0   0
7   0   0   0   0   0   1   0   0   0   1
8   0   0   1   0   0   0   0   0   0   0

# Realization 635
S_plus:
   1   2   3   4   5   6   7   8   9   10
1   0   0   1   1   0   0   0   2   2   0
2   2   0   0   0   1   1   1   0   0   0
3   0   2   1   0   0   0   0   0   0   1

S_minus:
   1   2   3   4   5   6   7   8   9   10
1   2   1   0   0   1   2   0   0   0   2
2   0   1   1   0   0   0   0   1   0   0
3   0   0   0   1   0   0   2   1   2   0

# Realization 636
S_plus:
   1   2   3   4   5   6   7   8   9   10  11  12
1   0   0   0   0   0   1   0   0   0   0   0   0
2   1   1   0   0   1   0   0   0   1   0   0   0
3   0   0   0   1   0   0   1   0   0   0   1   1
4   1   0   0   0   0   0   0   0   0   1   0   0
5   0   0   2   1   1   0   0   0   0   0   0   0
6   0   0   0   0   0   0   0   1   0   0   1   0

S_minus:
   1   2   3   4   5   6   7   8   9   10  11  12
1   0   0   1   0   0   0   1   0   0   0   1   0
2   0   0   1   1   0   0   0   0   0   0   0   0
3   1   0   0   0   0   1   0   0   0   0   0   0
4   0   0   0   0   0   0   0   0   0   0   1   1
5   1   0   0   0   0   0   0   1   2   1   0   0
6   0   1   0   0   2   0   0   0   0   0   0   1

# Realization 637
S_plus:
   1   2   3   4   5   6   7   8   9   10
1   1   0   0   1   0   2   2   1   0   0
2   0   1   0   1   1   0   0   1   0   1
3   0   0   0   0   0   0   0   0   1   0
4   0   0   1   0   1   0   0   0   0   0
5   0   0   0   0   0   0   0   0   1   1

S_minus:
   1   2   3   4   5   6   7   8   9   10
1   0   0   0   0   1   0   0   0   0   1
2   1   0   0   0   0   1   0   0   1   0
3   1   1   0   0   0   0   0   1   0   0
4   0   0   0   1   0   0   1   0   0   0
5   0   1   1   0   0   0   1   0   0   0

# Realization 638
S_plus:
   1  2  3  4  5  6  7  8  9
1  1  0  0  0  1  0  0  0  0
2  0  1  0  1  0  0  0  1  0
3  0  0  2  0  0  1  0  0  1
4  0  0  0  0  0  1  0  1  0
5  0  1  0  0  1  0  1  0  0

S_minus:
   1  2  3  4  5  6  7  8  9
1  0  0  0  0  0  0  0  1  1
2  1  0  0  0  0  1  1  0  0
3  0  1  0  0  1  0  1  0  0
4  0  0  1  1  0  0  0  0  1
5  0  0  0  1  0  0  0  1  0

# Realization 639
S_plus:
   1   2   3   4   5   6   7   8   9   10
1   1   0   1   0   0   0   1   0   0   1
2   0   0   0   1   0   1   0   0   0   0
3   0   2   0   0   1   0   0   0   1   0
4   0   0   1   0   0   0   0   1   0   0
5   1   0   0   0   0   0   0   0   0   0

S_minus:
   1   2   3   4   5   6   7   8   9   10
1   0   1   0   0   1   0   0   0   0   0
2   1   0   1   0   0   0   1   1   0   1
3   0   0   0   2   0   0   0   0   0   0
4   0   0   0   0   0   1   0   0   1   1
5   0   0   1   0   0   0   1   0   0   0

# Realization 640
S_plus:
   1   2   3   4   5   6   7   8   9   10  11  12
1   0   0   2   0   1   0   0   1   0   1   1   0
2   0   0   0   1   0   0   0   0   0   0   0   0
3   0   1   0   0   0   0   0   0   0   0   0   2
4   0   0   0   0   0   1   0   0   0   0   0   0
5   1   0   0   0   0   1   2   0   1   0   0   0

S_minus:
   1   2   3   4   5   6   7   8   9   10  11  12
1   0   1   0   0   0   1   0   0   0   0   0   0
2   0   1   1   0   0   0   2   0   1   1   1   1
3   1   0   0   0   1   1   0   1   1   0   0   0
4   1   0   0   0   0   0   0   0   0   0   0   0
5   0   0   1   2   1   0   0   0   0   1   0   1

# Realization 641
S_plus:
   1  2  3  4
1  0  2  0  1
2  0  0  0  1
3  2  0  2  0

S_minus:
   1  2  3  4
1  1  0  1  0
2  1  1  0  0
3  0  1  0  1

# Realization 642
S_plus:
   1  2  3
1  1  0  0
2  0  0  2
3  0  1  0

S_minus:
   1  2  3
1  0  1  1
2  2  0  0
3  0  0  1

# Realization 643
S_plus:
   1   2   3   4   5   6   7   8   9   10  11
1   0   1   0   0   0   1   2   0   2   1   0
2   1   0   0   2   2   0   0   1   0   0   0
3   0   0   1   0   0   0   0   1   0   0   1

S_minus:
   1   2   3   4   5   6   7   8   9   10  11
1   1   0   1   1   0   0   0   2   0   0   0
2   0   1   0   0   0   0   1   0   0   1   1
3   1   1   0   1   1   1   0   0   2   0   0

# Realization 644
S_plus:
   1  2  3  4  5  6  7  8
1  0  1  1  0  0  0  2  0
2  1  0  0  1  0  2  0  0
3  0  0  0  0  2  0  0  2

S_minus:
   1  2  3  4  5  6  7  8
1  2  0  0  1  1  1  0  1
2  0  1  0  0  0  0  1  1
3  0  0  2  1  0  1  1  0

# Realization 645
S_plus:
   1  2  3  4  5  6
1  0  1  0  0  1  0
2  0  0  1  0  0  0
3  2  1  0  1  0  2

S_minus:
   1  2  3  4  5  6
1  1  0  1  1  0  2
2  1  1  0  0  0  0
3  0  0  0  0  2  0

# Realization 646
S_plus:
   1  2  3  4  5  6  7
1  0  0  0  1  0  0  0
2  1  0  0  0  0  0  2
3  0  1  1  0  1  0  0
4  1  1  0  0  0  0  0
5  0  0  0  1  0  0  0
6  0  0  1  0  0  1  0
7  0  0  0  0  0  1  0

S_minus:
   1  2  3  4  5  6  7
1  1  0  0  0  1  0  0
2  0  0  1  0  0  0  0
3  0  0  0  0  0  0  1
4  0  0  1  1  0  1  0
5  0  0  0  0  0  1  0
6  0  2  0  0  0  0  0
7  1  0  0  0  0  0  0

# Realization 647
S_plus:
   1  2  3  4
1  0  1  1  0
2  0  0  0  1
3  1  0  1  1

S_minus:
   1  2  3  4
1  1  0  0  1
2  1  0  2  0
3  0  2  0  0

# Realization 648
S_plus:
   1   2   3   4   5   6   7   8   9   10  11
1   0   0   1   1   0   0   0   0   0   0   0
2   1   0   0   0   0   0   0   0   0   0   1
3   0   0   0   0   1   0   0   0   0   0   0
4   1   1   0   0   1   0   0   1   0   0   0
5   0   0   0   0   0   0   1   1   0   0   0
6   0   1   0   0   0   1   0   0   0   0   0
7   0   0   0   0   0   0   0   0   1   2   0
8   0   0   0   0   0   1   0   0   0   0   0

S_minus:
   1   2   3   4   5   6   7   8   9   10  11
1   0   1   0   0   0   1   0   0   0   0   0
2   0   0   0   0   0   0   1   0   0   0   0
3   0   0   1   0   0   0   0   0   0   0   0
4   0   0   0   1   0   0   0   0   1   0   1
5   0   1   0   0   0   1   0   0   0   0   0
6   1   0   0   0   0   0   0   1   0   0   0
7   1   0   0   0   0   0   1   1   0   0   1
8   0   0   0   1   1   0   0   0   1   1   0

# Realization 649
S_plus:
   1  2  3  4  5  6
1  0  0  1  1  1  1
2  0  1  0  0  1  0
3  0  0  0  1  0  0
4  2  0  0  0  0  0

S_minus:
   1  2  3  4  5  6
1  1  1  0  0  0  0
2  0  0  1  0  0  0
3  1  0  0  0  2  1
4  0  1  0  1  0  0

# Realization 650
S_plus:
   1  2  3  4  5
1  0  0  0  0  1
2  0  0  1  1  0
3  0  2  0  0  0
4  2  0  1  0  0

S_minus:
   1  2  3  4  5
1  1  1  0  1  0
2  1  0  0  0  0
3  0  0  1  0  1
4  0  1  0  0  0

# Realization 651
S_plus:
   1  2  3  4  5  6  7  8
1  0  0  1  0  2  1  2  0
2  1  0  1  2  0  0  0  0
3  1  1  0  0  0  0  0  1

S_minus:
   1  2  3  4  5  6  7  8
1  2  0  0  0  0  0  0  1
2  0  2  0  0  1  1  0  1
3  0  0  1  1  1  0  2  0

# Realization 652
S_plus:
   1   2   3   4   5   6   7   8   9   10  11
1   1   0   0   0   0   1   0   0   0   0   0
2   0   1   0   0   0   0   1   0   1   1   0
3   0   0   1   1   0   0   1   1   1   0   1
4   1   1   1   0   0   0   0   0   0   0   0
5   0   0   0   1   2   0   0   0   0   0   0

S_minus:
   1   2   3   4   5   6   7   8   9   10  11
1   0   2   0   0   1   0   1   0   0   0   1
2   0   0   1   1   0   1   0   0   0   0   0
3   0   0   0   0   1   0   0   0   0   1   0
4   0   0   0   0   0   0   1   0   0   0   0
5   1   0   0   0   0   1   0   1   1   1   1

# Realization 653
S_plus:
   1  2  3  4  5  6  7  8  9
1  0  0  0  0  0  0  1  0  0
2  0  0  0  0  0  1  0  1  0
3  0  1  2  0  1  0  0  0  0
4  1  0  0  0  0  0  0  0  1
5  0  1  0  0  0  0  0  0  0
6  1  0  0  2  0  0  0  0  0

S_minus:
   1  2  3  4  5  6  7  8  9
1  0  1  0  0  0  0  0  0  0
2  1  0  1  0  0  0  0  0  0
3  1  0  0  1  0  1  1  0  1
4  0  0  0  1  0  0  0  1  0
5  0  0  0  0  1  1  0  0  0
6  0  0  0  0  0  0  0  0  1

# Realization 654
S_plus:
   1  2  3  4  5  6  7
1  0  0  0  1  0  1  0
2  0  2  0  0  0  1  0
3  1  0  1  0  0  0  0
4  0  0  0  1  1  0  1
5  1  0  0  0  0  0  0

S_minus:
   1  2  3  4  5  6  7
1  0  0  0  0  0  0  1
2  1  0  1  1  0  0  0
3  0  1  0  1  0  0  0
4  0  0  1  0  0  1  0
5  0  1  0  0  1  0  0

# Realization 655
S_plus:
   1   2   3   4   5   6   7   8   9   10
1   0   0   0   0   1   0   0   0   0   1
2   0   0   0   0   0   1   1   0   1   0
3   1   0   2   0   0   0   1   1   0   0
4   1   0   0   1   0   0   0   0   0   0
5   0   2   0   0   0   0   0   0   1   0

S_minus:
   1   2   3   4   5   6   7   8   9   10
1   0   0   0   1   0   1   1   1   1   0
2   0   1   0   0   0   0   0   0   0   0
3   0   0   0   0   0   0   0   0   0   1
4   0   0   0   0   1   1   0   0   0   0
5   1   0   1   0   1   0   1   0   0   1

# Realization 656
S_plus:
   1   2   3   4   5   6   7   8   9   10
1   0   1   0   0   0   0   0   0   0   0
2   0   0   1   0   2   1   0   1   0   0
3   2   1   0   1   0   0   1   0   2   1

S_minus:
   1   2   3   4   5   6   7   8   9   10
1   0   0   0   0   1   1   2   2   1   1
2   1   1   0   2   0   0   0   0   1   0
3   0   0   1   0   1   1   0   0   0   0

# Realization 657
S_plus:
   1   2   3   4   5   6   7   8   9   10  11
1   1   0   0   0   2   0   1   0   0   0   1
2   0   1   0   1   0   1   0   0   0   1   1
3   0   0   1   0   0   0   0   1   0   1   0
4   0   0   0   0   0   0   1   0   1   0   0

S_minus:
   1   2   3   4   5   6   7   8   9   10  11
1   0   1   0   1   0   0   0   0   0   2   0
2   0   0   0   0   0   0   0   1   0   0   0
3   0   0   0   0   0   0   1   0   2   0   1
4   1   0   1   1   1   2   0   0   0   0   0

# Realization 658
S_plus:
   1  2  3  4  5  6  7  8
1  0  0  0  1  0  0  0  0
2  0  2  1  0  0  1  1  1
3  1  0  0  0  0  1  0  0
4  1  0  0  0  1  0  0  1

S_minus:
   1  2  3  4  5  6  7  8
1  1  0  0  0  1  0  1  1
2  0  0  0  1  0  0  0  0
3  0  0  1  0  0  0  1  0
4  0  1  0  0  0  1  0  0

# Realization 659
S_plus:
   1   2   3   4   5   6   7   8   9   10  11
1   0   1   1   0   0   0   0   0   1   1   1
2   0   0   0   0   0   1   0   0   1   1   0
3   2   0   0   1   1   0   2   2   0   0   0

S_minus:
   1   2   3   4   5   6   7   8   9   10  11
1   1   0   0   2   0   1   0   1   0   0   0
2   0   0   1   0   1   0   1   1   0   0   1
3   0   1   0   0   0   0   0   0   1   2   1

# Realization 660
S_plus:
   1   2   3   4   5   6   7   8   9   10  11
1   1   0   0   1   1   0   0   0   1   0   0
2   0   0   0   0   1   1   0   0   0   1   0
3   0   1   0   0   0   0   0   0   0   0   1
4   0   0   0   0   0   0   0   0   0   0   1
5   0   1   0   1   0   0   0   1   0   0   0
6   0   0   1   0   0   0   0   0   0   0   0
7   0   0   0   0   0   1   1   0   0   0   0

S_minus:
   1   2   3   4   5   6   7   8   9   10  11
1   0   0   1   0   0   0   0   0   0   0   1
2   0   1   0   1   0   0   0   0   0   0   0
3   1   0   0   0   0   1   0   0   0   0   0
4   0   0   1   0   0   0   0   0   1   0   0
5   0   0   0   0   0   0   1   0   1   0   0
6   0   0   0   0   1   0   0   1   0   1   0
7   1   0   0   0   0   0   0   1   0   1   0

# Realization 661
S_plus:
   1  2  3  4  5  6
1  1  0  0  1  1  0
2  0  0  1  0  0  0
3  0  2  0  0  1  2

S_minus:
   1  2  3  4  5  6
1  0  1  1  0  0  1
2  1  0  0  0  1  1
3  1  0  0  1  0  0

# Realization 662
S_plus:
   1  2  3  4  5  6  7
1  0  0  0  0  0  2  1
2  1  0  0  2  0  0  0
3  0  1  2  0  1  0  1

S_minus:
   1  2  3  4  5  6  7
1  2  1  2  1  0  0  0
2  0  1  0  0  1  0  1
3  0  0  0  1  0  1  0

# Realization 663
S_plus:
   1   2   3   4   5   6   7   8   9   10  11  12
1   0   1   1   0   0   0   1   1   0   0   1   0
2   0   0   1   1   0   0   0   0   1   0   0   2
3   1   0   0   1   1   0   1   0   0   2   0   0
4   1   1   0   0   0   1   0   0   0   0   0   0

S_minus:
   1   2   3   4   5   6   7   8   9   10  11  12
1   0   0   0   1   2   0   0   0   1   0   0   0
2   1   1   0   0   0   1   1   1   0   0   0   0
3   0   1   0   0   0   0   0   1   0   0   0   0
4   0   0   1   1   0   0   1   0   0   1   1   2

# Realization 664
S_plus:
   1  2  3  4  5  6  7  8  9
1  0  1  0  0  1  0  1  0  0
2  1  0  0  0  1  1  0  0  0
3  0  0  1  2  0  0  0  2  1

S_minus:
   1  2  3  4  5  6  7  8  9
1  1  0  2  2  0  2  0  1  0
2  0  2  0  0  0  0  1  1  2
3  1  0  0  0  1  0  0  0  0

# Realization 665
S_plus:
   1   2   3   4   5   6   7   8   9   10
1   1   0   0   0   0   0   0   1   0   0
2   0   0   0   0   1   1   0   0   0   0
3   1   0   1   0   0   0   1   0   1   0
4   0   2   0   0   0   0   0   0   1   0
5   0   0   0   1   1   0   0   0   0   1

S_minus:
   1   2   3   4   5   6   7   8   9   10
1   0   1   1   1   0   0   0   0   1   0
2   0   0   1   0   0   0   1   1   0   0
3   0   0   0   0   1   0   0   0   0   1
4   0   0   0   0   0   0   0   1   0   1
5   1   0   0   0   0   1   1   0   0   0

# Realization 666
S_plus:
   1  2  3  4  5  6  7  8
1  1  0  0  0  1  0  0  0
2  0  2  1  0  0  0  2  2
3  0  0  0  1  0  2  0  0

S_minus:
   1  2  3  4  5  6  7  8
1  0  2  0  1  0  0  1  0
2  0  0  0  1  1  2  0  0
3  1  0  1  0  1  0  0  1

# Realization 667
S_plus:
   1  2  3  4  5
1  1  0  1  0  0
2  1  0  0  0  0
3  0  0  0  0  1
4  0  1  1  1  1

S_minus:
   1  2  3  4  5
1  0  0  0  1  0
2  0  0  0  0  2
3  1  1  1  0  0
4  1  0  0  0  0

# Realization 668
S_plus:
   1  2  3  4  5  6
1  1  0  1  0  0  0
2  0  1  0  0  0  0
3  0  1  0  1  1  1
4  0  0  0  0  1  0

S_minus:
   1  2  3  4  5  6
1  0  1  0  0  1  0
2  1  0  0  1  0  1
3  0  0  1  0  0  0
4  1  1  0  0  0  1

# Realization 669
S_plus:
   1   2   3   4   5   6   7   8   9   10
1   1   2   0   0   1   0   0   0   1   1
2   1   0   1   0   0   0   1   0   0   0
3   0   0   0   0   0   1   0   2   1   0
4   0   0   1   1   0   0   0   0   0   1

S_minus:
   1   2   3   4   5   6   7   8   9   10
1   0   0   1   0   0   1   1   1   0   0
2   0   0   0   0   0   1   0   0   1   0
3   1   0   0   1   1   0   1   0   0   2
4   0   1   0   0   0   0   0   1   0   0

# Realization 670
S_plus:
   1  2  3  4  5  6  7
1  0  0  0  2  0  1  1
2  1  0  0  0  2  0  1
3  1  2  1  0  0  0  0

S_minus:
   1  2  3  4  5  6  7
1  1  0  1  0  1  0  0
2  0  2  1  1  0  0  0
3  0  0  0  1  1  1  2

# Realization 671
S_plus:
   1   2   3   4   5   6   7   8   9   10  11
1   0   0   1   0   0   0   2   1   0   0   0
2   0   0   0   0   2   0   0   0   1   0   1
3   1   0   0   1   0   0   0   0   0   1   0
4   0   1   1   0   0   2   0   1   1   0   0

S_minus:
   1   2   3   4   5   6   7   8   9   10  11
1   0   1   0   1   1   1   0   0   2   2   0
2   0   1   1   0   0   0   0   0   0   0   0
3   0   0   1   0   0   0   0   1   0   0   1
4   2   0   0   0   0   0   1   0   0   0   1

# Realization 672
S_plus:
   1  2  3  4  5  6  7  8
1  0  1  1  0  1  1  0  1
2  0  1  0  1  0  0  0  0
3  0  0  0  0  0  0  0  1
4  1  0  0  0  0  1  1  0

S_minus:
   1  2  3  4  5  6  7  8
1  2  0  0  1  0  0  0  0
2  0  0  0  0  0  1  1  0
3  0  1  0  1  0  0  1  0
4  0  1  1  0  2  0  0  1

# Realization 673
S_plus:
   1  2  3  4  5  6  7  8
1  2  1  0  2  0  0  0  0
2  0  0  0  0  1  1  0  1
3  0  0  0  0  0  0  0  1
4  0  0  0  0  0  1  0  0
5  0  0  1  0  0  0  1  0

S_minus:
   1  2  3  4  5  6  7  8
1  0  0  1  0  0  0  0  0
2  0  0  0  1  0  0  1  0
3  2  0  0  1  2  1  1  0
4  0  1  0  0  0  0  0  1
5  0  0  0  0  0  0  0  1

# Realization 674
S_plus:
   1   2   3   4   5   6   7   8   9   10  11
1   0   1   0   0   0   1   0   2   0   0   0
2   0   1   0   0   1   0   0   0   0   0   1
3   0   0   1   0   0   1   1   0   1   0   0
4   1   0   1   1   0   0   0   0   1   1   0

S_minus:
   1   2   3   4   5   6   7   8   9   10  11
1   1   0   1   0   1   0   1   0   0   2   0
2   0   0   1   0   0   1   0   0   1   0   0
3   0   1   0   2   0   0   0   0   0   0   0
4   0   0   0   0   0   1   0   1   0   0   1

# Realization 675
S_plus:
   1  2  3  4  5  6  7  8
1  0  0  0  0  0  2  1  0
2  1  0  1  1  0  0  1  0
3  0  2  0  0  1  0  0  1

S_minus:
   1  2  3  4  5  6  7  8
1  1  0  0  1  1  0  0  2
2  0  1  0  0  1  0  0  0
3  0  0  1  1  0  1  2  0

# Realization 676
S_plus:
   1  2  3  4  5  6  7  8
1  0  0  0  0  1  0  0  2
2  0  0  0  1  1  0  0  0
3  0  0  1  0  0  0  0  0
4  1  0  0  0  0  1  0  0
5  1  0  0  0  0  1  1  0
6  0  1  1  0  0  0  1  0

S_minus:
   1  2  3  4  5  6  7  8
1  0  0  0  1  0  0  0  0
2  1  0  0  0  0  1  0  0
3  1  0  0  0  1  0  0  0
4  0  1  0  0  0  0  1  0
5  0  1  1  0  1  0  0  0
6  0  0  0  0  0  1  0  1

# Realization 677
S_plus:
   1   2   3   4   5   6   7   8   9   10
1   2   0   0   0   0   0   0   1   2   0
2   0   2   1   1   1   1   0   1   0   0
3   0   0   1   0   0   1   1   0   0   1
4   0   0   0   0   0   0   0   0   0   1

S_minus:
   1   2   3   4   5   6   7   8   9   10
1   0   2   1   0   1   0   0   0   0   1
2   1   0   0   0   0   0   1   0   0   1
3   0   0   0   0   0   0   0   1   0   0
4   1   0   1   1   0   1   1   0   1   0

# Realization 678
S_plus:
   1   2   3   4   5   6   7   8   9   10  11  12
1   2   0   0   0   1   2   1   0   0   0   0   0
2   0   1   0   1   0   0   0   0   0   1   1   2
3   0   1   1   0   0   0   0   2   0   0   1   0
4   0   0   0   1   0   0   1   0   1   0   0   0

S_minus:
   1   2   3   4   5   6   7   8   9   10  11  12
1   0   1   1   1   0   0   0   0   0   0   1   2
2   0   0   0   0   0   0   1   1   0   0   0   0
3   0   0   0   1   1   1   0   0   1   0   0   0
4   1   0   1   0   1   1   0   0   0   1   1   0

# Realization 679
S_plus:
   1   2   3   4   5   6   7   8   9   10  11  12
1   0   0   0   0   1   1   0   1   0   0   0   1
2   0   0   0   0   0   0   1   0   0   0   0   0
3   0   1   0   0   0   0   0   0   1   1   0   1
4   0   0   1   0   0   0   1   0   0   1   0   0
5   0   1   0   0   1   0   0   0   0   0   1   0
6   2   0   0   2   0   0   0   0   0   0   0   0

S_minus:
   1   2   3   4   5   6   7   8   9   10  11  12
1   1   0   0   0   0   0   0   0   1   1   0   0
2   0   1   1   0   0   0   0   0   0   0   0   0
3   0   0   0   0   1   1   0   1   0   0   0   0
4   1   1   0   1   0   0   0   0   0   0   1   0
5   0   0   0   1   0   0   1   1   0   0   0   1
6   0   0   0   0   0   1   0   0   0   1   0   0

# Realization 680
S_plus:
   1  2  3  4  5  6  7  8
1  0  1  0  0  0  0  1  2
2  1  0  1  0  1  0  0  0
3  0  0  0  2  0  2  0  0

S_minus:
   1  2  3  4  5  6  7  8
1  1  0  1  2  0  1  0  0
2  0  2  0  0  0  1  0  1
3  0  0  1  0  2  0  1  0

# Realization 681
S_plus:
   1  2  3  4  5  6  7
1  0  1  0  0  0  0  0
2  0  0  1  2  1  0  1
3  1  0  0  0  0  1  0

S_minus:
   1  2  3  4  5  6  7
1  2  0  0  0  0  0  1
2  0  2  0  0  0  1  0
3  0  0  2  1  1  0  0

# Realization 682
S_plus:
   1   2   3   4   5   6   7   8   9   10  11
1   0   0   0   2   0   1   0   0   0   0   0
2   2   1   2   0   0   1   1   0   1   0   0
3   0   1   0   0   0   0   0   0   1   1   0
4   0   0   0   0   1   0   0   1   0   0   2

S_minus:
   1   2   3   4   5   6   7   8   9   10  11
1   0   0   0   0   0   0   1   1   1   1   0
2   0   0   0   1   0   0   0   0   0   0   2
3   0   0   1   0   1   0   0   0   0   0   0
4   1   1   0   1   0   1   1   0   0   1   0

# Realization 683
S_plus:
   1   2   3   4   5   6   7   8   9   10
1   2   0   0   1   0   1   1   2   1   0
2   0   1   0   0   0   0   0   0   1   0
3   0   0   1   0   2   1   0   0   0   2

S_minus:
   1   2   3   4   5   6   7   8   9   10
1   0   1   0   0   1   0   0   0   0   1
2   2   0   1   0   1   1   1   0   0   0
3   0   0   0   2   0   0   1   2   1   0

# Realization 684
S_plus:
   1  2  3  4  5  6
1  1  0  0  0  1  0
2  1  0  0  1  0  0
3  0  1  2  0  0  0
4  0  1  0  0  0  1

S_minus:
   1  2  3  4  5  6
1  0  1  1  1  0  0
2  0  0  1  0  0  0
3  0  0  0  0  1  1
4  2  0  0  0  0  0

# Realization 685
S_plus:
   1   2   3   4   5   6   7   8   9   10  11
1   0   0   0   0   1   0   0   0   0   2   1
2   1   1   1   0   0   0   1   1   0   0   1
3   1   0   0   0   1   1   1   0   1   0   0
4   0   0   1   1   0   0   0   0   1   0   0
5   0   1   0   0   0   0   0   0   0   0   0

S_minus:
   1   2   3   4   5   6   7   8   9   10  11
1   0   0   0   0   0   1   0   0   0   0   0
2   0   0   0   1   1   1   0   0   0   0   0
3   0   0   1   1   0   0   0   0   0   1   0
4   0   1   0   0   0   0   1   0   0   0   1
5   1   0   1   0   0   0   0   2   1   0   0

# Realization 686
S_plus:
   1  2  3  4  5  6  7  8  9
1  1  0  0  0  1  1  0  0  0
2  0  0  0  0  0  0  0  0  1
3  0  0  0  0  0  0  0  2  0
4  0  0  1  0  1  0  1  0  0
5  0  0  1  0  0  0  0  0  1
6  0  1  0  0  0  0  0  0  0
7  0  1  0  1  0  0  1  0  0

S_minus:
   1  2  3  4  5  6  7  8  9
1  0  0  0  1  0  0  0  0  0
2  0  0  1  0  0  0  0  0  0
3  0  1  0  0  0  0  0  0  0
4  0  1  0  0  0  1  0  0  0
5  1  0  0  1  0  1  0  0  0
6  0  0  0  0  0  0  1  1  1
7  0  0  0  0  1  0  0  1  0

# Realization 687
S_plus:
   1  2  3  4  5  6  7  8
1  0  0  0  0  0  0  1  0
2  0  0  0  0  0  1  0  0
3  1  0  1  0  0  0  1  0
4  0  0  1  1  1  0  0  0
5  1  2  0  0  0  1  0  1

S_minus:
   1  2  3  4  5  6  7  8
1  0  0  0  0  0  1  0  1
2  0  0  1  1  0  0  2  0
3  0  0  0  0  1  0  0  0
4  1  1  0  0  0  0  0  1
5  0  0  1  0  0  0  0  0

# Realization 688
S_plus:
   1  2  3  4  5
1  0  0  1  1  2
2  0  1  0  0  0
3  2  0  1  0  0

S_minus:
   1  2  3  4  5
1  0  2  0  0  0
2  1  0  1  1  1
3  0  0  0  0  1

# Realization 689
S_plus:
   1   2   3   4   5   6   7   8   9   10  11
1   0   0   1   0   2   0   1   0   0   0   0
2   0   0   0   1   0   0   0   1   0   0   0
3   0   0   0   0   0   0   0   0   1   0   0
4   1   1   0   0   0   1   0   0   0   0   0
5   0   0   1   0   0   0   0   0   0   2   1

S_minus:
   1   2   3   4   5   6   7   8   9   10  11
1   0   1   0   0   0   0   0   0   0   0   0
2   1   0   1   0   0   1   0   0   1   2   0
3   1   0   1   1   1   0   1   0   0   0   0
4   0   0   0   0   0   0   0   1   0   0   1
5   0   0   0   0   0   1   0   1   1   0   0

# Realization 690
S_plus:
   1  2  3  4  5  6  7  8
1  0  0  0  0  0  1  2  0
2  0  0  1  0  1  1  0  1
3  0  1  0  1  1  0  0  1
4  1  1  0  1  0  0  0  0

S_minus:
   1  2  3  4  5  6  7  8
1  0  0  0  1  1  0  0  1
2  2  1  0  0  0  0  1  0
3  0  0  1  0  0  1  1  0
4  0  0  0  0  1  1  0  0

# Realization 691
S_plus:
   1   2   3   4   5   6   7   8   9   10  11  12
1   0   0   0   1   0   0   0   0   0   0   0   0
2   0   1   0   0   0   0   1   0   2   0   1   0
3   0   0   0   0   1   0   0   0   0   1   1   1
4   0   0   1   0   0   1   0   0   0   0   0   0
5   1   0   0   0   0   0   0   1   0   1   0   0

S_minus:
   1   2   3   4   5   6   7   8   9   10  11  12
1   0   0   0   0   1   0   1   0   0   1   1   1
2   2   0   0   0   1   0   0   1   0   1   0   0
3   0   1   0   0   0   1   0   1   1   0   0   0
4   0   0   0   1   0   0   0   0   0   0   0   0
5   0   1   1   0   0   1   0   0   1   0   1   0

# Realization 692
S_plus:
   1  2  3  4  5  6  7
1  0  2  1  0  0  1  0
2  0  0  0  0  1  0  1
3  2  0  0  2  1  0  0

S_minus:
   1  2  3  4  5  6  7
1  1  0  0  0  1  0  0
2  0  0  1  1  0  1  0
3  0  1  1  0  0  0  1

# Realization 693
S_plus:
   1  2  3
1  0  0  1
2  0  1  0
3  1  0  0
4  0  0  1
5  0  1  0

S_minus:
   1  2  3
1  0  1  0
2  1  0  0
3  0  1  1
4  1  0  0
5  0  0  1

# Realization 694
S_plus:
   1  2  3  4  5  6  7  8
1  0  1  0  1  2  0  0  1
2  0  0  1  0  0  0  0  0
3  1  0  0  0  0  2  1  1

S_minus:
   1  2  3  4  5  6  7  8
1  0  0  1  0  0  1  1  0
2  2  0  0  1  1  1  0  1
3  0  1  0  1  1  0  0  0

# Realization 695
S_plus:
   1  2  3  4  5  6  7  8
1  0  0  2  0  1  1  0  0
2  1  2  0  0  0  1  0  0
3  1  0  0  1  0  0  1  2

S_minus:
   1  2  3  4  5  6  7  8
1  1  0  0  0  0  0  2  0
2  0  0  0  1  1  0  0  1
3  0  1  2  0  1  2  0  0

# Realization 696
S_plus:
   1  2  3
1  1  0  0
2  0  0  1
3  0  1  0

S_minus:
   1  2  3
1  0  1  0
2  1  1  0
3  1  0  1

# Realization 697
S_plus:
   1  2  3  4  5  6  7  8
1  1  0  0  0  1  0  1  0
2  0  1  0  0  0  2  0  2
3  0  0  1  1  0  0  0  0
4  0  0  0  0  1  0  0  0

S_minus:
   1  2  3  4  5  6  7  8
1  0  0  1  0  0  1  0  1
2  1  0  0  0  0  0  0  0
3  1  2  0  0  1  1  1  0
4  0  0  0  1  0  0  0  1

# Realization 698
S_plus:
   1   2   3   4   5   6   7   8   9   10  11
1   0   1   0   0   0   0   0   0   0   0   0
2   0   1   0   0   1   0   0   0   1   0   0
3   0   0   0   0   0   2   1   2   1   0   0
4   0   0   0   2   1   0   0   0   0   0   2
5   2   0   1   0   0   0   0   0   0   1   0

S_minus:
   1   2   3   4   5   6   7   8   9   10  11
1   0   0   0   0   0   0   1   1   1   1   0
2   1   0   0   0   0   1   0   1   0   0   0
3   0   0   1   2   1   0   0   0   0   0   0
4   1   1   0   0   0   1   0   0   1   0   0
5   0   0   0   0   0   0   0   0   0   0   1

# Realization 699
S_plus:
   1  2  3  4  5  6  7  8  9
1  1  1  0  2  0  0  0  1  0
2  0  0  2  0  1  1  0  0  0
3  1  1  0  0  1  1  1  0  2

S_minus:
   1  2  3  4  5  6  7  8  9
1  0  0  0  0  2  1  0  0  0
2  2  1  0  0  0  0  1  2  1
3  0  0  1  1  0  0  0  0  0

# Realization 700
S_plus:
   1  2  3  4  5  6  7  8  9
1  0  0  0  0  0  1  0  0  0
2  0  0  1  0  0  0  0  0  1
3  1  0  0  1  1  0  0  0  0
4  0  0  1  0  0  0  0  0  1
5  0  0  0  1  0  0  1  1  0
6  1  2  0  0  1  0  1  0  0

S_minus:
   1  2  3  4  5  6  7  8  9
1  0  1  0  1  0  0  0  2  0
2  1  0  0  0  1  0  1  0  0
3  0  0  1  0  0  0  0  0  0
4  0  0  0  1  0  0  0  0  0
5  0  1  0  0  1  0  0  0  1
6  0  0  0  0  0  2  0  0  0

# Realization 701
S_plus:
   1  2  3  4  5  6
1  1  1  0  0  0  2
2  1  0  0  1  0  0
3  0  1  1  0  2  0

S_minus:
   1  2  3  4  5  6
1  0  0  1  2  0  0
2  0  1  0  0  1  1
3  1  0  0  0  0  1

# Realization 702
S_plus:
   1   2   3   4   5   6   7   8   9   10
1   0   0   0   1   0   0   0   0   0   0
2   1   0   1   0   0   1   1   1   0   0
3   0   1   1   0   1   0   0   0   0   0
4   0   0   0   0   0   1   0   1   1   0
5   0   1   0   0   0   0   1   0   1   1

S_minus:
   1   2   3   4   5   6   7   8   9   10
1   0   0   0   0   0   1   1   1   1   0
2   0   1   0   0   2   0   0   0   0   2
3   0   0   0   0   0   0   1   0   0   0
4   1   1   0   0   0   0   0   0   0   0
5   1   0   2   1   0   0   0   1   0   0

# Realization 703
S_plus:
   1  2  3  4  5  6  7  8  9
1  1  1  0  0  0  2  1  0  0
2  0  1  2  1  1  0  0  1  0
3  0  0  0  0  0  0  0  1  1

S_minus:
   1  2  3  4  5  6  7  8  9
1  0  0  1  0  2  0  0  1  0
2  0  0  0  0  0  0  2  0  1
3  1  1  1  1  0  2  0  0  0

# Realization 704
S_plus:
   1  2  3  4  5  6  7  8  9
1  0  0  1  0  1  0  0  0  0
2  0  1  0  1  1  0  1  0  0
3  0  0  0  0  0  0  0  2  1
4  1  0  0  1  0  0  0  0  0
5  0  1  0  0  0  1  0  0  1

S_minus:
   1  2  3  4  5  6  7  8  9
1  1  2  0  0  0  0  0  1  1
2  0  0  0  0  0  1  0  0  1
3  1  0  1  0  1  0  1  0  0
4  0  0  1  0  1  0  0  0  0
5  0  0  0  1  0  0  1  1  0

# Realization 705
S_plus:
   1  2  3  4  5  6  7
1  0  1  0  0  1  1  0
2  1  0  0  1  0  0  2
3  1  0  2  0  0  0  0

S_minus:
   1  2  3  4  5  6  7
1  1  0  0  0  0  0  1
2  0  1  1  0  1  0  0
3  0  1  0  1  0  2  1

# Realization 706
S_plus:
   1  2  3  4  5  6  7  8
1  0  0  1  0  0  0  0  1
2  2  0  0  1  0  1  0  1
3  0  2  0  1  1  0  1  0

S_minus:
   1  2  3  4  5  6  7  8
1  1  1  0  1  0  1  0  0
2  0  1  0  0  2  0  1  0
3  1  0  1  0  0  0  0  2

# Realization 707
S_plus:
   1  2  3  4  5  6
1  0  0  0  1  0  0
2  0  1  1  0  0  1
3  0  1  0  0  1  1
4  1  0  0  0  0  0

S_minus:
   1  2  3  4  5  6
1  1  1  0  0  1  0
2  1  0  0  0  0  0
3  0  0  1  0  0  0
4  0  1  0  1  1  1

# Realization 708
S_plus:
   1   2   3   4   5   6   7   8   9   10  11
1   0   2   0   0   0   0   0   1   0   2   0
2   1   0   1   0   1   0   1   0   0   0   0
3   1   0   0   1   0   2   0   0   1   0   1

S_minus:
   1   2   3   4   5   6   7   8   9   10  11
1   1   0   1   1   0   1   1   0   1   0   0
2   0   1   0   1   0   1   0   0   0   0   2
3   0   0   1   0   1   0   0   1   0   1   0

# Realization 709
S_plus:
   1   2   3   4   5   6   7   8   9   10
1   0   1   0   0   0   0   1   1   0   0
2   1   0   0   0   1   2   0   0   1   0
3   0   1   0   0   0   0   0   0   1   1
4   0   0   2   1   1   0   1   0   0   1

S_minus:
   1   2   3   4   5   6   7   8   9   10
1   0   0   1   1   1   1   0   0   2   0
2   0   2   0   0   0   0   0   0   0   1
3   0   0   1   1   0   0   1   1   0   0
4   1   0   0   0   0   1   0   0   0   0

# Realization 710
S_plus:
   1  2  3  4  5  6  7  8
1  0  0  0  0  1  1  0  0
2  0  2  2  0  0  0  1  0
3  2  0  0  1  0  1  0  1

S_minus:
   1  2  3  4  5  6  7  8
1  0  1  1  0  0  0  1  1
2  2  0  0  2  1  1  0  0
3  0  1  0  0  0  0  1  0

# Realization 711
S_plus:
   1  2  3  4  5  6  7  8  9
1  0  0  1  0  0  2  0  1  0
2  1  0  0  0  1  0  1  0  1
3  1  2  0  1  0  0  0  0  0

S_minus:
   1  2  3  4  5  6  7  8  9
1  1  1  0  0  1  0  2  0  0
2  0  1  1  1  0  1  0  0  0
3  0  0  0  0  1  1  0  2  2

# Realization 712
S_plus:
   1   2   3   4   5   6   7   8   9   10
1   1   0   1   0   1   0   2   0   2   0
2   0   1   0   2   0   1   0   1   0   0
3   0   0   1   0   0   0   0   0   0   1

S_minus:
   1   2   3   4   5   6   7   8   9   10
1   0   1   0   0   0   1   0   0   0   2
2   0   0   1   0   2   0   0   0   1   0
3   2   1   0   1   0   0   1   1   1   0

# Realization 713
S_plus:
   1   2   3   4   5   6   7   8   9   10  11
1   0   1   0   1   0   0   2   0   0   0   0
2   0   0   1   0   0   1   0   0   1   1   0
3   0   0   0   0   2   0   0   1   0   0   1
4   1   0   0   1   0   1   0   0   0   1   0

S_minus:
   1   2   3   4   5   6   7   8   9   10  11
1   1   0   0   0   2   1   0   1   0   1   0
2   1   0   0   0   0   0   0   0   0   0   0
3   0   2   1   1   0   1   1   0   0   0   0
4   0   0   0   0   0   0   0   0   1   0   1

# Realization 714
S_plus:
   1   2   3   4   5   6   7   8   9   10  11  12
1   0   1   0   0   0   0   0   0   0   0   0   1
2   0   0   0   0   1   0   0   0   0   0   1   0
3   0   0   0   1   0   0   0   0   0   1   0   1
4   0   0   0   0   0   0   0   1   0   0   1   0
5   0   0   1   0   0   0   1   0   0   0   0   0
6   0   0   1   0   0   1   1   1   0   0   0   0
7   1   0   0   1   0   0   0   0   1   0   0   0

S_minus:
   1   2   3   4   5   6   7   8   9   10  11  12
1   0   0   0   0   0   0   1   0   0   0   0   0
2   0   0   1   1   0   0   0   0   0   0   0   0
3   0   2   0   0   1   0   0   1   0   0   0   0
4   1   0   1   0   0   0   1   0   0   0   0   0
5   0   0   0   0   0   1   0   1   0   0   0   1
6   0   0   0   0   0   0   0   0   1   1   0   0
7   0   0   0   0   0   1   0   0   0   1   1   1

# Realization 715
S_plus:
   1   2   3   4   5   6   7   8   9   10
1   0   0   0   0   0   0   0   1   0   0
2   0   0   0   1   0   1   0   0   1   0
3   0   0   0   0   0   0   1   0   0   0
4   1   2   1   1   1   0   0   1   0   1

S_minus:
   1   2   3   4   5   6   7   8   9   10
1   1   1   0   1   0   1   0   0   0   1
2   1   0   0   0   0   0   0   1   0   0
3   0   1   2   1   1   1   0   0   2   0
4   0   0   0   0   0   0   1   0   0   0

# Realization 716
S_plus:
   1  2  3  4  5  6  7  8
1  0  0  1  0  0  0  0  0
2  1  0  0  0  0  0  0  0
3  0  1  0  1  0  0  0  0
4  1  1  0  0  0  0  0  0
5  0  0  0  0  1  1  0  1
6  0  0  0  0  0  0  1  1
7  0  0  0  1  0  0  0  0

S_minus:
   1  2  3  4  5  6  7  8
1  1  0  0  0  0  0  0  0
2  0  0  0  0  1  0  0  1
3  0  0  1  0  0  0  1  0
4  0  0  0  0  0  0  0  1
5  0  1  0  1  0  0  0  0
6  0  0  0  1  0  1  0  0
7  0  1  0  0  1  0  0  0

# Realization 717
S_plus:
   1  2  3  4  5  6  7
1  0  0  1  0  0  0  0
2  0  0  0  0  1  1  0
3  1  0  0  0  0  0  0
4  0  0  0  1  0  0  0
5  0  1  1  0  0  0  1

S_minus:
   1  2  3  4  5  6  7
1  0  1  0  0  0  1  0
2  1  0  0  1  0  0  0
3  0  0  1  0  1  1  1
4  0  0  1  0  0  0  1
5  0  0  0  0  1  0  0

# Realization 718
S_plus:
   1  2  3  4  5  6  7  8  9
1  0  0  2  1  0  0  1  0  0
2  0  2  0  0  0  0  0  0  1
3  1  0  0  1  1  1  0  1  0

S_minus:
   1  2  3  4  5  6  7  8  9
1  1  1  0  0  0  1  0  0  2
2  0  0  0  1  2  1  1  1  0
3  0  0  2  0  0  0  1  0  0

# Realization 719
S_plus:
   1  2  3  4  5  6  7  8  9
1  1  0  1  0  1  1  0  0  0
2  1  1  0  1  0  0  0  2  0
3  0  0  0  0  1  0  1  0  0
4  0  0  0  0  0  0  0  0  2

S_minus:
   1  2  3  4  5  6  7  8  9
1  0  1  0  0  0  0  0  0  0
2  0  0  0  0  1  1  0  0  1
3  1  0  2  1  0  1  0  0  0
4  0  0  0  0  1  0  1  1  0

# Realization 720
S_plus:
   1  2  3  4  5  6  7  8  9
1  0  1  1  0  0  0  0  0  1
2  0  0  1  2  2  0  0  1  1
3  2  1  0  0  0  2  1  0  0

S_minus:
   1  2  3  4  5  6  7  8  9
1  1  0  0  0  1  2  1  0  0
2  1  1  0  0  0  0  1  0  0
3  0  0  1  2  1  0  0  1  2

# Realization 721
S_plus:
   1  2  3  4
1  0  0  2  1
2  0  0  0  1
3  0  1  0  0
4  1  0  0  0

S_minus:
   1  2  3  4
1  0  1  0  0
2  0  0  1  0
3  1  0  0  1
4  0  0  1  0

# Realization 722
S_plus:
   1  2  3  4  5  6
1  0  0  0  0  1  0
2  0  0  0  1  0  0
3  0  0  0  0  0  1
4  0  1  2  0  1  0
5  1  0  0  0  0  0

S_minus:
   1  2  3  4  5  6
1  0  1  1  0  0  0
2  0  0  1  0  0  1
3  0  0  0  0  1  0
4  1  0  0  1  0  0
5  0  0  0  1  1  0

# Realization 723
S_plus:
   1   2   3   4   5   6   7   8   9   10  11
1   1   0   1   0   1   0   2   2   1   1   0
2   1   0   0   1   0   0   0   0   0   0   0
3   0   2   0   1   0   1   0   0   1   0   1

S_minus:
   1   2   3   4   5   6   7   8   9   10  11
1   0   1   0   1   0   0   0   0   0   0   0
2   0   0   1   0   0   2   1   0   1   1   1
3   2   0   0   0   1   0   0   1   0   1   0

# Realization 724
S_plus:
   1   2   3   4   5   6   7   8   9   10
1   1   0   0   0   0   0   1   0   0   0
2   1   0   2   0   1   0   0   0   1   0
3   0   1   0   0   1   1   0   0   1   2
4   0   1   0   1   0   0   1   1   0   0

S_minus:
   1   2   3   4   5   6   7   8   9   10
1   0   1   0   0   1   1   0   1   0   0
2   0   1   0   1   0   0   0   0   0   1
3   2   0   1   1   0   0   1   0   0   0
4   0   0   1   0   0   0   0   0   1   0

# Realization 725
S_plus:
   1  2  3  4  5  6  7  8
1  2  0  0  1  2  0  1  0
2  0  1  1  0  0  0  1  0
3  0  0  0  0  0  2  0  1

S_minus:
   1  2  3  4  5  6  7  8
1  0  0  1  0  0  1  0  0
2  1  0  0  1  2  1  0  2
3  1  1  0  0  0  0  1  0

# Realization 726
S_plus:
   1  2  3  4  5
1  1  0  0  1  1
2  0  0  0  0  1
3  0  1  2  1  0
4  0  1  0  0  0

S_minus:
   1  2  3  4  5
1  0  1  1  0  0
2  1  1  0  0  0
3  0  0  0  0  1
4  0  0  1  1  0

# Realization 727
S_plus:
   1  2  3  4  5  6  7  8
1  1  1  0  1  1  0  1  0
2  0  0  1  0  0  0  0  0
3  0  0  0  0  0  1  1  2

S_minus:
   1  2  3  4  5  6  7  8
1  0  0  0  0  0  1  0  0
2  1  0  0  0  1  1  2  1
3  0  2  1  1  1  0  0  0

# Realization 728
S_plus:
   1  2  3  4  5  6  7  8
1  0  1  1  0  0  0  1  2
2  0  1  0  2  0  0  1  0
3  1  0  1  0  2  1  0  0

S_minus:
   1  2  3  4  5  6  7  8
1  1  0  0  1  1  0  0  0
2  1  0  1  0  0  1  0  0
3  0  1  0  0  0  0  2  1

# Realization 729
S_plus:
   1  2  3  4  5
1  1  0  0  1  0
2  0  0  0  1  0
3  0  2  0  0  0
4  0  0  1  0  2

S_minus:
   1  2  3  4  5
1  0  1  1  0  0
2  1  0  0  0  0
3  0  0  0  1  1
4  0  0  0  1  0

# Realization 730
S_plus:
   1  2  3  4  5  6  7  8  9
1  0  1  0  0  0  1  1  0  0
2  0  0  1  0  0  0  0  0  0
3  0  0  0  2  0  0  1  0  1
4  1  0  1  0  0  0  0  1  0
5  0  0  0  0  1  0  0  1  0

S_minus:
   1  2  3  4  5  6  7  8  9
1  0  0  0  2  2  0  0  1  0
2  0  0  0  0  0  0  0  0  1
3  2  1  1  0  0  0  0  0  0
4  0  0  0  0  0  1  1  0  0
5  0  0  0  0  0  1  1  0  0

# Realization 731
S_plus:
   1   2   3   4   5   6   7   8   9   10  11
1   0   1   0   1   1   0   0   1   0   1   0
2   0   0   1   0   1   2   0   1   0   0   0
3   1   0   0   0   0   0   0   0   0   0   2
4   0   0   1   0   0   0   0   0   2   0   0
5   0   0   0   0   0   0   1   0   0   0   0
6   0   0   0   1   0   0   0   0   0   0   0

S_minus:
   1   2   3   4   5   6   7   8   9   10  11
1   1   0   0   0   0   1   0   0   0   0   1
2   0   1   0   1   0   0   0   0   0   0   0
3   0   1   0   0   0   0   1   1   1   1   0
4   0   0   0   1   1   0   0   0   0   0   0
5   1   0   2   0   0   0   0   0   0   0   0
6   0   0   0   0   0   1   0   0   1   1   0

# Realization 732
S_plus:
   1  2  3  4
1  0  0  1  1
2  0  1  0  1
3  1  0  1  0

S_minus:
   1  2  3  4
1  1  1  0  0
2  1  0  2  0
3  0  1  0  2

# Realization 733
S_plus:
   1  2  3  4  5  6  7  8  9
1  0  0  1  1  1  1  2  0  0
2  1  0  0  1  0  0  0  1  0
3  0  2  0  0  1  0  0  1  1

S_minus:
   1  2  3  4  5  6  7  8  9
1  1  0  0  0  0  0  0  1  0
2  0  1  1  0  2  1  1  0  1
3  0  0  0  1  0  1  0  0  0

# Realization 734
S_plus:
   1   2   3   4   5   6   7   8   9   10
1   1   0   1   2   0   0   0   0   0   1
2   0   1   0   0   0   1   0   1   0   0
3   1   0   0   0   1   1   1   0   2   0

S_minus:
   1   2   3   4   5   6   7   8   9   10
1   0   1   0   0   2   1   0   0   2   0
2   1   0   0   1   0   0   1   0   0   1
3   0   1   1   0   0   0   0   2   0   0

# Realization 735
S_plus:
   1  2  3  4  5  6  7  8
1  0  0  1  0  0  0  2  0
2  0  0  0  0  1  0  0  0
3  0  2  0  1  0  0  0  2
4  1  0  1  0  1  0  0  0
5  1  0  0  1  0  1  0  0

S_minus:
   1  2  3  4  5  6  7  8
1  1  0  0  0  1  1  0  0
2  1  0  0  0  0  1  0  0
3  0  0  1  0  0  0  1  0
4  0  1  0  1  0  0  0  1
5  0  1  0  0  0  0  0  0

# Realization 736
S_plus:
   1  2  3  4  5  6  7  8  9
1  0  1  0  0  1  0  0  0  2
2  2  0  2  1  0  0  1  1  0
3  0  0  0  0  0  1  0  1  0

S_minus:
   1  2  3  4  5  6  7  8  9
1  0  0  1  0  0  0  1  1  0
2  0  0  0  0  1  1  0  0  0
3  1  1  1  2  1  0  1  0  1

# Realization 737
S_plus:
   1   2   3   4   5   6   7   8   9   10
1   0   0   0   0   1   1   0   0   1   0
2   0   0   0   1   0   1   1   1   0   2
3   0   0   1   0   0   0   0   0   0   0
4   1   1   0   0   1   0   0   0   0   0

S_minus:
   1   2   3   4   5   6   7   8   9   10
1   0   1   0   0   0   0   0   0   0   2
2   1   0   0   0   2   0   0   0   0   0
3   0   1   0   0   0   1   1   1   2   0
4   0   0   1   1   0   0   0   1   0   0

# Realization 738
S_plus:
   1  2  3  4  5  6
1  0  1  0  0  0  0
2  0  0  2  0  1  1
3  1  0  0  2  0  0
4  0  1  0  0  0  0
5  0  0  0  0  0  1

S_minus:
   1  2  3  4  5  6
1  0  0  0  1  0  0
2  0  1  0  0  0  0
3  0  0  0  0  0  1
4  0  0  1  1  1  0
5  2  0  1  0  1  0

# Realization 739
S_plus:
   1  2  3  4  5  6
1  0  0  0  1  1  1
2  1  0  1  0  0  0
3  0  0  0  0  1  0
4  0  1  0  0  0  0

S_minus:
   1  2  3  4  5  6
1  1  0  1  0  0  0
2  0  0  0  1  1  0
3  0  1  1  0  0  1
4  1  0  0  0  1  0

# Realization 740
S_plus:
   1  2  3  4  5  6  7
1  2  2  0  1  1  1  0
2  0  0  1  0  0  0  0
3  0  0  1  0  0  0  2

S_minus:
   1  2  3  4  5  6  7
1  0  0  1  0  0  0  1
2  1  1  0  0  0  1  1
3  0  1  0  2  1  0  0

# Realization 741
S_plus:
   1   2   3   4   5   6   7   8   9   10  11  12
1   0   0   0   0   2   1   0   0   1   1   1   0
2   0   2   1   2   0   1   1   0   1   0   1   0
3   0   0   0   0   0   0   0   1   0   0   0   1
4   1   0   0   0   0   0   0   1   0   0   0   0

S_minus:
   1   2   3   4   5   6   7   8   9   10  11  12
1   0   0   1   1   0   0   0   2   0   0   0   0
2   1   0   0   0   2   0   0   0   0   0   0   0
3   1   0   0   1   0   1   0   0   0   1   2   0
4   0   1   0   0   0   1   1   0   1   0   0   1

# Realization 742
S_plus:
   1  2  3  4  5  6  7  8  9
1  0  1  0  0  0  0  1  0  1
2  0  0  0  0  0  0  0  1  0
3  2  0  1  1  0  0  0  0  0
4  0  0  0  0  0  1  0  0  0
5  0  0  1  0  1  0  0  0  0
6  0  0  0  1  0  0  0  0  0

S_minus:
   1  2  3  4  5  6  7  8  9
1  1  0  0  0  0  0  0  0  0
2  1  1  0  1  0  1  0  0  1
3  0  1  0  0  0  0  0  1  0
4  0  0  1  0  1  0  0  0  0
5  0  0  0  1  0  0  1  1  1
6  0  0  1  0  0  0  0  0  0

# Realization 743
S_plus:
   1  2  3  4  5  6  7  8
1  0  1  1  0  0  1  0  0
2  1  1  0  2  1  0  1  1
3  0  0  0  0  1  0  1  0

S_minus:
   1  2  3  4  5  6  7  8
1  0  0  0  1  1  0  2  0
2  0  0  0  0  0  1  0  0
3  2  2  1  1  0  0  0  1

# Realization 744
S_plus:
   1   2   3   4   5   6   7   8   9   10  11
1   0   0   1   1   0   2   2   1   0   0   0
2   0   0   0   0   1   0   0   0   0   0   0
3   1   0   1   1   0   0   0   0   0   1   0
4   1   1   0   0   0   0   0   1   1   0   0
5   0   1   0   0   1   0   0   0   1   0   2

S_minus:
   1   2   3   4   5   6   7   8   9   10  11
1   0   1   0   0   1   0   0   0   1   1   1
2   1   1   1   1   0   0   1   0   0   1   0
3   0   0   0   0   0   1   0   1   0   0   0
4   0   0   0   0   1   0   0   0   0   0   0
5   0   0   1   0   0   0   0   0   0   0   0

# Realization 745
S_plus:
   1   2   3   4   5   6   7   8   9   10  11
1   1   0   1   0   0   0   0   0   0   0   0
2   0   0   0   0   0   1   1   0   0   0   0
3   0   0   0   0   0   0   0   1   0   0   0
4   0   0   1   0   0   0   1   0   0   1   1
5   0   0   0   2   1   0   0   0   2   1   1
6   1   1   0   0   1   0   0   0   0   0   0

S_minus:
   1   2   3   4   5   6   7   8   9   10  11
1   0   0   0   1   0   0   0   0   1   0   1
2   0   0   0   1   1   0   0   0   0   0   0
3   1   1   0   0   0   0   0   0   0   0   1
4   0   1   0   0   0   1   0   0   0   0   0
5   0   0   1   0   0   1   1   1   0   0   0
6   0   0   0   0   0   0   0   0   1   2   0

# Realization 746
S_plus:
   1  2  3  4  5  6  7  8
1  0  1  1  0  0  0  0  1
2  0  0  0  0  0  1  2  0
3  2  0  0  1  2  0  0  0

S_minus:
   1  2  3  4  5  6  7  8
1  0  0  0  1  1  0  1  0
2  1  1  0  1  1  0  0  1
3  0  0  2  0  0  2  1  1

# Realization 747
S_plus:
   1   2   3   4   5   6   7   8   9   10
1   0   0   2   0   0   1   0   0   1   0
2   0   0   0   2   1   1   0   2   0   0
3   1   1   0   0   0   0   2   0   0   1

S_minus:
   1   2   3   4   5   6   7   8   9   10
1   0   1   0   1   1   0   1   2   0   1
2   1   0   1   0   0   0   0   0   0   1
3   0   0   1   1   1   1   0   0   1   0

# Realization 748
S_plus:
   1  2  3  4  5  6  7  8
1  0  0  0  0  0  0  0  1
2  0  0  0  0  0  0  0  1
3  0  1  0  0  2  0  1  0
4  0  0  1  0  0  0  0  0
5  1  0  0  0  0  0  0  0
6  0  0  0  1  0  2  1  0

S_minus:
   1  2  3  4  5  6  7  8
1  0  0  0  1  0  0  0  0
2  0  0  1  0  0  1  2  0
3  1  0  0  0  0  0  0  0
4  0  0  0  1  0  0  0  0
5  0  1  0  0  0  1  0  2
6  0  0  1  0  1  0  0  0

# Realization 749
S_plus:
   1   2   3   4   5   6   7   8   9   10  11  12
1   1   0   0   1   0   0   1   0   0   1   0   0
2   0   0   1   0   0   1   0   1   0   0   0   1
3   0   0   0   0   1   0   0   1   0   0   0   0
4   0   0   0   0   0   0   0   0   0   0   1   0
5   0   0   0   1   0   0   0   0   0   0   0   1
6   0   1   0   0   0   0   0   0   0   0   0   0
7   0   0   0   0   0   0   1   0   2   0   0   0

S_minus:
   1   2   3   4   5   6   7   8   9   10  11  12
1   0   1   0   0   0   1   0   0   0   0   1   0
2   0   0   0   0   0   0   1   0   0   0   0   0
3   0   0   1   0   0   0   0   0   0   1   0   0
4   0   0   0   1   0   0   0   1   0   0   0   0
5   0   0   0   0   1   1   0   0   0   1   0   0
6   1   0   0   0   0   0   0   0   1   0   0   0
7   0   0   0   1   0   0   0   0   0   0   1   1

# Realization 750
S_plus:
   1  2  3  4  5  6  7  8
1  0  1  0  0  0  0  0  1
2  0  0  0  0  2  1  1  0
3  0  0  1  0  0  0  1  0
4  2  1  1  1  0  1  0  0

S_minus:
   1  2  3  4  5  6  7  8
1  0  0  0  1  0  1  1  0
2  0  0  1  0  0  0  0  1
3  1  1  0  0  1  0  0  1
4  0  0  0  0  0  0  1  0

# Realization 751
S_plus:
   1  2  3  4  5  6  7  8  9
1  0  0  0  0  0  0  1  1  0
2  0  0  0  0  0  1  0  0  0
3  0  0  1  0  1  1  0  0  0
4  0  0  0  0  0  0  1  0  1
5  1  1  0  0  0  0  0  1  0
6  1  0  0  0  0  0  0  0  1
7  0  0  0  1  1  0  0  0  0
8  0  1  0  0  0  0  0  0  0

S_minus:
   1  2  3  4  5  6  7  8  9
1  0  1  0  0  0  1  0  0  0
2  0  1  0  0  0  0  0  0  1
3  0  0  0  0  0  0  1  1  0
4  1  0  0  0  0  0  0  0  0
5  0  0  0  0  1  0  0  0  0
6  0  0  0  1  0  0  0  1  0
7  0  0  1  0  0  1  1  0  0
8  0  0  0  0  0  0  0  0  1

# Realization 752
S_plus:
   1   2   3   4   5   6   7   8   9   10  11
1   2   0   0   0   1   1   0   0   1   0   1
2   0   0   1   0   0   0   1   0   1   0   0
3   0   2   0   1   0   0   0   2   0   1   1

S_minus:
   1   2   3   4   5   6   7   8   9   10  11
1   0   1   2   1   0   0   0   0   0   0   0
2   1   1   0   1   1   0   0   1   0   1   2
3   1   0   0   0   1   1   1   0   1   0   0

# Realization 753
S_plus:
   1   2   3   4   5   6   7   8   9   10
1   0   0   1   2   1   2   1   0   1   0
2   0   1   0   0   0   0   0   2   1   0
3   2   0   0   0   0   0   0   0   0   2

S_minus:
   1   2   3   4   5   6   7   8   9   10
1   2   2   0   0   0   0   0   2   0   1
2   0   0   1   2   0   1   0   0   0   0
3   0   0   0   0   2   0   1   0   2   0

# Realization 754
S_plus:
   1   2   3   4   5   6   7   8   9   10  11
1   1   0   1   0   0   0   0   1   0   1   1
2   0   0   0   0   0   1   0   0   0   0   0
3   0   2   0   0   0   0   2   0   1   0   1
4   1   0   1   2   1   0   0   0   0   0   0

S_minus:
   1   2   3   4   5   6   7   8   9   10  11
1   0   1   0   1   1   0   1   0   1   0   0
2   1   1   2   0   0   0   0   1   0   0   0
3   0   0   0   0   1   1   0   1   0   0   0
4   0   0   0   0   0   1   1   0   0   1   1

# Realization 755
S_plus:
   1   2   3   4   5   6   7   8   9   10  11  12
1   0   0   0   0   0   0   0   0   1   0   0   0
2   1   0   0   0   0   1   0   1   0   0   1   1
3   0   0   1   0   1   0   0   0   0   1   0   0
4   1   0   0   0   0   1   2   0   0   0   0   0
5   0   0   0   1   0   0   0   0   0   1   0   0
6   0   1   0   0   0   0   0   0   0   0   1   0

S_minus:
   1   2   3   4   5   6   7   8   9   10  11  12
1   0   0   0   0   0   0   0   0   0   0   1   0
2   0   0   1   0   0   0   0   0   0   0   0   0
3   2   1   0   1   0   0   0   2   1   0   0   1
4   0   0   0   0   0   0   0   0   1   0   0   1
5   0   1   0   0   1   0   1   0   0   0   0   0
6   0   0   0   1   1   1   0   0   0   1   0   0

# Realization 756
S_plus:
   1  2  3  4  5  6
1  2  1  0  0  0  0
2  0  0  1  0  1  0
3  0  0  1  0  0  0
4  0  0  0  1  0  0
5  0  0  0  0  0  1

S_minus:
   1  2  3  4  5  6
1  0  0  1  0  0  0
2  0  0  0  1  0  1
3  0  1  0  0  1  0
4  0  0  1  0  0  0
5  1  1  0  1  0  0

# Realization 757
S_plus:
   1  2  3  4  5  6  7
1  0  1  0  0  0  0  1
2  0  0  0  0  2  0  0
3  0  0  0  1  0  0  0
4  1  0  1  0  0  0  0
5  0  0  1  0  0  2  0

S_minus:
   1  2  3  4  5  6  7
1  0  0  1  0  1  0  0
2  1  1  0  0  0  0  1
3  0  0  0  0  0  0  1
4  0  0  0  0  0  1  0
5  0  0  0  1  0  0  0

# Realization 758
S_plus:
   1  2  3  4  5  6  7
1  0  1  0  1  1  0  1
2  0  0  0  1  0  0  0
3  2  0  0  0  0  1  0
4  0  1  2  0  0  0  0

S_minus:
   1  2  3  4  5  6  7
1  1  0  0  0  0  1  0
2  1  1  0  0  1  1  1
3  0  1  2  0  0  0  1
4  0  0  0  1  1  0  0

# Realization 759
S_plus:
   1  2  3  4  5  6
1  2  0  0  1  1  1
2  0  2  1  1  0  0
3  0  0  1  0  0  0

S_minus:
   1  2  3  4  5  6
1  0  1  2  0  0  0
2  2  0  0  0  2  0
3  0  0  0  1  0  1

# Realization 760
S_plus:
   1   2   3   4   5   6   7   8   9   10  11
1   0   1   2   0   0   0   0   0   0   0   1
2   2   1   0   0   2   0   1   1   1   1   0
3   0   0   0   2   0   1   0   1   0   1   0

S_minus:
   1   2   3   4   5   6   7   8   9   10  11
1   1   0   0   1   0   0   0   2   1   1   0
2   0   0   1   0   0   1   0   0   0   0   1
3   0   1   1   0   1   0   2   0   0   0   0

# Realization 761
S_plus:
   1  2  3  4  5  6  7  8  9
1  1  0  0  0  0  0  2  0  0
2  0  2  1  0  0  1  0  1  0
3  0  0  0  1  0  0  0  0  0
4  0  0  0  1  2  0  0  0  1

S_minus:
   1  2  3  4  5  6  7  8  9
1  0  1  1  0  1  1  0  0  0
2  1  0  0  1  0  0  1  0  0
3  1  1  0  0  0  0  0  0  2
4  0  0  1  0  0  0  1  2  0

# Realization 762
S_plus:
   1   2   3   4   5   6   7   8   9   10  11
1   0   0   1   0   0   0   0   0   0   0   1
2   1   0   0   1   0   0   0   0   1   0   1
3   1   0   1   1   1   1   0   0   0   0   0
4   0   2   0   0   0   0   2   1   1   2   0

S_minus:
   1   2   3   4   5   6   7   8   9   10  11
1   1   0   0   0   0   1   1   0   1   1   0
2   0   0   0   0   0   0   1   0   0   0   0
3   0   1   0   0   0   0   0   1   1   1   1
4   1   0   2   1   1   0   0   0   0   0   0

# Realization 763
S_plus:
   1  2  3  4  5
1  0  1  2  0  1
2  1  0  0  2  0
3  0  0  0  0  1

S_minus:
   1  2  3  4  5
1  1  0  0  1  0
2  0  1  2  0  1
3  0  1  0  0  0

# Realization 764
S_plus:
   1  2  3  4  5  6  7
1  0  1  2  0  2  0  0
2  0  0  0  1  0  2  2
3  1  0  0  0  0  0  0

S_minus:
   1  2  3  4  5  6  7
1  1  0  0  0  0  0  1
2  0  0  0  0  1  0  0
3  0  2  2  1  0  2  1

# Realization 765
S_plus:
   1   2   3   4   5   6   7   8   9   10  11  12
1   0   0   0   0   0   0   0   0   1   0   0   1
2   0   0   0   1   0   0   0   1   0   0   1   0
3   0   1   0   0   0   0   0   0   0   1   0   1
4   0   0   1   1   0   1   0   0   0   0   0   0
5   0   0   0   0   1   0   1   0   0   0   0   0
6   1   1   0   0   1   0   1   1   1   0   0   0

S_minus:
   1   2   3   4   5   6   7   8   9   10  11  12
1   0   1   0   0   0   0   0   1   0   0   1   0
2   0   0   0   0   1   0   0   0   0   0   0   0
3   0   0   0   2   0   1   0   0   2   0   0   0
4   1   0   0   0   0   0   2   0   0   1   0   1
5   0   0   0   0   0   1   0   1   0   0   1   0
6   0   0   1   0   0   0   0   0   0   0   0   1

# Realization 766
S_plus:
   1  2  3  4  5  6
1  0  0  0  0  0  1
2  0  1  0  2  0  1
3  1  0  1  0  1  0

S_minus:
   1  2  3  4  5  6
1  0  1  2  2  1  0
2  2  0  0  0  1  0
3  0  0  0  0  0  2

# Realization 767
S_plus:
   1  2  3  4  5  6  7  8
1  1  0  0  0  1  0  0  0
2  0  1  0  0  1  0  0  0
3  0  0  0  0  0  1  0  0
4  0  0  0  0  0  0  2  0
5  0  0  1  1  0  0  0  0
6  0  0  1  0  0  0  0  1

S_minus:
   1  2  3  4  5  6  7  8
1  0  1  0  0  0  0  1  0
2  0  0  0  1  0  1  0  0
3  0  0  1  0  1  0  0  2
4  1  0  0  0  0  0  0  0
5  1  0  0  0  0  0  0  0
6  0  0  0  0  1  0  0  0

# Realization 768
S_plus:
   1   2   3   4   5   6   7   8   9   10
1   0   0   0   0   0   0   1   0   0   1
2   1   0   1   0   1   1   0   0   0   0
3   0   0   1   1   1   0   0   0   0   0
4   0   2   0   1   0   0   0   2   2   1

S_minus:
   1   2   3   4   5   6   7   8   9   10
1   0   0   1   1   1   0   0   0   1   0
2   0   0   0   0   0   0   0   0   1   0
3   2   1   0   0   0   1   0   2   0   2
4   0   0   1   0   0   0   1   0   0   0

# Realization 769
S_plus:
   1  2  3  4  5  6  7
1  0  0  0  2  0  0  1
2  2  2  0  0  1  2  1
3  0  0  2  0  1  0  0

S_minus:
   1  2  3  4  5  6  7
1  2  0  0  0  1  0  0
2  0  0  2  1  0  0  0
3  0  1  0  1  0  2  1

# Realization 770
S_plus:
   1  2  3  4  5  6  7
1  0  1  1  0  2  0  0
2  1  1  0  0  0  1  0
3  0  0  0  1  0  1  1

S_minus:
   1  2  3  4  5  6  7
1  1  0  0  1  0  1  2
2  0  0  1  1  1  0  0
3  1  2  0  0  0  0  0

# Realization 771
S_plus:
   1  2  3  4  5  6  7  8
1  0  0  0  0  0  2  1  0
2  1  0  0  2  0  0  0  0
3  0  1  2  0  1  0  1  1

S_minus:
   1  2  3  4  5  6  7  8
1  1  0  1  1  1  0  0  2
2  0  1  1  0  1  1  1  0
3  0  0  0  1  0  0  0  0

# Realization 772
S_plus:
   1   2   3   4   5   6   7   8   9   10  11
1   0   0   0   0   1   1   1   0   1   1   0
2   1   0   0   0   0   1   0   0   0   0   0
3   0   0   0   0   1   0   0   1   0   1   1
4   0   1   1   1   0   0   0   1   0   0   0

S_minus:
   1   2   3   4   5   6   7   8   9   10  11
1   1   1   0   0   0   0   0   0   0   0   0
2   0   0   1   0   0   0   0   1   0   0   0
3   1   1   0   1   0   0   1   0   0   0   0
4   0   0   0   0   2   1   0   0   1   1   1

# Realization 773
S_plus:
   1  2  3  4  5  6  7  8  9
1  0  0  1  0  0  1  1  1  0
2  0  0  0  0  0  0  0  1  1
3  0  0  0  1  0  0  0  0  0
4  1  0  0  0  1  0  0  0  0
5  1  1  0  0  0  0  0  0  0

S_minus:
   1  2  3  4  5  6  7  8  9
1  0  1  0  0  0  0  0  0  0
2  2  0  0  0  1  1  0  0  0
3  0  0  0  0  1  0  0  1  1
4  0  1  1  1  0  0  1  0  0
5  0  0  1  0  0  0  0  0  0

# Realization 774
S_plus:
   1   2   3   4   5   6   7   8   9   10  11
1   0   0   0   0   0   1   0   1   0   0   1
2   1   1   2   0   0   0   0   0   1   0   0
3   0   1   0   0   1   0   1   0   0   0   0
4   0   0   0   0   1   1   0   1   0   2   1
5   0   0   0   2   0   0   0   0   0   0   0

S_minus:
   1   2   3   4   5   6   7   8   9   10  11
1   0   1   0   1   1   0   1   0   0   1   0
2   0   0   0   1   0   0   0   1   0   1   0
3   0   0   0   0   0   1   0   0   1   0   2
4   0   0   1   0   0   0   0   0   0   0   0
5   1   0   0   0   0   1   1   1   0   0   0

# Realization 775
S_plus:
   1  2  3  4  5  6
1  1  0  0  0  0  1
2  0  1  0  0  2  0
3  0  0  2  1  0  1

S_minus:
   1  2  3  4  5  6
1  0  0  1  0  1  0
2  1  0  1  1  0  1
3  0  1  0  0  0  0

# Realization 776
S_plus:
   1  2  3  4  5  6  7  8  9
1  0  1  0  1  1  0  0  1  2
2  0  0  0  0  0  1  0  0  0
3  0  1  1  0  0  0  1  0  0
4  1  0  0  1  0  1  0  1  0

S_minus:
   1  2  3  4  5  6  7  8  9
1  1  0  0  0  0  2  1  0  0
2  1  2  0  0  0  0  0  1  1
3  0  0  0  1  1  0  0  1  0
4  0  0  1  0  1  0  0  0  1

# Realization 777
S_plus:
   1  2  3  4  5  6  7  8
1  0  1  1  1  0  0  1  0
2  1  0  0  0  0  2  0  0
3  0  0  0  1  2  0  1  1

S_minus:
   1  2  3  4  5  6  7  8
1  1  0  0  0  1  1  0  1
2  0  0  1  2  1  0  1  0
3  0  1  0  0  0  1  0  0

# Realization 778
S_plus:
   1   2   3   4   5   6   7   8   9   10
1   0   0   0   1   1   0   0   1   1   0
2   0   1   2   0   0   0   1   0   0   0
3   1   1   0   1   0   1   0   0   0   0
4   0   0   0   0   1   1   0   0   1   2

S_minus:
   1   2   3   4   5   6   7   8   9   10
1   0   1   0   0   0   2   0   0   0   0
2   0   0   0   0   0   0   0   1   1   1
3   0   0   1   0   2   0   1   1   0   0
4   1   1   0   1   0   0   0   0   0   0

# Realization 779
S_plus:
   1   2   3   4   5   6   7   8   9   10  11
1   0   0   1   0   0   1   0   1   0   0   0
2   0   1   0   0   1   0   2   0   1   0   0
3   0   0   0   0   1   0   0   1   0   0   0
4   0   0   0   1   0   0   0   0   1   1   0
5   1   0   1   0   0   0   0   0   0   1   1

S_minus:
   1   2   3   4   5   6   7   8   9   10  11
1   0   2   0   0   1   0   0   0   0   1   0
2   0   0   0   0   0   2   0   0   0   1   0
3   1   0   0   0   0   0   1   0   2   0   1
4   0   0   1   0   0   0   0   1   0   0   1
5   0   0   0   1   0   0   0   0   0   0   0

# Realization 780
S_plus:
   1   2   3   4   5   6   7   8   9   10
1   1   0   0   0   1   2   0   1   0   0
2   0   0   1   0   0   0   1   1   0   1
3   0   1   0   0   0   0   0   0   1   0
4   0   0   0   1   1   0   0   0   0   1
5   0   0   0   0   0   0   0   0   1   0

S_minus:
   1   2   3   4   5   6   7   8   9   10
1   0   0   0   0   0   0   0   0   0   1
2   0   1   0   1   0   0   0   0   1   0
3   1   0   0   0   0   0   0   0   0   0
4   0   0   0   0   0   0   1   1   0   0
5   0   0   1   1   1   1   1   0   0   0

# Realization 781
S_plus:
   1  2  3  4  5  6  7  8  9
1  0  1  0  1  0  0  0  0  1
2  0  1  1  1  1  0  0  0  0
3  1  0  1  0  1  2  0  0  0
4  1  0  0  0  0  0  2  1  0

S_minus:
   1  2  3  4  5  6  7  8  9
1  1  0  1  0  2  0  0  0  0
2  1  0  0  0  0  1  1  0  1
3  0  1  0  0  0  0  1  1  0
4  0  1  0  2  0  0  0  0  0

# Realization 782
S_plus:
   1  2  3  4  5  6  7
1  0  0  1  1  0  2  2
2  1  0  0  1  0  0  0
3  0  1  0  0  1  0  0
4  1  0  0  0  1  0  0

S_minus:
   1  2  3  4  5  6  7
1  1  1  0  0  1  0  0
2  0  0  0  0  1  0  1
3  1  0  1  1  0  2  1
4  0  0  1  0  0  0  0

# Realization 783
S_plus:
   1  2  3  4  5  6  7  8  9
1  0  0  0  0  2  0  1  0  0
2  0  1  0  0  0  0  0  1  1
3  1  1  0  0  0  0  0  0  0
4  0  0  1  1  0  2  0  0  1

S_minus:
   1  2  3  4  5  6  7  8  9
1  0  0  0  2  0  0  0  0  1
2  0  0  1  0  1  0  0  0  0
3  0  0  1  0  0  1  0  0  1
4  1  1  0  0  0  0  1  2  0

# Realization 784
S_plus:
   1  2  3  4  5  6  7  8  9
1  0  0  0  0  1  1  0  1  0
2  0  0  0  0  0  1  1  0  0
3  1  0  0  1  0  0  0  0  0
4  0  1  1  1  0  0  1  0  1

S_minus:
   1  2  3  4  5  6  7  8  9
1  1  0  1  0  0  0  1  0  0
2  1  1  0  1  1  0  0  0  0
3  0  0  0  0  0  0  1  0  2
4  0  0  0  0  1  1  0  1  0

# Realization 785
S_plus:
   1  2  3  4  5  6  7  8
1  0  0  0  1  0  0  0  0
2  0  2  1  0  0  0  0  0
3  1  0  0  1  0  0  1  0
4  1  0  0  0  2  1  1  1

S_minus:
   1  2  3  4  5  6  7  8
1  1  0  1  0  0  1  0  1
2  0  0  0  0  0  0  2  1
3  0  1  1  0  1  1  0  0
4  0  0  0  1  0  0  0  0

# Realization 786
S_plus:
   1  2  3  4  5  6  7  8
1  0  0  0  0  0  0  1  0
2  0  1  0  1  0  0  0  0
3  0  0  1  0  0  0  1  1
4  1  0  0  1  2  1  0  1

S_minus:
   1  2  3  4  5  6  7  8
1  1  0  0  1  0  0  0  1
2  0  0  2  0  1  0  1  0
3  0  0  0  0  1  2  0  0
4  0  1  0  0  0  0  0  0

# Realization 787
S_plus:
   1  2  3  4  5  6  7  8
1  0  1  2  0  0  0  0  0
2  0  1  0  1  1  2  0  0
3  1  0  0  0  1  0  1  1

S_minus:
   1  2  3  4  5  6  7  8
1  0  0  0  1  2  1  0  1
2  2  0  1  0  0  0  1  0
3  0  1  0  0  0  1  0  0

# Realization 788
S_plus:
   1  2  3  4  5
1  1  1  0  1  0
2  0  0  0  1  0
3  0  1  1  0  2

S_minus:
   1  2  3  4  5
1  0  0  1  0  1
2  1  1  0  0  0
3  0  0  0  2  0

# Realization 789
S_plus:
   1  2  3  4  5  6
1  0  0  0  1  0  1
2  2  1  1  0  0  0
3  0  0  0  1  1  0

S_minus:
   1  2  3  4  5  6
1  1  1  0  0  0  0
2  0  0  0  1  1  1
3  1  1  2  0  0  0

# Realization 790
S_plus:
   1  2  3  4  5  6  7
1  0  1  0  0  1  0  0
2  1  0  1  0  0  0  0
3  0  0  1  1  0  2  0
4  0  1  0  0  1  0  1

S_minus:
   1  2  3  4  5  6  7
1  0  0  1  1  0  1  0
2  0  0  0  0  1  0  0
3  2  1  0  0  1  0  1
4  0  0  1  0  0  0  0

# Realization 791
S_plus:
   1   2   3   4   5   6   7   8   9   10  11  12
1   0   0   0   0   1   0   0   0   0   0   0   0
2   0   0   0   0   0   0   0   0   0   0   1   0
3   1   0   0   0   1   0   0   0   0   0   0   0
4   0   0   0   0   0   0   0   1   0   0   0   0
5   0   0   0   1   0   0   0   0   0   1   0   0
6   1   1   1   0   0   1   0   0   1   0   0   0
7   0   1   0   1   0   0   1   0   0   0   0   0
8   0   0   0   0   0   1   0   1   0   0   0   1

S_minus:
   1   2   3   4   5   6   7   8   9   10  11  12
1   0   0   1   1   0   0   0   0   0   1   0   0
2   1   0   0   0   0   0   1   0   1   0   0   0
3   0   1   0   0   0   0   0   1   0   0   0   0
4   0   1   0   0   0   1   0   0   0   0   1   0
5   0   0   0   0   1   0   0   1   0   0   0   1
6   0   0   0   1   0   0   1   0   0   0   0   0
7   0   0   1   0   0   0   0   0   0   0   0   0
8   0   0   0   0   0   0   0   0   0   1   0   0

# Realization 792
S_plus:
   1  2  3  4
1  0  0  1  0
2  0  1  0  0
3  1  1  0  1
4  0  0  1  0

S_minus:
   1  2  3  4
1  1  0  0  0
2  1  0  0  2
3  0  0  1  0
4  0  1  0  0

# Realization 793
S_plus:
   1   2   3   4   5   6   7   8   9   10
1   1   0   0   1   0   0   0   2   0   0
2   0   2   0   0   1   0   0   0   0   1
3   0   0   0   0   1   0   0   0   1   1
4   0   0   1   0   0   1   0   0   0   0
5   0   0   0   1   0   1   0   0   1   0
6   0   0   0   0   0   0   1   0   0   0

S_minus:
   1   2   3   4   5   6   7   8   9   10
1   0   0   1   0   0   1   0   0   0   0
2   1   0   0   1   0   0   0   0   2   0
3   0   0   0   1   0   1   2   1   0   0
4   0   0   0   0   2   0   0   0   0   0
5   0   1   0   0   0   0   0   0   0   0
6   0   0   0   0   0   0   0   0   0   1

# Realization 794
S_plus:
   1  2  3  4  5  6  7
1  0  0  0  0  0  1  1
2  1  0  0  1  1  0  0
3  0  0  1  0  0  0  0
4  0  1  0  0  0  0  0
5  1  0  0  0  0  0  1

S_minus:
   1  2  3  4  5  6  7
1  1  1  0  0  0  0  0
2  0  0  1  0  0  1  1
3  0  0  0  1  1  0  0
4  1  0  0  0  1  0  1
5  0  0  0  1  0  0  0

# Realization 795
S_plus:
   1  2  3  4  5  6  7  8
1  2  1  0  1  0  0  0  1
2  0  0  0  0  0  0  1  1
3  0  0  0  1  0  1  0  0
4  0  1  1  0  2  0  0  0

S_minus:
   1  2  3  4  5  6  7  8
1  0  0  1  0  0  1  1  0
2  2  0  0  1  0  0  0  0
3  0  1  0  0  1  0  0  2
4  0  0  0  1  0  0  0  0

# Realization 796
S_plus:
   1  2  3  4  5  6  7  8  9
1  1  0  0  0  0  1  0  0  0
2  0  0  0  0  2  1  1  0  0
3  0  0  0  2  0  0  0  1  0
4  0  1  2  0  0  0  1  0  2

S_minus:
   1  2  3  4  5  6  7  8  9
1  0  1  1  1  0  0  0  0  0
2  0  1  1  0  0  0  0  2  1
3  1  0  0  0  0  1  2  0  1
4  1  0  0  0  1  0  0  0  0

# Realization 797
S_plus:
   1  2  3  4  5
1  0  0  1  1  1
2  0  0  0  1  0
3  1  1  0  0  1

S_minus:
   1  2  3  4  5
1  1  0  0  0  0
2  0  2  1  0  2
3  0  0  0  1  0

# Realization 798
S_plus:
   1  2  3  4  5  6
1  0  0  1  0  0  1
2  0  0  0  0  0  1
3  2  2  1  2  2  0

S_minus:
   1  2  3  4  5  6
1  0  1  0  2  1  0
2  2  1  1  0  0  0
3  0  0  0  0  0  1

# Realization 799
S_plus:
   1  2  3  4  5  6  7  8
1  0  0  1  0  1  0  0  1
2  2  0  0  1  0  2  0  0
3  0  2  0  0  0  0  1  1

S_minus:
   1  2  3  4  5  6  7  8
1  1  2  0  0  0  2  1  0
2  0  0  2  0  1  0  0  1
3  0  0  0  1  0  0  0  0

# Realization 800
S_plus:
   1  2  3  4  5  6  7  8  9
1  0  1  0  0  1  1  2  0  0
2  1  0  0  0  0  0  0  1  0
3  0  0  1  0  0  0  0  0  1
4  1  0  0  1  0  1  0  0  1

S_minus:
   1  2  3  4  5  6  7  8  9
1  1  0  1  2  0  0  0  2  1
2  0  1  1  0  1  1  1  0  0
3  0  0  0  0  0  1  0  0  0
4  0  1  0  0  0  0  1  0  0

# Realization 801
S_plus:
   1  2  3  4  5
1  1  0  0  0  0
2  0  2  0  0  0
3  0  0  0  0  2
4  0  0  2  1  0

S_minus:
   1  2  3  4  5
1  0  0  0  0  1
2  1  0  1  1  1
3  1  0  0  0  0
4  0  1  0  0  0

# Realization 802
S_plus:
   1  2  3  4  5  6
1  1  0  0  1  0  0
2  0  0  1  0  0  1
3  0  0  0  1  0  0
4  0  0  0  0  1  0
5  0  1  0  0  0  1

S_minus:
   1  2  3  4  5  6
1  0  0  1  0  0  0
2  0  0  0  1  0  0
3  0  1  0  0  1  1
4  0  1  0  0  0  0
5  1  0  0  0  0  0

# Realization 803
S_plus:
   1   2   3   4   5   6   7   8   9   10  11  12
1   0   0   0   0   0   0   0   0   0   1   0   2
2   0   1   0   1   0   1   1   1   2   0   1   0
3   1   0   2   0   0   0   0   1   0   0   0   0
4   0   0   0   0   2   1   0   0   0   1   0   0

S_minus:
   1   2   3   4   5   6   7   8   9   10  11  12
1   0   0   1   0   0   1   1   0   1   0   1   0
2   1   0   1   0   1   0   0   0   0   1   0   1
3   0   0   0   1   1   0   0   0   0   0   1   0
4   0   1   0   0   0   0   0   1   1   0   0   1

# Realization 804
S_plus:
   1   2   3   4   5   6   7   8   9   10  11  12
1   1   1   0   1   0   0   0   0   0   0   0   0
2   1   0   0   1   0   0   0   0   0   0   0   0
3   0   0   0   0   0   0   0   1   0   1   0   2
4   0   0   1   0   0   0   1   0   0   1   0   0
5   0   0   0   0   1   0   0   0   1   0   1   0
6   0   1   0   0   0   1   1   0   1   0   0   0

S_minus:
   1   2   3   4   5   6   7   8   9   10  11  12
1   0   0   0   0   0   0   1   0   0   0   1   0
2   0   1   0   0   1   0   0   1   1   1   0   0
3   2   1   0   0   0   0   0   0   0   0   1   0
4   0   0   0   2   1   1   0   1   0   0   0   0
5   0   0   0   0   0   1   0   0   0   0   0   1
6   0   0   1   0   0   0   0   0   0   0   0   0

# Realization 805
S_plus:
   1  2  3  4  5  6  7  8
1  0  1  1  0  1  0  0  1
2  2  0  1  1  0  0  1  0
3  0  0  0  1  1  1  0  0

S_minus:
   1  2  3  4  5  6  7  8
1  0  0  0  2  0  1  0  0
2  0  0  0  0  2  0  0  1
3  1  1  1  0  0  0  1  1

# Realization 806
S_plus:
   1  2  3  4  5  6
1  0  0  0  0  0  2
2  0  0  0  0  1  0
3  1  1  1  0  0  0
4  0  1  0  1  0  0

S_minus:
   1  2  3  4  5  6
1  1  2  0  0  1  0
2  0  0  1  1  0  1
3  0  0  0  1  0  0
4  1  0  0  0  1  1

# Realization 807
S_plus:
   1   2   3   4   5   6   7   8   9   10  11
1   1   0   0   0   0   1   1   0   0   1   0
2   1   1   0   0   0   0   0   0   0   0   0
3   0   0   0   0   0   0   1   0   1   0   0
4   0   1   2   0   2   1   0   1   1   0   0
5   0   0   0   1   0   0   0   0   0   0   1

S_minus:
   1   2   3   4   5   6   7   8   9   10  11
1   0   0   1   0   1   0   0   0   0   0   0
2   0   0   1   1   0   0   1   0   1   0   0
3   0   2   0   0   0   0   0   0   0   2   1
4   1   0   0   0   0   0   1   0   0   0   0
5   0   0   0   0   1   1   0   1   1   0   0

# Realization 808
S_plus:
   1  2  3  4  5  6  7  8  9
1  0  1  0  0  0  1  0  0  0
2  2  1  0  1  0  0  2  0  1
3  0  0  1  1  1  1  0  2  0

S_minus:
   1  2  3  4  5  6  7  8  9
1  1  0  2  1  0  0  2  2  1
2  0  0  0  0  1  1  0  0  0
3  0  1  0  0  0  0  0  0  1

# Realization 809
S_plus:
   1  2  3  4  5  6  7  8
1  0  1  0  0  1  0  1  0
2  1  0  2  0  0  1  0  1
3  0  0  0  1  1  0  0  0

S_minus:
   1  2  3  4  5  6  7  8
1  1  0  1  1  0  1  0  2
2  0  1  0  0  1  0  1  0
3  1  1  0  0  0  0  0  0

# Realization 810
S_plus:
   1   2   3   4   5   6   7   8   9   10
1   0   1   2   0   2   2   0   1   0   0
2   1   0   0   1   0   0   0   1   0   0
3   0   0   0   1   0   0   2   0   1   1

S_minus:
   1   2   3   4   5   6   7   8   9   10
1   2   0   0   1   0   0   0   0   1   1
2   0   1   1   0   0   2   2   0   1   0
3   0   1   1   0   1   0   0   2   0   0

# Realization 811
S_plus:
   1  2  3  4  5  6  7  8  9
1  1  1  0  0  0  1  1  2  0
2  0  0  0  1  0  1  0  0  1
3  0  0  1  1  2  0  0  0  0
4  1  1  0  0  0  0  0  0  1

S_minus:
   1  2  3  4  5  6  7  8  9
1  0  0  0  0  0  0  0  0  1
2  0  2  0  0  0  0  0  0  0
3  1  0  0  0  0  1  0  2  0
4  0  0  1  2  1  1  1  0  0

# Realization 812
S_plus:
   1   2   3   4   5   6   7   8   9   10
1   1   1   1   0   1   0   2   0   0   0
2   0   0   0   0   1   0   0   0   1   1
3   0   0   1   1   0   0   0   2   0   0
4   0   1   0   1   0   1   0   0   1   0

S_minus:
   1   2   3   4   5   6   7   8   9   10
1   0   0   0   0   0   0   0   1   0   0
2   0   1   0   2   0   1   1   1   0   0
3   1   1   0   0   1   1   0   0   2   1
4   0   0   1   0   1   0   1   0   0   0

# Realization 813
S_plus:
   1   2   3   4   5   6   7   8   9   10
1   0   0   2   0   0   0   1   0   0   1
2   1   1   0   0   0   1   1   1   2   0
3   0   0   0   1   1   1   0   1   0   0

S_minus:
   1   2   3   4   5   6   7   8   9   10
1   0   1   0   1   1   2   0   1   0   0
2   0   0   1   0   1   0   0   0   0   2
3   2   0   1   0   0   0   1   0   2   0

# Realization 814
S_plus:
   1   2   3   4   5   6   7   8   9   10  11
1   0   0   0   1   0   0   0   0   0   0   0
2   0   0   0   0   1   0   0   1   2   1   1
3   0   1   0   0   0   0   0   0   0   0   0
4   0   0   0   0   0   0   1   0   0   0   0
5   0   0   1   0   0   0   0   1   0   0   1
6   1   0   0   0   0   1   1   0   0   1   0

S_minus:
   1   2   3   4   5   6   7   8   9   10  11
1   0   0   1   0   1   0   0   1   0   0   0
2   0   0   1   0   0   0   1   0   0   0   0
3   1   0   0   1   0   0   0   1   1   1   0
4   0   1   0   0   1   0   0   0   1   1   0
5   0   0   0   1   0   1   0   0   0   0   0
6   0   0   0   0   0   0   0   0   0   0   1

# Realization 815
S_plus:
   1  2  3
1  0  1  0
2  1  0  2
3  0  1  0

S_minus:
   1  2  3
1  1  0  0
2  0  1  0
3  1  0  1

# Realization 816
S_plus:
   1   2   3   4   5   6   7   8   9   10
1   0   1   0   0   1   0   0   2   0   0
2   0   0   0   1   0   0   0   0   0   1
3   1   0   0   0   1   0   1   0   2   0
4   0   0   1   0   0   1   0   0   0   0
5   1   1   0   0   0   1   0   0   0   0

S_minus:
   1   2   3   4   5   6   7   8   9   10
1   1   0   0   1   0   0   0   0   1   0
2   0   0   0   0   0   2   1   1   0   0
3   0   0   0   1   0   0   0   0   0   1
4   1   1   0   0   0   0   0   1   0   0
5   0   0   1   0   1   0   1   0   0   1

# Realization 817
S_plus:
   1  2  3  4  5  6  7  8  9
1  0  0  1  0  1  1  0  1  0
2  0  2  0  1  0  1  0  0  0
3  2  0  1  0  0  0  1  1  1

S_minus:
   1  2  3  4  5  6  7  8  9
1  1  1  0  0  0  0  1  0  0
2  1  0  2  0  0  0  1  1  1
3  0  1  0  1  1  1  0  0  0

# Realization 818
S_plus:
   1  2  3  4
1  1  0  1  0
2  0  1  0  1
3  1  0  0  1

S_minus:
   1  2  3  4
1  0  1  0  1
2  1  0  0  0
3  0  0  2  0

# Realization 819
S_plus:
   1  2  3  4  5  6  7  8  9
1  0  0  1  1  0  0  0  0  1
2  0  0  0  0  2  0  1  0  0
3  2  1  0  0  0  1  0  2  0

S_minus:
   1  2  3  4  5  6  7  8  9
1  1  1  0  0  1  0  1  0  0
2  0  1  0  1  0  1  0  1  2
3  0  0  1  1  1  0  0  0  0

# Realization 820
S_plus:
   1  2  3  4  5
1  1  1  1  1  0
2  0  0  0  1  0
3  1  0  0  0  2

S_minus:
   1  2  3  4  5
1  0  0  0  0  1
2  1  0  2  0  0
3  0  1  0  1  0

# Realization 821
S_plus:
   1   2   3   4   5   6   7   8   9   10  11
1   1   0   1   0   0   0   0   0   0   0   0
2   1   2   0   0   1   0   0   0   0   1   0
3   0   0   1   0   1   0   0   1   0   0   2
4   0   0   0   2   0   1   1   1   1   0   0

S_minus:
   1   2   3   4   5   6   7   8   9   10  11
1   0   0   0   0   0   1   0   1   0   1   1
2   0   0   1   0   0   0   0   1   2   0   0
3   2   0   0   1   0   0   1   0   0   1   0
4   0   1   0   0   1   0   0   0   0   0   1

# Realization 822
S_plus:
   1  2  3
1  0  2  1
2  0  0  1
3  1  0  0

S_minus:
   1  2  3
1  1  0  0
2  0  1  0
3  0  1  1

# Realization 823
S_plus:
   1  2  3  4  5  6  7  8  9
1  2  0  0  0  0  0  1  0  1
2  0  1  1  2  0  2  0  1  0
3  0  1  0  0  2  0  1  0  0

S_minus:
   1  2  3  4  5  6  7  8  9
1  0  1  0  0  0  2  0  2  0
2  1  0  0  0  1  0  2  0  1
3  0  0  2  2  0  0  0  0  1

# Realization 824
S_plus:
   1   2   3   4   5   6   7   8   9   10  11
1   0   0   2   0   0   0   0   1   0   0   0
2   0   0   0   0   0   1   0   0   0   0   0
3   0   1   0   0   0   0   1   0   0   0   1
4   1   0   0   0   1   0   0   0   0   0   0
5   0   1   0   0   0   0   0   0   0   0   0
6   0   0   0   0   0   0   0   0   0   1   0
7   0   0   0   1   0   0   0   1   2   0   0
8   0   0   0   0   0   0   0   0   0   0   1

S_minus:
   1   2   3   4   5   6   7   8   9   10  11
1   0   1   0   1   0   0   0   0   0   0   0
2   0   0   0   0   0   0   1   0   0   0   0
3   1   0   0   0   0   0   0   0   0   1   0
4   0   0   1   0   0   0   0   0   1   0   0
5   0   0   0   0   1   1   0   0   0   0   0
6   0   0   0   0   0   0   0   0   1   0   0
7   0   0   0   0   1   1   0   0   0   0   1
8   0   1   0   0   0   0   0   1   0   0   0

# Realization 825
S_plus:
   1  2  3  4  5  6  7
1  2  0  0  0  2  0  0
2  0  0  2  0  0  0  0
3  0  0  0  2  0  1  2
4  0  2  0  0  0  0  0

S_minus:
   1  2  3  4  5  6  7
1  0  0  1  2  0  0  0
2  0  1  0  0  1  2  0
3  1  0  0  0  0  0  0
4  1  0  1  0  1  0  1

# Realization 826
S_plus:
   1   2   3   4   5   6   7   8   9   10
1   1   0   0   0   0   0   0   0   0   0
2   0   2   0   0   0   0   1   1   0   0
3   0   0   0   1   1   0   1   0   0   0
4   0   0   0   0   1   1   0   0   2   2
5   0   0   1   0   0   1   0   0   0   0

S_minus:
   1   2   3   4   5   6   7   8   9   10
1   0   0   0   0   0   1   0   0   0   1
2   0   0   1   1   1   0   0   0   0   0
3   0   1   0   0   0   0   0   0   1   0
4   1   0   0   1   0   0   1   2   0   0
5   0   0   0   0   1   0   0   0   0   0

# Realization 827
S_plus:
   1  2  3  4  5  6  7  8
1  1  1  0  2  1  1  0  2
2  0  0  0  0  1  0  1  0
3  0  0  1  0  0  0  1  0

S_minus:
   1  2  3  4  5  6  7  8
1  0  0  0  0  0  0  1  0
2  0  1  2  2  0  0  0  0
3  1  0  0  0  1  2  0  1

# Realization 828
S_plus:
   1  2  3  4  5
1  0  0  0  0  1
2  1  0  1  1  0
3  1  1  0  0  1

S_minus:
   1  2  3  4  5
1  1  0  1  0  0
2  0  1  0  0  1
3  0  0  1  1  0

# Realization 829
S_plus:
   1  2  3  4  5  6  7  8  9
1  0  1  0  1  1  0  0  1  1
2  2  1  0  0  0  0  0  0  0
3  0  0  1  0  1  1  1  0  1

S_minus:
   1  2  3  4  5  6  7  8  9
1  0  0  1  0  0  1  0  0  0
2  0  0  0  1  1  1  2  2  2
3  2  1  0  0  0  0  0  0  0

# Realization 830
S_plus:
   1  2  3  4  5  6  7  8  9
1  0  0  0  0  1  0  0  1  0
2  0  2  0  0  1  0  1  0  1
3  2  0  1  1  0  0  0  0  0
4  0  0  0  1  0  1  1  1  1

S_minus:
   1  2  3  4  5  6  7  8  9
1  1  1  1  1  0  0  1  0  0
2  0  0  0  1  0  1  0  1  0
3  0  0  0  0  1  1  1  1  2
4  1  0  0  0  1  0  0  0  0

# Realization 831
S_plus:
   1   2   3   4   5   6   7   8   9   10  11
1   0   0   0   0   1   1   2   1   0   0   0
2   1   0   0   0   0   0   0   1   1   0   0
3   0   0   0   0   1   0   0   0   0   1   0
4   0   1   0   0   0   0   0   0   0   0   0
5   0   1   1   1   0   1   0   0   0   0   2
6   0   0   0   0   0   0   0   0   1   0   0

S_minus:
   1   2   3   4   5   6   7   8   9   10  11
1   1   0   0   0   0   0   0   0   0   0   1
2   0   0   1   0   0   1   0   0   0   0   0
3   0   0   0   0   0   0   0   1   0   0   0
4   1   0   0   0   0   0   0   0   0   0   0
5   0   0   0   0   0   0   1   0   2   1   0
6   0   1   1   1   1   0   0   0   0   0   0

# Realization 832
S_plus:
   1  2  3  4  5  6  7
1  0  1  0  0  0  0  0
2  2  0  0  1  1  0  0
3  0  0  2  0  0  0  0
4  0  0  0  0  0  1  2

S_minus:
   1  2  3  4  5  6  7
1  0  0  1  1  1  1  0
2  0  0  0  0  0  0  2
3  0  0  0  1  0  0  0
4  1  1  1  0  1  0  0

# Realization 833
S_plus:
   1  2  3  4  5  6  7  8  9
1  0  0  0  0  1  2  0  1  1
2  1  1  1  2  0  0  1  0  1
3  1  0  1  0  0  0  0  0  0

S_minus:
   1  2  3  4  5  6  7  8  9
1  1  0  2  1  0  0  0  0  0
2  0  0  0  0  1  1  0  1  0
3  0  2  0  0  1  0  1  0  2

# Realization 834
S_plus:
   1   2   3   4   5   6   7   8   9   10
1   0   0   0   0   0   1   1   2   0   0
2   2   1   1   1   0   0   0   0   0   0
3   0   1   0   0   2   0   1   0   0   1
4   0   0   1   0   0   0   0   0   1   0

S_minus:
   1   2   3   4   5   6   7   8   9   10
1   0   1   1   1   1   0   0   0   1   1
2   0   0   0   0   0   1   1   1   0   0
3   1   0   1   0   0   0   0   0   0   0
4   1   1   0   1   0   0   1   0   0   0

# Realization 835
S_plus:
   1   2   3   4   5   6   7   8   9   10  11
1   0   0   1   0   0   1   0   0   1   0   0
2   0   0   0   0   0   0   1   0   1   0   0
3   0   0   0   0   1   0   0   0   0   1   0
4   0   0   0   0   0   0   0   2   0   1   1
5   1   2   0   1   0   0   0   0   0   0   0

S_minus:
   1   2   3   4   5   6   7   8   9   10  11
1   2   0   0   1   0   0   1   1   0   0   1
2   0   1   1   1   0   0   0   0   0   1   0
3   0   0   0   0   0   0   0   1   0   0   0
4   0   0   0   0   0   1   0   0   1   0   0
5   0   0   0   0   1   0   0   0   0   1   0

# Realization 836
S_plus:
   1  2  3  4  5
1  1  0  0  0  0
2  0  1  0  2  0
3  1  1  1  0  1

S_minus:
   1  2  3  4  5
1  0  2  0  0  2
2  1  0  1  0  0
3  0  0  0  1  0

# Realization 837
S_plus:
   1  2  3  4  5  6  7  8  9
1  0  0  0  0  0  1  0  2  1
2  2  0  1  0  1  0  1  0  1
3  0  2  0  2  0  0  1  0  0

S_minus:
   1  2  3  4  5  6  7  8  9
1  0  1  1  1  1  0  1  0  0
2  0  0  0  1  0  1  0  1  0
3  1  0  1  0  0  0  0  1  1

# Realization 838
S_plus:
   1   2   3   4   5   6   7   8   9   10
1   0   0   0   0   0   1   0   0   2   0
2   0   2   1   0   1   0   2   1   0   1
3   1   0   0   1   1   0   0   0   0   0
4   1   0   0   0   0   1   0   0   0   0

S_minus:
   1   2   3   4   5   6   7   8   9   10
1   1   0   1   1   2   0   1   0   0   0
2   1   0   0   0   0   0   0   0   0   0
3   0   1   1   0   0   1   1   2   1   1
4   0   0   0   1   0   0   0   0   0   0

# Realization 839
S_plus:
   1   2   3   4   5   6   7   8   9   10  11  12
1   0   0   0   2   1   1   1   0   1   0   1   0
2   0   0   0   0   0   0   1   1   0   0   0   0
3   0   1   0   0   0   0   0   0   0   0   0   1
4   0   0   1   0   1   0   0   0   1   1   0   0
5   2   0   1   0   0   1   0   0   0   0   0   0

S_minus:
   1   2   3   4   5   6   7   8   9   10  11  12
1   0   0   1   0   0   0   0   0   0   1   0   0
2   0   1   1   1   1   0   0   0   0   0   1   0
3   0   0   0   1   0   0   1   0   1   0   1   0
4   1   0   0   0   0   1   0   0   0   0   0   0
5   0   1   0   0   0   0   0   1   1   0   0   2

# Realization 840
S_plus:
   1   2   3   4   5   6   7   8   9   10
1   0   1   1   0   0   1   1   1   1   0
2   0   0   0   0   1   1   1   0   0   1
3   0   0   0   0   0   0   0   0   1   0
4   1   0   1   1   1   0   0   0   0   0

S_minus:
   1   2   3   4   5   6   7   8   9   10
1   1   0   0   0   1   0   0   0   0   1
2   1   1   1   1   0   0   0   0   1   0
3   0   0   1   0   0   1   2   1   0   0
4   0   1   0   0   0   1   0   0   1   0

# Realization 841
S_plus:
   1  2  3  4  5  6  7  8  9
1  1  0  1  0  0  0  0  0  0
2  0  0  0  0  1  0  0  0  0
3  0  1  0  0  0  0  0  0  1
4  0  0  0  1  0  0  0  1  0
5  0  0  0  0  1  1  1  0  0

S_minus:
   1  2  3  4  5  6  7  8  9
1  0  0  0  1  0  1  1  0  1
2  1  0  0  0  0  0  0  0  0
3  0  0  0  1  1  1  0  0  0
4  0  1  1  0  1  0  0  0  0
5  1  1  0  0  0  0  0  2  1

# Realization 842
S_plus:
   1  2  3  4  5  6  7
1  2  0  0  0  1  1  0
2  0  0  0  1  1  1  0
3  0  0  2  0  0  0  0
4  0  0  0  1  0  0  0
5  0  1  0  0  0  0  1

S_minus:
   1  2  3  4  5  6  7
1  0  0  0  0  0  0  1
2  0  0  0  0  0  0  1
3  1  0  0  1  1  1  0
4  1  1  1  0  0  1  0
5  0  0  1  1  0  0  0

# Realization 843
S_plus:
   1  2  3  4  5  6  7
1  0  0  1  1  0  0  1
2  0  0  0  0  0  1  0
3  1  0  0  0  1  0  1
4  0  0  0  0  0  1  0
5  0  1  0  0  0  0  0

S_minus:
   1  2  3  4  5  6  7
1  1  1  0  0  1  0  0
2  0  0  0  1  0  0  0
3  0  0  0  1  0  2  0
4  0  1  0  0  0  0  0
5  1  0  1  0  0  0  1

# Realization 844
S_plus:
   1  2  3  4  5  6  7  8  9
1  0  0  1  0  0  1  0  0  0
2  0  0  0  0  0  0  1  0  0
3  0  0  1  0  0  0  0  0  1
4  0  0  0  1  1  0  0  2  0
5  1  1  0  0  0  1  0  0  0
6  0  0  0  0  0  0  1  0  0

S_minus:
   1  2  3  4  5  6  7  8  9
1  1  0  0  1  0  0  1  0  0
2  0  0  1  0  0  0  0  0  0
3  1  1  0  0  1  0  0  1  0
4  0  0  0  0  0  1  0  0  0
5  0  0  0  0  0  0  0  1  0
6  0  1  0  0  0  1  0  0  1

# Realization 845
S_plus:
   1  2  3  4  5  6  7  8  9
1  0  0  0  2  1  1  0  0  0
2  0  1  0  0  1  0  0  0  0
3  1  0  0  0  0  0  0  0  1
4  0  0  1  0  0  0  1  0  0
5  0  1  0  0  0  0  0  1  1

S_minus:
   1  2  3  4  5  6  7  8  9
1  1  1  0  0  0  0  1  0  1
2  0  0  0  0  0  1  1  1  0
3  0  1  1  0  1  0  0  1  0
4  0  0  0  1  1  0  0  0  0
5  0  0  1  1  0  0  0  0  0

# Realization 846
S_plus:
   1  2  3  4  5  6  7  8  9
1  0  0  0  1  2  0  0  0  0
2  0  1  0  0  0  1  0  0  1
3  0  0  0  1  0  1  1  0  0
4  0  1  0  0  0  0  0  0  0
5  2  0  1  0  0  0  0  2  0

S_minus:
   1  2  3  4  5  6  7  8  9
1  0  0  0  0  0  1  0  0  1
2  1  0  0  2  1  0  1  0  0
3  0  0  0  0  0  0  0  0  1
4  0  0  1  0  0  1  0  1  0
5  0  2  0  0  0  0  0  0  0

# Realization 847
S_plus:
   1  2  3  4  5  6  7  8
1  1  1  1  0  0  0  1  0
2  0  0  0  1  0  1  0  0
3  0  0  0  0  0  0  0  1
4  0  0  0  0  1  0  0  1

S_minus:
   1  2  3  4  5  6  7  8
1  0  0  0  1  1  0  0  1
2  0  0  0  0  1  0  2  0
3  0  1  1  1  0  0  0  0
4  1  1  0  0  0  1  0  0

# Realization 848
S_plus:
   1   2   3   4   5   6   7   8   9   10  11
1   0   0   0   1   0   0   0   1   1   0   0
2   0   0   0   1   1   0   0   0   0   0   0
3   0   1   2   0   0   0   0   0   0   1   0
4   1   0   0   0   0   1   1   0   0   0   2

S_minus:
   1   2   3   4   5   6   7   8   9   10  11
1   0   0   0   0   0   1   1   0   0   1   1
2   1   0   0   0   0   0   0   1   0   0   0
3   0   0   0   1   1   0   1   0   0   0   0
4   0   2   1   1   0   0   0   0   1   0   0

# Realization 849
S_plus:
   1  2  3  4  5  6  7  8
1  0  0  0  1  0  0  0  2
2  0  0  0  0  1  0  2  0
3  0  1  0  0  1  1  0  0
4  2  1  1  0  0  0  0  0

S_minus:
   1  2  3  4  5  6  7  8
1  1  1  1  0  0  0  1  0
2  0  0  0  1  0  0  0  0
3  1  0  1  1  0  0  0  1
4  0  0  0  0  2  1  0  0

# Realization 850
S_plus:
   1  2  3  4  5  6  7  8
1  0  0  0  1  0  1  2  0
2  0  1  1  0  1  1  0  0
3  1  1  0  1  0  0  0  2

S_minus:
   1  2  3  4  5  6  7  8
1  1  1  0  0  2  0  0  0
2  1  0  0  2  0  0  0  1
3  0  0  1  0  0  1  2  0

# Realization 851
S_plus:
   1   2   3   4   5   6   7   8   9   10  11  12
1   1   0   0   0   0   0   0   1   0   0   1   0
2   0   0   0   0   1   1   0   1   0   0   0   0
3   0   1   0   0   0   1   1   0   0   0   1   0
4   1   0   0   1   0   0   0   0   1   0   0   0
5   0   1   2   1   0   0   1   0   0   1   0   1

S_minus:
   1   2   3   4   5   6   7   8   9   10  11  12
1   0   0   1   0   0   0   0   0   0   0   0   1
2   0   1   0   1   0   0   1   0   1   0   0   0
3   0   0   1   0   0   0   0   0   0   0   0   0
4   0   0   0   0   0   1   1   1   0   1   1   1
5   1   0   0   0   1   1   0   0   0   0   1   0

# Realization 852
S_plus:
   1   2   3   4   5   6   7   8   9   10
1   0   0   0   0   1   1   0   0   0   0
2   0   0   1   1   0   0   0   0   1   0
3   0   1   0   1   0   0   1   0   0   0
4   1   1   0   0   1   0   1   1   1   1

S_minus:
   1   2   3   4   5   6   7   8   9   10
1   0   1   0   1   0   0   2   1   0   0
2   0   0   0   0   1   0   0   1   0   0
3   1   0   0   0   0   1   0   0   1   2
4   0   0   1   1   0   0   0   0   0   0

# Realization 853
S_plus:
   1  2  3  4  5  6  7  8
1  0  1  0  1  0  0  0  1
2  1  0  0  0  1  0  0  0
3  0  0  0  0  0  1  0  0
4  1  0  0  0  0  0  1  0
5  0  1  1  0  0  0  0  0
6  0  0  1  1  0  0  0  0

S_minus:
   1  2  3  4  5  6  7  8
1  1  0  1  0  0  0  1  0
2  0  1  0  0  0  0  0  0
3  0  1  0  0  0  0  1  0
4  0  0  1  2  0  0  0  0
5  0  0  0  0  1  1  0  0
6  1  0  0  0  1  1  0  1

# Realization 854
S_plus:
   1   2   3   4   5   6   7   8   9   10  11  12
1   1   1   0   0   0   0   0   0   0   0   0   0
2   0   0   0   0   0   0   0   0   1   0   0   0
3   1   0   0   1   1   0   0   0   0   0   2   0
4   0   1   1   0   1   2   0   1   0   1   0   1
5   0   0   0   0   0   0   2   1   0   0   0   0

S_minus:
   1   2   3   4   5   6   7   8   9   10  11  12
1   0   0   0   0   0   1   0   0   0   0   1   1
2   0   0   0   0   0   0   0   0   0   0   1   0
3   0   0   1   0   0   0   1   2   0   0   0   0
4   0   0   0   0   0   0   1   0   1   0   0   0
5   1   1   1   1   1   0   0   0   1   2   0   0

# Realization 855
S_plus:
   1  2  3  4  5  6  7  8
1  1  0  0  0  0  2  0  0
2  0  1  0  1  0  0  0  0
3  1  1  0  1  2  0  0  0
4  0  0  2  0  0  0  1  2

S_minus:
   1  2  3  4  5  6  7  8
1  0  1  1  1  0  0  1  0
2  0  0  0  0  1  1  1  2
3  0  0  1  0  0  0  0  0
4  1  0  0  1  0  1  0  0

# Realization 856
S_plus:
   1  2  3  4  5
1  0  0  1  0  0
2  0  1  0  2  1
3  2  0  0  0  0

S_minus:
   1  2  3  4  5
1  1  1  0  0  1
2  0  0  1  0  0
3  0  0  0  1  1

# Realization 857
S_plus:
   1  2  3  4  5  6  7  8
1  1  0  1  1  0  0  0  2
2  0  2  0  0  0  1  2  0
3  0  0  0  0  2  1  0  0

S_minus:
   1  2  3  4  5  6  7  8
1  0  1  0  0  0  1  0  0
2  2  0  1  1  1  0  0  1
3  0  0  1  0  0  0  2  1

# Realization 858
S_plus:
   1  2  3  4  5  6  7  8
1  0  0  1  0  0  0  1  0
2  1  2  0  0  1  0  1  2
3  0  0  0  1  0  1  0  0

S_minus:
   1  2  3  4  5  6  7  8
1  0  1  0  0  1  1  0  0
2  0  0  1  1  0  0  0  0
3  2  1  1  0  1  0  1  1

# Realization 859
S_plus:
   1  2  3  4  5  6  7  8  9
1  1  0  0  0  0  0  0  2  1
2  0  0  0  0  2  1  2  0  0
3  0  1  1  2  0  0  0  0  1

S_minus:
   1  2  3  4  5  6  7  8  9
1  0  0  1  0  1  0  1  0  0
2  0  1  1  1  0  0  0  2  2
3  2  0  0  0  1  1  0  0  0

# Realization 860
S_plus:
   1  2  3  4  5  6  7  8  9
1  0  0  0  0  0  1  1  1  0
2  0  0  0  0  1  0  0  0  1
3  1  1  2  1  1  0  0  1  0

S_minus:
   1  2  3  4  5  6  7  8  9
1  1  1  0  0  1  0  0  0  2
2  1  0  1  1  0  1  0  1  0
3  0  0  0  0  0  0  1  0  0

# Realization 861
S_plus:
   1  2  3  4  5  6  7  8
1  0  1  0  1  1  0  0  0
2  0  1  1  0  0  0  1  0
3  0  0  0  0  0  0  0  1
4  1  0  1  1  0  1  0  0

S_minus:
   1  2  3  4  5  6  7  8
1  1  0  1  0  0  0  1  0
2  0  0  0  0  1  0  0  1
3  0  0  0  1  1  2  0  0
4  0  2  0  0  0  0  1  1

# Realization 862
S_plus:
   1   2   3   4   5   6   7   8   9   10  11
1   0   1   1   0   0   0   0   1   0   1   1
2   0   0   0   0   1   0   0   0   0   0   0
3   0   0   0   0   0   0   1   0   0   1   1
4   1   0   0   1   0   1   0   0   2   0   0

S_minus:
   1   2   3   4   5   6   7   8   9   10  11
1   1   0   0   1   1   1   0   0   0   0   0
2   0   1   0   0   0   1   0   0   2   0   1
3   0   1   0   1   0   0   0   1   0   0   0
4   0   0   1   0   0   0   1   0   0   1   0

# Realization 863
S_plus:
   1  2  3  4  5  6  7  8  9
1  0  1  0  0  0  0  0  0  0
2  0  0  0  0  0  0  0  1  0
3  0  0  0  0  1  0  0  0  0
4  0  0  1  1  0  0  0  0  1
5  0  0  1  0  0  0  1  0  1
6  1  0  0  0  0  0  0  0  0
7  0  0  0  1  0  0  0  0  0
8  0  0  0  0  0  1  0  0  0

S_minus:
   1  2  3  4  5  6  7  8  9
1  0  0  1  0  0  0  0  0  0
2  0  0  0  0  1  0  0  0  1
3  1  1  0  0  0  1  0  0  0
4  0  0  0  0  0  0  1  0  0
5  1  1  0  0  0  0  0  0  0
6  0  0  1  1  0  0  0  0  0
7  0  0  0  0  0  0  1  1  0
8  0  0  0  0  0  0  0  0  1

# Realization 864
S_plus:
   1   2   3   4   5   6   7   8   9   10  11  12
1   1   0   1   0   0   0   0   1   2   0   1   0
2   0   1   0   0   0   1   0   1   0   1   0   0
3   0   0   1   0   1   0   1   0   0   0   1   0
4   0   0   0   1   0   0   0   0   0   1   0   1
5   0   0   0   0   0   0   1   0   0   0   0   0

S_minus:
   1   2   3   4   5   6   7   8   9   10  11  12
1   0   0   0   0   1   0   1   0   0   0   0   2
2   0   0   0   1   1   0   1   0   0   0   0   0
3   0   1   0   0   0   1   0   1   0   0   0   0
4   2   0   1   0   0   0   0   1   1   0   0   0
5   0   1   1   0   0   0   0   0   1   2   1   0

# Realization 865
S_plus:
   1   2   3   4   5   6   7   8   9   10  11  12
1   1   0   0   0   0   0   1   0   0   0   0   1
2   0   0   0   1   0   0   1   0   0   0   0   0
3   1   0   0   0   0   0   0   1   0   2   0   0
4   0   0   0   0   0   2   0   0   1   0   1   0
5   0   1   2   0   1   0   0   0   0   0   0   0

S_minus:
   1   2   3   4   5   6   7   8   9   10  11  12
1   0   0   0   1   0   0   0   0   1   0   1   0
2   1   0   2   0   1   1   0   0   0   0   1   0
3   0   0   0   0   1   0   0   0   1   0   0   2
4   0   1   0   0   0   0   0   1   0   0   0   0
5   0   0   0   0   0   0   1   0   0   1   0   0

# Realization 866
S_plus:
   1   2   3   4   5   6   7   8   9   10  11  12
1   1   0   0   0   0   0   0   0   0   0   1   0
2   0   0   0   1   0   0   0   0   1   0   0   0
3   0   0   0   0   1   0   0   0   0   0   1   0
4   0   0   1   1   0   0   0   1   0   1   0   1
5   1   2   1   0   1   1   1   1   0   0   0   1

S_minus:
   1   2   3   4   5   6   7   8   9   10  11  12
1   0   0   1   0   0   0   1   0   1   0   0   1
2   2   0   1   0   1   0   0   0   0   0   0   0
3   0   1   0   1   0   1   0   2   0   0   0   1
4   0   0   0   0   1   1   0   0   1   0   1   0
5   0   0   0   1   0   0   0   0   0   1   0   0

# Realization 867
S_plus:
   1  2  3  4  5
1  0  2  0  0  0
2  0  0  1  0  1
3  1  0  0  1  1
4  0  0  0  1  0

S_minus:
   1  2  3  4  5
1  1  0  0  1  2
2  1  2  0  1  0
3  0  0  1  0  0
4  0  0  1  0  0

# Realization 868
S_plus:
   1  2  3
1  0  1  1
2  1  0  0
3  0  0  1

S_minus:
   1  2  3
1  1  0  0
2  0  0  1
3  0  1  0

# Realization 869
S_plus:
   1   2   3   4   5   6   7   8   9   10  11
1   0   0   0   1   1   0   0   1   0   0   0
2   0   0   1   0   0   0   0   0   0   0   1
3   2   1   0   0   0   1   1   1   2   1   0

S_minus:
   1   2   3   4   5   6   7   8   9   10  11
1   1   0   1   0   0   1   2   0   0   1   1
2   1   2   0   0   2   1   0   1   1   0   0
3   0   0   0   1   0   0   0   0   0   0   1

# Realization 870
S_plus:
   1  2  3  4  5  6  7  8  9
1  0  1  0  0  0  0  1  1  1
2  0  0  1  0  0  1  0  0  0
3  1  0  1  1  1  0  1  0  0

S_minus:
   1  2  3  4  5  6  7  8  9
1  1  0  1  0  2  1  0  0  0
2  1  0  0  1  0  0  1  2  0
3  0  1  0  0  0  1  0  0  2

# Realization 871
S_plus:
   1  2  3  4
1  0  0  1  0
2  1  2  0  0
3  0  0  1  1

S_minus:
   1  2  3  4
1  1  0  0  0
2  0  0  1  2
3  0  2  0  0

# Realization 872
S_plus:
   1  2  3  4  5  6  7  8  9
1  0  1  1  0  0  0  1  0  0
2  1  0  0  1  0  1  0  0  0
3  0  0  0  0  1  0  0  0  0
4  1  0  0  1  0  0  0  0  2
5  0  0  1  0  1  0  0  1  0

S_minus:
   1  2  3  4  5  6  7  8  9
1  0  0  0  0  0  0  0  1  1
2  0  0  0  0  1  0  0  0  0
3  0  1  0  1  0  0  0  0  0
4  0  0  1  0  0  1  0  1  0
5  1  0  0  0  0  1  1  0  1

# Realization 873
S_plus:
   1  2  3  4  5  6  7  8  9
1  1  0  0  0  0  0  1  1  0
2  0  0  0  1  1  1  0  0  1
3  0  2  1  0  0  0  0  1  0

S_minus:
   1  2  3  4  5  6  7  8  9
1  0  0  0  0  1  0  0  0  1
2  1  2  1  0  0  0  1  1  0
3  1  0  0  2  1  1  0  0  0

# Realization 874
S_plus:
   1   2   3   4   5   6   7   8   9   10  11
1   1   0   0   0   0   0   0   0   1   0   0
2   0   1   0   0   1   0   1   1   0   1   0
3   0   0   0   0   0   0   0   0   0   0   1
4   1   1   1   0   0   2   1   0   1   1   0
5   0   0   0   0   1   0   0   0   0   0   1
6   0   0   0   2   0   0   0   0   0   0   0

S_minus:
   1   2   3   4   5   6   7   8   9   10  11
1   0   0   0   0   1   0   1   0   0   1   0
2   0   0   0   0   0   0   0   0   1   0   1
3   0   0   0   1   0   1   1   0   0   0   0
4   0   0   0   0   0   0   0   1   0   0   0
5   0   0   1   1   0   0   0   1   0   0   0
6   1   1   0   0   0   0   0   0   0   0   0

# Realization 875
S_plus:
   1  2  3  4  5  6  7  8
1  0  0  0  0  0  1  0  0
2  0  0  1  0  1  0  0  0
3  0  2  0  1  0  0  0  0
4  0  0  0  0  0  1  1  2
5  1  0  1  0  0  0  0  0

S_minus:
   1  2  3  4  5  6  7  8
1  0  1  1  0  0  0  0  0
2  0  0  0  0  0  0  0  1
3  0  0  1  0  0  1  0  0
4  1  0  0  2  1  0  0  0
5  0  1  0  0  1  0  1  0

# Realization 876
S_plus:
   1   2   3   4   5   6   7   8   9   10
1   0   1   0   0   2   0   1   2   0   1
2   0   0   0   2   0   0   0   0   0   1
3   0   1   1   0   0   1   0   0   0   0
4   1   0   0   0   0   0   1   0   2   0

S_minus:
   1   2   3   4   5   6   7   8   9   10
1   0   0   0   1   0   0   0   0   0   0
2   1   1   1   0   2   0   1   0   1   0
3   0   0   0   0   0   0   1   0   0   0
4   0   1   0   1   0   1   0   1   0   1

# Realization 877
S_plus:
   1   2   3   4   5   6   7   8   9   10
1   1   0   0   1   0   1   1   2   1   2
2   0   2   0   1   0   0   0   0   0   0
3   0   0   2   0   1   0   1   0   0   0
4   0   0   0   0   1   0   0   0   0   0

S_minus:
   1   2   3   4   5   6   7   8   9   10
1   0   1   1   0   1   0   0   0   0   0
2   1   0   1   0   1   0   1   0   0   0
3   0   0   0   0   0   1   0   1   0   0
4   0   0   0   2   0   0   1   1   1   1

# Realization 878
S_plus:
   1   2   3   4   5   6   7   8   9   10
1   0   0   0   0   1   0   0   1   0   0
2   0   0   2   0   1   0   0   0   0   1
3   0   1   0   1   0   0   2   0   1   1
4   1   1   0   0   0   2   0   1   0   0

S_minus:
   1   2   3   4   5   6   7   8   9   10
1   0   1   0   0   0   0   1   0   1   0
2   1   0   0   1   0   1   1   0   1   0
3   1   0   1   0   2   1   0   1   0   0
4   0   0   1   0   0   0   0   0   0   2

# Realization 879
S_plus:
   1  2  3  4
1  0  1  0  1
2  1  1  1  0
3  1  0  0  1

S_minus:
   1  2  3  4
1  1  0  1  0
2  0  0  0  2
3  0  1  0  0

# Realization 880
S_plus:
   1  2  3  4  5  6
1  0  0  1  1  0  0
2  0  2  0  0  1  2
3  1  0  0  0  1  0

S_minus:
   1  2  3  4  5  6
1  1  0  0  0  1  1
2  1  0  1  1  0  0
3  0  1  0  1  0  1

# Realization 881
S_plus:
   1   2   3   4   5   6   7   8   9   10
1   1   0   2   0   0   2   0   0   1   0
2   0   1   0   0   0   0   2   1   0   0
3   0   0   0   2   2   0   0   0   0   2

S_minus:
   1   2   3   4   5   6   7   8   9   10
1   0   1   0   0   1   0   1   0   0   1
2   1   0   0   1   1   2   0   0   1   0
3   0   1   1   0   0   0   1   1   1   0

# Realization 882
S_plus:
   1   2   3   4   5   6   7   8   9   10  11  12
1   0   1   2   0   0   0   0   0   0   1   0   0
2   2   0   0   0   0   0   1   1   0   0   0   0
3   0   0   0   1   1   1   0   0   0   0   0   0
4   0   0   0   0   0   0   0   0   0   0   0   1
5   0   0   0   1   0   1   1   0   1   0   1   1

S_minus:
   1   2   3   4   5   6   7   8   9   10  11  12
1   0   0   0   1   0   0   1   0   0   0   1   1
2   0   1   0   1   1   0   0   0   1   0   0   0
3   1   1   0   0   0   0   0   1   1   0   1   0
4   0   0   2   0   1   1   1   0   0   0   0   0
5   1   0   0   0   0   0   0   0   0   1   0   0

# Realization 883
S_plus:
   1   2   3   4   5   6   7   8   9   10
1   1   1   1   0   0   0   0   0   0   0
2   0   1   0   0   0   0   0   1   0   1
3   0   0   0   0   0   1   1   1   0   0
4   0   0   1   0   0   0   0   0   0   1
5   0   0   0   1   1   1   1   0   1   0

S_minus:
   1   2   3   4   5   6   7   8   9   10
1   0   0   0   0   1   2   0   0   0   0
2   0   0   0   0   0   0   1   0   1   0
3   0   0   1   1   0   0   0   0   0   1
4   2   1   0   0   0   0   0   2   0   0
5   0   1   0   0   0   0   0   0   0   0

# Realization 884
S_plus:
   1  2  3  4  5  6  7  8
1  1  2  0  0  0  0  0  1
2  0  0  0  1  0  2  1  0
3  0  0  1  0  1  0  0  0

S_minus:
   1  2  3  4  5  6  7  8
1  0  0  2  2  1  1  1  0
2  1  0  0  0  0  0  0  0
3  1  1  0  0  0  1  0  1

# Realization 885
S_plus:
   1  2  3  4  5  6  7
1  0  1  0  0  0  0  0
2  2  0  2  0  1  2  0
3  0  1  0  2  0  0  2

S_minus:
   1  2  3  4  5  6  7
1  1  0  1  2  1  0  1
2  0  1  0  0  0  0  1
3  0  0  1  0  1  2  0

# Realization 886
S_plus:
   1  2  3  4  5
1  1  0  0  1  0
2  0  1  0  0  1
3  1  1  1  0  0

S_minus:
   1  2  3  4  5
1  0  1  1  0  0
2  1  0  1  0  0
3  0  0  0  2  1

# Realization 887
S_plus:
   1   2   3   4   5   6   7   8   9   10
1   1   0   0   0   0   0   2   1   1   0
2   0   0   1   0   0   0   0   0   0   0
3   1   1   0   0   0   0   0   0   0   0
4   0   1   0   0   0   1   0   0   0   0
5   0   0   1   0   1   0   0   0   0   0
6   0   0   0   1   1   1   0   0   1   2

S_minus:
   1   2   3   4   5   6   7   8   9   10
1   0   1   0   0   1   1   0   0   0   0
2   0   1   0   0   1   0   0   1   0   0
3   0   0   0   0   0   0   0   1   1   1
4   1   0   0   0   0   0   0   0   0   1
5   0   0   0   1   0   0   0   0   1   0
6   0   0   2   0   0   0   1   0   0   0

# Realization 888
S_plus:
   1  2  3  4  5  6  7
1  1  2  0  0  0  2  1
2  0  0  1  1  0  0  0
3  1  0  1  0  2  0  0
4  0  0  0  1  0  0  0

S_minus:
   1  2  3  4  5  6  7
1  0  0  1  1  1  0  0
2  2  1  0  0  0  1  1
3  0  0  0  1  0  1  1
4  0  0  0  0  1  0  0

# Realization 889
S_plus:
   1  2  3  4  5  6  7
1  0  0  0  0  0  1  0
2  2  2  1  0  0  0  1
3  0  0  0  1  1  0  0

S_minus:
   1  2  3  4  5  6  7
1  2  1  0  2  0  0  1
2  0  0  0  0  2  0  0
3  0  1  1  0  0  2  1

# Realization 890
S_plus:
   1  2  3  4  5  6
1  0  1  1  0  1  0
2  1  0  0  0  0  0
3  0  0  0  2  0  1

S_minus:
   1  2  3  4  5  6
1  1  0  0  1  0  0
2  0  1  0  1  1  1
3  1  1  1  0  0  0

# Realization 891
S_plus:
   1  2  3  4  5  6
1  0  0  2  0  0  2
2  0  1  0  2  2  0
3  2  1  0  0  0  0

S_minus:
   1  2  3  4  5  6
1  1  1  0  1  0  0
2  0  0  1  0  0  1
3  0  0  1  0  1  0

# Realization 892
S_plus:
   1  2  3  4  5  6  7  8  9
1  0  0  0  0  0  1  2  2  2
2  2  0  2  0  0  0  0  0  0
3  0  2  0  2  1  0  0  0  0

S_minus:
   1  2  3  4  5  6  7  8  9
1  1  1  1  2  0  0  0  0  0
2  0  1  0  0  1  0  1  2  1
3  1  0  0  0  0  1  0  0  1

# Realization 893
S_plus:
   1   2   3   4   5   6   7   8   9   10  11
1   0   0   0   0   1   0   0   0   0   1   0
2   0   0   0   2   0   0   0   1   0   1   0
3   1   0   1   0   0   0   0   0   1   0   1
4   0   1   0   0   0   0   0   0   0   0   0
5   0   0   1   0   0   2   1   0   0   0   0

S_minus:
   1   2   3   4   5   6   7   8   9   10  11
1   0   1   1   1   0   0   1   1   0   0   1
2   0   0   0   0   0   1   0   0   0   0   1
3   0   0   0   1   1   0   0   1   0   1   0
4   1   0   0   0   0   0   1   0   0   0   0
5   1   1   0   0   1   0   0   0   1   0   0

# Realization 894
S_plus:
   1   2   3   4   5   6   7   8   9   10  11
1   0   0   1   0   0   0   0   0   1   1   0
2   0   1   0   0   1   0   0   0   0   0   1
3   0   0   0   0   1   1   0   0   0   0   0
4   0   0   0   0   0   0   1   1   1   0   0
5   1   0   0   1   0   1   1   0   0   0   0
6   0   1   1   0   0   0   0   1   0   1   0

S_minus:
   1   2   3   4   5   6   7   8   9   10  11
1   0   1   0   0   0   1   0   0   0   0   1
2   0   0   0   0   0   0   0   1   0   1   0
3   1   0   1   0   0   0   1   0   0   0   1
4   0   0   0   0   0   1   0   0   0   0   0
5   0   0   0   0   1   0   0   0   0   0   0
6   1   0   0   2   0   0   0   0   2   0   0

# Realization 895
S_plus:
   1  2  3  4  5  6
1  0  1  0  0  1  0
2  1  0  0  2  0  0
3  1  0  1  0  0  1

S_minus:
   1  2  3  4  5  6
1  2  0  1  1  0  1
2  0  1  1  0  1  0
3  0  0  0  0  1  0

# Realization 896
S_plus:
   1  2  3  4  5  6  7
1  0  1  0  0  2  1  1
2  1  0  0  0  0  0  1
3  1  1  1  1  0  0  0

S_minus:
   1  2  3  4  5  6  7
1  1  0  1  1  0  0  0
2  0  1  0  1  1  1  0
3  0  0  0  0  1  0  2

# Realization 897
S_plus:
   1  2  3  4  5  6  7  8
1  0  0  0  0  1  0  0  0
2  0  0  0  1  0  0  1  0
3  0  0  1  0  1  0  0  1
4  1  2  0  0  0  1  0  0

S_minus:
   1  2  3  4  5  6  7  8
1  0  1  1  0  0  1  1  0
2  0  1  1  0  0  0  0  0
3  1  0  0  1  0  0  0  0
4  0  0  0  0  1  0  1  1

# Realization 898
S_plus:
   1   2   3   4   5   6   7   8   9   10  11  12
1   0   0   0   0   0   0   0   1   0   0   2   0
2   1   0   1   0   0   0   1   0   0   0   0   0
3   1   0   0   0   0   0   0   0   1   0   0   0
4   0   1   0   0   1   0   0   0   0   0   0   0
5   0   0   0   0   0   1   0   0   0   0   0   1
6   0   0   1   1   1   0   0   0   0   1   0   0

S_minus:
   1   2   3   4   5   6   7   8   9   10  11  12
1   1   1   1   0   1   1   0   0   0   0   0   0
2   0   0   0   1   1   1   0   0   1   0   0   0
3   0   0   0   1   0   0   1   1   0   0   0   1
4   0   0   0   0   0   0   0   1   0   1   0   0
5   0   0   0   0   0   0   0   0   1   1   1   0
6   0   0   0   0   0   0   0   0   0   0   0   1

# Realization 899
S_plus:
   1  2  3  4  5  6  7  8  9
1  1  0  1  0  0  0  0  0  0
2  0  2  0  2  0  1  1  0  1
3  0  0  1  0  1  0  0  1  0

S_minus:
   1  2  3  4  5  6  7  8  9
1  0  0  0  1  0  0  1  1  1
2  1  0  1  0  1  0  0  0  0
3  1  2  0  1  0  2  0  0  1

# Realization 900
S_plus:
   1  2  3  4  5  6  7
1  0  0  0  0  0  1  0
2  0  0  1  0  0  0  1
3  1  0  0  0  1  0  0
4  0  1  0  0  0  0  0
5  0  1  0  1  0  0  0

S_minus:
   1  2  3  4  5  6  7
1  1  0  0  1  1  0  0
2  0  1  0  0  0  0  0
3  0  0  1  1  0  0  1
4  0  0  1  0  1  1  0
5  1  0  0  0  0  0  1

# Realization 901
S_plus:
   1  2  3  4
1  0  1  0  1
2  1  0  0  0
3  0  0  2  1
4  1  0  0  0

S_minus:
   1  2  3  4
1  0  0  1  0
2  0  0  0  1
3  2  1  0  0
4  0  0  1  0

# Realization 902
S_plus:
   1  2  3  4  5  6
1  1  1  0  1  1  0
2  1  0  1  0  1  0
3  0  0  1  0  0  1
4  0  0  0  0  0  1

S_minus:
   1  2  3  4  5  6
1  0  0  1  0  0  1
2  0  1  0  0  0  0
3  0  1  0  0  2  0
4  1  0  1  1  0  0

# Realization 903
S_plus:
   1  2  3  4  5  6  7  8
1  1  0  0  0  1  0  0  0
2  1  0  0  0  0  1  0  0
3  0  0  1  1  1  0  0  0
4  0  1  1  0  0  0  1  1
5  0  1  0  1  0  0  0  1

S_minus:
   1  2  3  4  5  6  7  8
1  0  1  1  1  0  2  1  0
2  0  1  0  0  0  0  0  1
3  0  0  0  0  0  0  0  1
4  0  0  0  1  0  0  0  0
5  1  0  0  0  1  0  0  0

# Realization 904
S_plus:
   1   2   3   4   5   6   7   8   9   10
1   0   0   0   0   0   0   1   0   0   1
2   0   1   0   0   0   0   0   0   0   0
3   0   1   0   0   0   0   0   0   0   0
4   0   0   0   1   0   0   0   0   0   0
5   0   0   0   0   1   0   0   0   1   0
6   0   0   0   0   0   0   0   0   1   0
7   1   0   0   0   0   0   0   0   0   0
8   1   0   1   0   1   1   0   1   0   1

S_minus:
   1   2   3   4   5   6   7   8   9   10
1   0   0   0   0   1   0   0   0   1   0
2   0   0   0   0   0   1   1   0   1   0
3   0   0   0   0   0   0   1   0   0   0
4   0   0   0   0   0   1   0   0   0   1
5   1   0   0   1   0   0   0   0   0   0
6   0   0   0   0   0   0   0   1   0   0
7   0   0   1   0   0   0   0   0   0   0
8   0   1   0   0   0   0   0   0   0   0

# Realization 905
S_plus:
   1  2  3  4  5  6
1  0  0  1  0  0  0
2  1  0  1  0  1  1
3  0  1  0  2  1  0

S_minus:
   1  2  3  4  5  6
1  1  1  0  0  1  0
2  0  1  0  1  0  0
3  0  0  2  0  0  2

# Realization 906
S_plus:
   1   2   3   4   5   6   7   8   9   10  11  12
1   0   0   2   0   0   0   0   0   0   1   0   2
2   0   0   0   1   1   0   1   0   0   0   0   0
3   0   1   0   0   0   1   0   1   0   0   0   0
4   1   0   0   0   0   0   0   0   1   0   0   0
5   0   0   0   0   0   0   0   1   0   0   1   0
6   0   0   0   0   0   1   1   0   0   0   0   0

S_minus:
   1   2   3   4   5   6   7   8   9   10  11  12
1   2   0   0   1   0   0   0   0   0   0   0   0
2   0   1   0   0   0   1   0   1   1   1   0   1
3   0   0   1   0   0   0   0   0   0   0   0   0
4   0   0   0   0   0   0   1   0   0   0   1   0
5   0   1   1   0   1   1   1   0   0   0   0   0
6   0   0   0   0   0   0   0   0   0   0   1   0

# Realization 907
S_plus:
   1  2  3  4  5  6
1  1  1  2  1  0  0
2  0  1  0  0  1  0
3  1  0  0  0  1  2

S_minus:
   1  2  3  4  5  6
1  0  0  0  0  1  1
2  2  0  1  1  0  1
3  0  1  1  0  0  0

# Realization 908
S_plus:
   1  2  3  4  5  6  7  8
1  0  0  0  0  0  0  1  1
2  0  1  1  0  0  0  0  0
3  0  0  0  1  0  0  0  0
4  2  0  0  0  1  2  1  1

S_minus:
   1  2  3  4  5  6  7  8
1  0  0  0  1  0  0  0  0
2  1  0  0  0  0  0  0  1
3  0  0  0  0  1  2  1  1
4  0  1  2  1  0  0  0  0

# Realization 909
S_plus:
   1   2   3   4   5   6   7   8   9   10
1   0   2   1   1   0   0   2   0   0   0
2   0   0   0   0   0   1   0   0   1   0
3   1   0   0   1   2   0   0   1   0   1

S_minus:
   1   2   3   4   5   6   7   8   9   10
1   2   0   0   0   2   0   0   0   1   0
2   0   2   1   1   0   0   0   2   0   1
3   0   0   0   0   0   2   1   0   0   0

# Realization 910
S_plus:
   1   2   3   4   5   6   7   8   9   10  11
1   0   1   0   0   1   0   0   1   0   0   0
2   1   0   1   0   0   1   0   1   0   2   0
3   0   0   0   2   0   0   1   0   1   0   2

S_minus:
   1   2   3   4   5   6   7   8   9   10  11
1   0   0   0   1   0   1   1   0   1   0   1
2   0   0   0   1   1   0   0   0   1   0   0
3   2   2   1   0   1   1   0   1   0   1   0

# Realization 911
S_plus:
   1   2   3   4   5   6   7   8   9   10  11  12
1   0   0   1   0   0   0   0   0   0   1   0   1
2   0   1   1   2   0   0   0   0   0   0   0   0
3   0   0   0   0   0   1   0   0   2   0   0   1
4   0   0   0   0   1   0   0   1   0   0   0   0
5   2   0   0   0   1   0   1   0   0   0   1   0
6   0   0   0   0   0   0   0   0   0   0   1   0

S_minus:
   1   2   3   4   5   6   7   8   9   10  11  12
1   1   0   0   0   1   0   1   0   0   0   1   0
2   0   0   0   0   1   0   0   0   0   0   0   1
3   1   2   1   0   0   0   0   1   0   0   0   0
4   0   0   0   0   0   1   0   0   0   0   1   0
5   0   0   0   1   0   0   0   1   1   0   0   0
6   0   0   0   1   0   0   0   0   0   1   0   0

# Realization 912
S_plus:
   1  2  3  4
1  2  0  1  0
2  0  2  1  1
3  0  0  0  1

S_minus:
   1  2  3  4
1  0  0  0  1
2  1  0  0  0
3  1  1  1  0

# Realization 913
S_plus:
   1  2  3  4  5  6  7
1  0  0  0  0  1  1  0
2  0  0  0  1  0  0  0
3  0  1  0  1  0  0  0
4  1  0  1  0  0  0  0
5  0  0  0  0  0  0  1
6  0  0  0  0  0  1  0
7  0  0  0  0  1  0  0

S_minus:
   1  2  3  4  5  6  7
1  1  0  1  0  0  0  0
2  1  0  0  0  1  0  0
3  0  0  0  0  0  1  0
4  0  1  0  1  0  0  0
5  0  1  0  1  0  0  0
6  0  0  0  0  1  0  0
7  0  0  0  0  0  1  1

# Realization 914
S_plus:
   1  2  3  4  5  6  7  8
1  0  1  0  0  0  1  0  0
2  1  0  0  0  0  0  0  0
3  0  0  0  0  0  0  1  0
4  0  0  0  1  0  0  0  1
5  0  0  0  0  2  0  0  1
6  0  0  1  0  0  0  0  0

S_minus:
   1  2  3  4  5  6  7  8
1  0  0  0  1  0  0  1  0
2  0  0  0  0  0  1  1  1
3  0  0  0  0  2  0  0  0
4  1  0  1  0  0  0  0  0
5  0  1  0  1  0  0  0  0
6  1  1  0  0  0  0  0  0

# Realization 915
S_plus:
   1  2  3  4  5  6  7
1  0  0  0  0  0  0  1
2  0  2  1  1  1  0  0
3  0  0  0  0  0  1  0
4  1  0  1  0  1  0  0

S_minus:
   1  2  3  4  5  6  7
1  1  1  1  2  0  1  0
2  0  0  0  0  0  1  0
3  0  0  1  0  2  0  1
4  0  1  0  0  0  0  1

# Realization 916
S_plus:
   1  2  3  4  5  6  7  8  9
1  0  0  0  0  0  0  0  0  1
2  0  0  0  1  0  0  0  0  1
3  0  0  0  0  1  1  0  1  0
4  0  1  0  0  0  0  2  0  0
5  1  0  1  0  0  0  0  0  0

S_minus:
   1  2  3  4  5  6  7  8  9
1  1  0  0  1  0  0  0  0  0
2  0  0  1  0  1  0  0  0  0
3  0  1  0  0  0  0  1  0  0
4  0  0  0  0  0  1  0  2  1
5  0  0  0  1  0  0  0  0  0

# Realization 917
S_plus:
   1  2  3  4  5  6  7
1  1  0  1  0  1  1  0
2  0  1  1  0  1  0  0
3  1  0  0  0  0  0  2
4  0  0  0  1  0  0  0

S_minus:
   1  2  3  4  5  6  7
1  0  1  0  0  0  0  1
2  1  0  0  1  0  0  1
3  0  1  1  0  0  0  0
4  1  0  1  0  1  1  0

# Realization 918
S_plus:
   1  2  3  4  5  6  7
1  0  0  1  1  1  0  1
2  2  0  0  0  0  1  0
3  0  2  1  0  0  0  1

S_minus:
   1  2  3  4  5  6  7
1  0  1  0  0  0  2  0
2  0  0  2  0  1  0  1
3  1  0  0  1  0  0  0

# Realization 919
S_plus:
   1   2   3   4   5   6   7   8   9   10
1   0   2   0   0   1   0   0   1   0   1
2   1   0   0   0   1   0   0   0   1   0
3   0   0   0   2   0   1   0   0   0   0
4   0   0   0   0   0   0   2   0   0   0
5   1   0   1   0   0   0   0   0   0   0

S_minus:
   1   2   3   4   5   6   7   8   9   10
1   0   0   0   0   0   1   0   0   0   0
2   0   0   1   1   0   0   0   1   0   0
3   1   0   0   0   0   0   2   1   0   0
4   1   0   0   0   1   0   0   0   0   0
5   0   2   0   0   1   1   0   0   2   1

# Realization 920
S_plus:
   1  2  3  4
1  1  0  0  0
2  0  1  0  0
3  0  0  2  1
4  1  1  0  1

S_minus:
   1  2  3  4
1  0  1  1  0
2  1  0  0  1
3  1  1  0  0
4  0  0  1  0

# Realization 921
S_plus:
   1   2   3   4   5   6   7   8   9   10
1   0   0   1   1   0   1   0   0   1   0
2   1   0   0   0   0   0   0   2   0   1
3   1   2   0   0   2   1   1   0   0   0
4   0   0   1   0   0   0   0   0   0   0

S_minus:
   1   2   3   4   5   6   7   8   9   10
1   1   0   0   0   1   0   0   1   0   0
2   0   1   0   1   0   0   1   0   0   0
3   0   0   1   0   0   0   0   0   2   1
4   1   0   0   1   0   1   0   1   0   0

# Realization 922
S_plus:
   1   2   3   4   5   6   7   8   9   10
1   2   0   0   0   0   0   0   1   0   1
2   0   0   0   1   1   0   1   0   1   0
3   0   0   0   0   0   1   0   0   0   0
4   0   2   1   0   0   0   0   0   1   0
5   0   0   0   0   0   1   1   1   0   0

S_minus:
   1   2   3   4   5   6   7   8   9   10
1   0   1   0   0   0   1   0   0   0   0
2   1   0   0   0   0   0   0   0   0   0
3   1   1   0   1   0   0   2   0   0   0
4   0   0   0   0   1   1   0   1   0   0
5   0   0   1   1   1   0   0   0   1   1

# Realization 923
S_plus:
   1   2   3   4   5   6   7   8   9   10
1   0   0   0   1   1   0   1   0   0   0
2   0   1   0   1   0   0   0   0   1   2
3   1   1   0   0   0   0   0   1   1   0
4   0   0   1   0   1   1   0   1   0   0

S_minus:
   1   2   3   4   5   6   7   8   9   10
1   1   1   0   0   0   0   0   0   0   1
2   0   0   1   0   1   0   2   1   0   0
3   0   0   1   1   0   1   0   0   0   0
4   0   1   0   1   0   0   0   0   2   1

# Realization 924
S_plus:
   1  2  3  4  5
1  1  0  0  1  2
2  1  1  0  0  0
3  0  0  2  0  0

S_minus:
   1  2  3  4  5
1  0  0  2  0  0
2  0  0  0  0  1
3  1  1  0  2  0

# Realization 925
S_plus:
   1   2   3   4   5   6   7   8   9   10  11
1   0   0   1   0   0   1   0   1   1   0   1
2   0   0   0   0   1   0   1   0   0   2   0
3   0   0   0   0   0   1   0   0   0   0   0
4   0   1   0   0   1   0   0   0   0   0   0
5   1   0   0   2   0   0   1   0   0   0   0

S_minus:
   1   2   3   4   5   6   7   8   9   10  11
1   0   1   0   1   0   0   0   0   0   1   0
2   1   0   1   0   0   0   0   0   0   0   0
3   0   1   0   0   0   0   1   1   1   0   0
4   0   0   0   0   0   1   1   0   1   0   0
5   0   0   0   0   2   1   0   1   0   0   1

# Realization 926
S_plus:
   1  2  3  4  5  6  7  8
1  0  0  0  0  2  0  0  0
2  0  0  1  1  0  1  0  1
3  1  0  0  0  0  1  0  0
4  0  1  0  0  0  0  1  1

S_minus:
   1  2  3  4  5  6  7  8
1  1  1  1  0  0  1  0  0
2  1  0  0  0  0  0  1  0
3  0  0  1  1  1  0  0  1
4  0  0  0  0  1  0  0  0

# Realization 927
S_plus:
   1  2  3  4  5
1  1  0  1  0  0
2  0  0  0  0  1
3  0  1  0  1  0
4  0  1  0  0  0

S_minus:
   1  2  3  4  5
1  0  1  0  0  1
2  0  1  0  0  0
3  0  0  2  0  1
4  1  0  0  1  0

# Realization 928
S_plus:
   1   2   3   4   5   6   7   8   9   10
1   0   0   0   1   0   1   0   0   2   0
2   1   2   1   0   0   0   0   0   0   2
3   0   0   0   0   1   0   1   2   0   0

S_minus:
   1   2   3   4   5   6   7   8   9   10
1   1   1   1   0   2   0   1   0   0   0
2   0   0   0   0   0   0   0   1   2   0
3   1   1   0   1   0   2   0   0   0   1

# Realization 929
S_plus:
   1   2   3   4   5   6   7   8   9   10
1   0   0   1   0   0   0   1   0   0   0
2   0   1   0   1   0   0   1   0   1   1
3   0   0   0   1   1   1   0   1   0   1
4   1   0   0   0   0   1   0   1   0   0

S_minus:
   1   2   3   4   5   6   7   8   9   10
1   1   2   0   0   0   1   0   0   0   0
2   1   0   0   0   1   1   0   1   0   0
3   0   0   1   0   0   0   0   0   2   0
4   0   0   0   2   0   0   1   0   0   1

# Realization 930
S_plus:
   1  2  3  4
1  0  0  2  2
2  1  1  0  0
3  0  1  0  0

S_minus:
   1  2  3  4
1  0  2  0  0
2  0  0  1  1
3  1  0  1  0

# Realization 931
S_plus:
   1  2  3  4  5
1  1  1  0  0  0
2  0  0  1  1  1
3  0  0  0  1  0

S_minus:
   1  2  3  4  5
1  0  0  0  2  2
2  2  0  0  0  0
3  0  2  1  0  0

# Realization 932
S_plus:
   1   2   3   4   5   6   7   8   9   10  11  12
1   0   1   0   0   0   0   1   0   0   0   0   0
2   0   0   0   0   1   1   0   2   0   0   0   1
3   0   0   1   0   0   0   0   0   0   0   0   0
4   1   0   0   1   1   0   0   0   0   0   2   0
5   1   0   1   0   0   1   0   0   1   1   0   0

S_minus:
   1   2   3   4   5   6   7   8   9   10  11  12
1   0   0   1   0   1   1   0   0   0   1   1   0
2   1   0   1   1   0   0   1   0   0   1   0   0
3   0   0   0   0   0   0   0   1   2   0   0   0
4   0   1   0   0   0   0   0   1   0   0   0   0
5   0   1   0   0   1   0   0   0   0   0   0   1

# Realization 933
S_plus:
   1   2   3   4   5   6   7   8   9   10
1   0   1   0   0   0   1   0   0   0   0
2   0   0   1   1   0   0   0   0   0   0
3   1   0   0   1   0   0   1   0   0   2
4   1   0   1   0   0   1   1   1   0   0
5   0   0   0   0   1   0   0   0   1   0

S_minus:
   1   2   3   4   5   6   7   8   9   10
1   0   0   1   0   0   0   1   1   0   1
2   1   0   0   0   0   1   1   1   0   0
3   0   1   0   0   0   1   0   0   1   0
4   0   0   0   1   1   0   0   0   0   1
5   0   0   1   0   0   0   0   0   0   0

# Realization 934
S_plus:
   1   2   3   4   5   6   7   8   9   10  11
1   0   0   0   0   0   0   2   0   1   0   0
2   1   1   0   0   1   0   0   1   0   1   0
3   1   0   2   1   0   2   0   0   0   0   0
4   0   0   0   0   1   0   0   0   0   1   1

S_minus:
   1   2   3   4   5   6   7   8   9   10  11
1   1   1   1   1   0   0   0   1   0   1   0
2   0   0   1   0   0   0   0   0   0   0   1
3   0   1   0   0   1   0   2   0   0   0   1
4   0   0   0   0   0   1   0   1   2   0   0

# Realization 935
S_plus:
   1   2   3   4   5   6   7   8   9   10
1   0   0   0   0   0   1   0   2   1   0
2   0   1   0   1   0   0   0   0   0   0
3   1   0   1   0   0   0   0   0   0   0
4   0   0   0   1   1   0   0   0   0   0
5   0   1   0   0   0   0   0   0   0   0
6   0   0   0   0   1   0   1   0   0   1

S_minus:
   1   2   3   4   5   6   7   8   9   10
1   0   0   0   2   0   0   0   0   0   1
2   1   0   0   0   0   0   0   1   0   0
3   0   1   0   0   1   0   0   0   0   0
4   0   0   1   0   0   1   1   0   0   0
5   0   0   0   0   0   0   0   1   1   0
6   0   1   0   0   0   0   0   0   0   0

# Realization 936
S_plus:
   1   2   3   4   5   6   7   8   9   10
1   0   1   2   1   2   0   0   0   0   0
2   0   0   0   0   0   2   1   1   0   0
3   1   0   0   1   0   0   0   0   2   1

S_minus:
   1   2   3   4   5   6   7   8   9   10
1   2   0   0   0   0   1   0   0   1   1
2   0   1   1   1   0   0   0   0   0   1
3   0   1   0   0   1   1   1   2   0   0

# Realization 937
S_plus:
   1  2  3  4  5  6  7  8  9
1  0  2  1  1  0  0  0  1  0
2  2  0  0  0  0  1  0  0  1
3  0  0  1  0  1  1  2  1  0

S_minus:
   1  2  3  4  5  6  7  8  9
1  1  0  0  0  0  1  0  0  0
2  0  2  1  0  1  0  1  2  0
3  1  0  0  1  0  0  0  0  2

# Realization 938
S_plus:
   1   2   3   4   5   6   7   8   9   10
1   0   0   0   1   0   1   0   0   0   1
2   0   0   2   0   1   1   0   1   0   0
3   1   1   0   0   0   0   2   0   1   1
4   1   0   0   0   1   0   0   0   0   0

S_minus:
   1   2   3   4   5   6   7   8   9   10
1   2   0   1   0   0   0   1   0   0   0
2   0   1   0   0   0   0   0   0   0   1
3   0   0   1   0   1   0   0   0   0   0
4   0   1   0   1   0   2   0   1   2   1

# Realization 939
S_plus:
   1  2  3  4  5  6  7
1  1  2  0  1  0  0  0
2  0  0  1  1  2  0  0
3  1  0  0  0  0  2  1

S_minus:
   1  2  3  4  5  6  7
1  0  0  1  0  1  1  1
2  1  2  0  0  0  0  1
3  0  0  1  1  1  0  0

# Realization 940
S_plus:
   1  2  3  4  5  6  7  8  9
1  0  1  0  2  1  2  0  0  0
2  1  1  0  0  0  0  1  1  0
3  1  0  1  0  1  0  1  0  0
4  0  0  1  0  0  0  0  0  2

S_minus:
   1  2  3  4  5  6  7  8  9
1  0  0  1  0  0  0  1  1  0
2  0  0  0  0  0  1  0  0  2
3  0  1  0  2  0  0  0  0  0
4  2  0  0  0  1  0  1  1  0

# Realization 941
S_plus:
   1  2  3
1  1  0  0
2  0  1  0
3  1  0  1

S_minus:
   1  2  3
1  0  0  2
2  1  0  0
3  0  1  0

# Realization 942
S_plus:
   1   2   3   4   5   6   7   8   9   10
1   0   1   0   0   0   0   0   0   0   0
2   0   0   0   1   0   0   0   1   0   0
3   0   1   0   1   0   0   0   1   0   0
4   1   0   0   0   0   0   0   0   0   0
5   0   0   0   0   0   0   0   0   1   0
6   0   0   1   0   0   0   0   0   0   0
7   1   0   0   0   1   1   1   0   0   1

S_minus:
   1   2   3   4   5   6   7   8   9   10
1   0   0   1   1   0   0   1   0   0   0
2   1   0   0   0   0   1   0   0   0   0
3   0   0   0   0   1   1   0   0   0   0
4   0   0   0   0   0   0   0   0   0   1
5   0   0   0   1   0   0   1   0   0   0
6   0   0   0   0   1   0   0   0   0   0
7   0   1   0   0   0   0   0   1   1   0

# Realization 943
S_plus:
   1  2  3  4  5  6  7  8  9
1  1  1  1  0  0  1  0  0  0
2  0  0  0  0  1  0  0  0  0
3  0  0  1  1  1  0  1  1  0
4  0  0  0  0  0  1  0  0  2

S_minus:
   1  2  3  4  5  6  7  8  9
1  0  0  0  1  0  0  1  0  0
2  1  0  2  1  0  0  0  1  1
3  0  1  0  0  0  1  0  0  0
4  0  0  0  0  1  0  0  1  0

# Realization 944
S_plus:
   1  2  3  4  5  6  7
1  1  1  0  0  0  0  0
2  0  0  0  1  0  0  1
3  1  0  2  0  1  1  0

S_minus:
   1  2  3  4  5  6  7
1  0  0  0  0  1  0  0
2  1  0  1  0  1  1  0
3  0  2  0  2  0  0  1

# Realization 945
S_plus:
   1  2  3  4  5  6  7  8  9
1  0  1  1  0  0  1  0  0  0
2  0  0  0  0  0  0  0  2  2
3  2  0  0  2  1  1  2  0  0

S_minus:
   1  2  3  4  5  6  7  8  9
1  0  0  0  0  1  0  1  1  1
2  1  0  1  2  0  1  1  0  0
3  0  2  0  0  0  0  0  1  0

# Realization 946
S_plus:
   1   2   3   4   5   6   7   8   9   10
1   1   0   1   0   1   0   0   1   0   0
2   0   1   0   1   0   1   0   1   1   0
3   0   1   1   0   0   0   2   0   0   2
4   0   0   0   1   0   1   0   0   0   0

S_minus:
   1   2   3   4   5   6   7   8   9   10
1   0   0   0   0   0   1   1   0   0   2
2   1   0   0   0   0   0   0   0   0   0
3   0   0   0   1   2   1   0   1   0   0
4   0   1   1   0   0   0   1   1   1   0

# Realization 947
S_plus:
   1  2  3  4  5  6  7  8  9
1  0  0  1  0  0  0  1  0  0
2  1  0  0  0  0  0  1  1  0
3  0  0  0  1  1  0  0  0  2
4  0  1  0  1  1  1  0  0  0

S_minus:
   1  2  3  4  5  6  7  8  9
1  0  1  0  0  1  0  0  0  2
2  0  1  1  1  1  1  0  0  0
3  0  0  0  0  0  0  0  1  0
4  1  0  0  0  0  0  1  0  0

# Realization 948
S_plus:
   1  2  3  4  5  6  7  8  9
1  1  0  0  0  0  0  1  0  0
2  0  2  0  1  0  2  0  0  0
3  1  0  0  1  0  0  0  0  1
4  0  0  1  0  1  0  0  1  1
5  0  0  0  0  0  0  0  1  0

S_minus:
   1  2  3  4  5  6  7  8  9
1  0  1  0  1  0  0  0  1  0
2  0  0  2  0  1  0  0  0  1
3  0  0  0  0  0  0  1  0  0
4  0  0  0  1  0  0  0  0  0
5  1  1  0  0  0  1  0  0  0

# Realization 949
S_plus:
   1   2   3   4   5   6   7   8   9   10
1   0   1   1   0   1   0   0   0   0   1
2   0   0   0   0   0   2   1   0   1   0
3   1   0   0   1   0   0   0   2   0   1

S_minus:
   1   2   3   4   5   6   7   8   9   10
1   1   0   0   1   0   0   0   1   1   0
2   1   2   1   0   0   0   0   1   0   2
3   0   0   1   0   2   1   1   0   1   0

# Realization 950
S_plus:
   1  2  3  4  5  6  7
1  0  0  0  1  0  1  2
2  2  1  0  0  2  0  0
3  0  0  2  1  0  0  0

S_minus:
   1  2  3  4  5  6  7
1  1  1  0  0  0  0  0
2  0  0  1  1  0  1  0
3  0  1  0  0  1  1  1

# Realization 951
S_plus:
   1  2  3  4  5  6  7
1  0  1  0  0  0  0  1
2  1  0  2  0  1  0  0
3  0  1  0  1  0  2  0

S_minus:
   1  2  3  4  5  6  7
1  1  0  2  1  0  0  0
2  0  1  0  1  0  2  0
3  1  0  0  0  1  0  1

# Realization 952
S_plus:
   1  2  3  4  5  6  7  8  9
1  1  0  0  0  0  0  0  0  1
2  0  0  0  2  1  0  2  0  0
3  1  2  2  0  0  1  0  1  0

S_minus:
   1  2  3  4  5  6  7  8  9
1  0  2  1  0  1  2  1  0  0
2  1  0  1  0  0  0  0  1  1
3  0  0  0  2  0  0  0  0  1

# Realization 953
S_plus:
   1  2  3  4  5  6  7  8  9
1  0  0  0  1  0  0  1  1  0
2  0  0  0  1  1  1  0  0  1
3  1  0  1  0  0  0  0  0  0
4  0  1  1  0  0  1  0  1  0
5  1  0  0  0  0  0  0  0  1

S_minus:
   1  2  3  4  5  6  7  8  9
1  0  0  0  0  0  1  0  0  2
2  1  0  0  0  0  0  0  1  0
3  0  1  0  1  0  0  0  0  0
4  0  0  0  0  0  0  1  0  0
5  0  0  1  0  2  1  0  0  0

# Realization 954
S_plus:
   1   2   3   4   5   6   7   8   9   10  11  12
1   0   0   1   0   0   1   0   1   1   0   2   0
2   0   0   0   0   1   1   1   0   1   1   0   0
3   0   1   0   0   0   0   0   1   0   1   0   0
4   1   1   0   1   0   0   0   0   0   0   0   2

S_minus:
   1   2   3   4   5   6   7   8   9   10  11  12
1   0   0   0   1   1   0   1   0   0   1   0   1
2   0   1   1   0   0   0   0   0   0   0   0   1
3   2   0   1   0   1   0   0   0   2   0   0   0
4   0   0   0   0   0   2   0   1   0   0   1   0

# Realization 955
S_plus:
   1   2   3   4   5   6   7   8   9   10
1   0   2   1   0   0   0   0   0   0   1
2   1   0   0   1   1   0   0   1   0   0
3   1   0   1   1   0   0   1   0   2   0
4   0   0   0   0   0   1   0   1   0   0

S_minus:
   1   2   3   4   5   6   7   8   9   10
1   1   0   0   1   0   1   0   1   1   0
2   0   1   0   0   0   0   1   0   1   2
3   0   1   0   0   1   0   0   0   0   0
4   0   0   1   1   0   0   1   0   0   0

# Realization 956
S_plus:
   1   2   3   4   5   6   7   8   9   10  11
1   0   0   0   0   0   0   0   0   0   0   1
2   1   1   0   0   0   0   0   1   0   0   1
3   1   0   1   0   1   1   1   0   2   0   0
4   0   0   0   0   0   1   0   0   0   0   0
5   0   0   0   1   0   0   0   0   0   1   0

S_minus:
   1   2   3   4   5   6   7   8   9   10  11
1   0   0   0   0   0   0   0   0   0   1   0
2   0   0   1   0   0   1   1   0   2   0   0
3   0   1   0   1   0   0   0   0   0   0   1
4   2   0   0   1   0   0   1   1   0   0   0
5   0   0   0   0   1   1   0   1   0   0   0

# Realization 957
S_plus:
   1  2  3  4  5  6
1  0  0  1  1  0  0
2  2  1  1  0  1  0
3  0  0  0  0  0  1

S_minus:
   1  2  3  4  5  6
1  1  2  0  0  0  0
2  0  0  0  2  0  2
3  1  0  1  0  1  0

# Realization 958
S_plus:
   1  2  3  4  5
1  1  0  1  0  0
2  1  0  1  0  0
3  0  2  0  0  1
4  0  0  0  1  0
5  0  0  0  0  1

S_minus:
   1  2  3  4  5
1  0  1  0  0  1
2  0  0  0  1  0
3  2  0  0  0  0
4  0  0  1  0  0
5  0  0  1  0  0

# Realization 959
S_plus:
   1   2   3   4   5   6   7   8   9   10  11  12
1   0   0   0   1   0   0   0   0   1   0   1   0
2   0   0   0   0   0   2   1   0   0   0   0   1
3   0   1   0   1   1   0   0   1   0   0   1   0
4   0   1   1   0   0   0   0   0   0   0   0   1
5   1   0   0   0   0   0   0   0   0   2   0   0

S_minus:
   1   2   3   4   5   6   7   8   9   10  11  12
1   0   0   1   0   2   0   0   0   0   1   0   0
2   0   0   0   1   0   0   0   0   0   0   0   0
3   2   0   0   0   0   0   0   0   1   0   0   0
4   0   0   0   0   0   0   1   1   0   0   0   0
5   0   2   1   0   0   1   1   0   0   0   1   1

# Realization 960
S_plus:
   1  2  3  4  5  6  7  8  9
1  1  0  1  0  0  0  0  0  1
2  1  1  0  0  1  0  2  1  0
3  0  0  0  1  0  1  0  0  1

S_minus:
   1  2  3  4  5  6  7  8  9
1  0  1  0  0  0  1  0  0  0
2  0  0  0  1  0  0  0  0  1
3  2  1  1  0  2  0  2  1  0

# Realization 961
S_plus:
   1  2  3  4  5  6  7  8
1  1  0  1  0  0  0  0  0
2  0  0  0  1  1  1  1  1
3  0  0  0  0  0  1  0  0
4  0  0  0  1  0  0  1  1
5  1  2  1  0  1  0  0  0

S_minus:
   1  2  3  4  5  6  7  8
1  0  1  0  0  1  0  0  1
2  0  0  1  0  0  0  0  0
3  0  0  0  0  0  0  2  0
4  1  0  0  0  1  0  0  0
5  0  0  0  1  0  1  0  0

# Realization 962
S_plus:
   1  2  3  4  5  6  7  8
1  1  0  0  1  0  0  0  0
2  0  0  0  0  0  0  0  1
3  1  2  1  0  0  1  1  0
4  0  0  0  1  1  0  1  0

S_minus:
   1  2  3  4  5  6  7  8
1  0  1  0  0  1  1  0  0
2  0  1  1  0  0  0  2  0
3  0  0  0  1  0  0  0  1
4  1  0  0  0  0  1  0  0

# Realization 963
S_plus:
   1  2  3  4  5  6
1  1  0  0  0  1  0
2  1  1  0  1  0  1
3  0  0  1  1  0  1

S_minus:
   1  2  3  4  5  6
1  0  0  0  2  0  1
2  0  0  2  0  0  0
3  1  1  0  0  1  0

# Realization 964
S_plus:
   1   2   3   4   5   6   7   8   9   10  11  12
1   0   0   0   1   1   0   0   1   0   0   2   1
2   2   1   1   0   1   1   0   1   2   2   0   0
3   0   0   0   0   0   0   1   0   0   0   0   0

S_minus:
   1   2   3   4   5   6   7   8   9   10  11  12
1   0   1   0   0   0   2   1   0   1   0   0   0
2   0   0   0   1   0   0   0   0   0   0   0   1
3   1   1   2   1   2   0   0   1   1   2   1   0

# Realization 965
S_plus:
   1   2   3   4   5   6   7   8   9   10  11  12
1   0   0   0   1   0   0   1   0   0   0   1   0
2   0   0   1   0   0   0   0   2   1   0   0   0
3   0   1   0   0   0   1   1   0   0   0   0   2
4   2   1   0   0   1   0   0   0   1   1   0   0

S_minus:
   1   2   3   4   5   6   7   8   9   10  11  12
1   1   2   0   0   1   0   0   1   1   0   0   0
2   1   0   0   2   0   1   1   0   0   0   1   1
3   0   0   0   0   0   0   0   1   1   2   1   0
4   0   0   1   0   0   0   0   0   0   0   0   1

# Realization 966
S_plus:
   1   2   3   4   5   6   7   8   9   10  11
1   1   0   0   0   1   1   0   0   0   0   0
2   0   0   0   2   0   1   0   1   0   1   0
3   0   0   1   0   0   0   1   0   0   0   2
4   1   0   0   0   0   0   1   0   0   0   0
5   0   0   0   0   1   0   0   0   0   0   0
6   0   0   1   0   0   0   0   0   0   0   0
7   0   1   0   0   0   0   0   0   2   0   0

S_minus:
   1   2   3   4   5   6   7   8   9   10  11
1   0   0   0   0   0   0   1   1   0   0   0
2   1   0   1   0   0   0   0   0   0   0   1
3   0   1   0   0   0   0   0   0   0   1   0
4   0   0   0   1   0   0   0   0   1   0   0
5   1   0   0   0   0   0   0   0   0   0   0
6   0   1   0   0   1   1   0   0   0   0   0
7   0   0   0   0   0   0   0   1   0   0   0

# Realization 967
S_plus:
   1   2   3   4   5   6   7   8   9   10  11
1   1   0   2   0   0   0   0   0   1   0   0
2   0   1   0   0   0   1   2   0   0   1   0
3   0   0   0   1   0   1   0   1   0   0   1
4   1   0   0   0   1   0   0   1   0   0   0

S_minus:
   1   2   3   4   5   6   7   8   9   10  11
1   0   1   0   1   0   0   1   1   0   0   0
2   2   0   2   1   1   0   0   1   1   0   0
3   0   1   0   0   0   0   0   0   0   0   0
4   0   0   0   0   0   1   0   0   0   2   1

# Realization 968
S_plus:
   1   2   3   4   5   6   7   8   9   10  11  12
1   0   1   0   0   0   0   0   0   0   0   0   0
2   0   1   1   0   0   0   1   0   0   0   0   0
3   1   0   0   1   1   0   0   0   1   1   2   1
4   0   0   0   0   0   0   0   1   0   0   0   1
5   0   0   1   0   0   1   1   0   1   0   0   0

S_minus:
   1   2   3   4   5   6   7   8   9   10  11  12
1   0   0   1   0   0   2   0   0   0   1   0   0
2   0   0   0   0   1   0   0   0   1   0   0   0
3   0   0   0   0   0   0   1   0   0   0   0   0
4   0   0   1   1   0   0   1   0   0   1   1   0
5   2   1   0   0   0   0   0   2   0   0   0   1

# Realization 969
S_plus:
   1   2   3   4   5   6   7   8   9   10
1   1   0   0   0   0   0   0   1   0   0
2   0   1   1   1   0   0   0   0   1   0
3   1   1   0   0   1   0   1   0   1   0
4   0   0   1   0   1   1   0   0   0   1

S_minus:
   1   2   3   4   5   6   7   8   9   10
1   0   1   0   1   1   1   0   0   1   0
2   0   0   0   0   1   0   1   0   0   1
3   0   0   1   0   0   1   0   0   0   0
4   1   0   0   1   0   0   1   2   1   0

# Realization 970
S_plus:
   1  2  3  4  5
1  0  0  1  0  0
2  0  0  0  1  0
3  2  2  0  0  1

S_minus:
   1  2  3  4  5
1  0  2  0  1  1
2  1  0  0  0  1
3  0  0  1  0  0

# Realization 971
S_plus:
   1  2  3  4  5  6  7  8  9
1  1  0  1  0  0  1  0  2  1
2  1  1  0  0  0  0  0  0  0
3  0  1  0  1  0  0  1  0  1
4  0  0  1  0  1  0  1  0  0

S_minus:
   1  2  3  4  5  6  7  8  9
1  0  0  0  1  1  0  0  0  0
2  0  0  0  0  1  1  1  1  2
3  1  0  1  0  0  1  0  1  0
4  0  2  0  0  0  0  0  0  0

# Realization 972
S_plus:
   1   2   3   4   5   6   7   8   9   10  11
1   0   0   1   2   1   0   1   1   0   1   0
2   2   0   0   0   0   2   0   0   0   0   2
3   0   2   0   0   0   0   0   1   1   0   0

S_minus:
   1   2   3   4   5   6   7   8   9   10  11
1   1   0   0   0   0   0   0   0   1   0   1
2   0   2   2   2   0   0   0   1   1   1   0
3   1   0   0   0   2   1   1   0   0   0   0

# Realization 973
S_plus:
   1  2  3  4  5  6  7  8
1  2  0  0  0  1  1  0  0
2  0  1  1  0  0  0  1  0
3  0  1  0  2  0  1  0  2

S_minus:
   1  2  3  4  5  6  7  8
1  0  1  0  1  0  0  1  1
2  1  0  0  0  1  2  0  1
3  0  0  1  0  0  0  1  0

# Realization 974
S_plus:
   1   2   3   4   5   6   7   8   9   10  11  12
1   0   0   1   1   0   1   2   1   0   2   0   0
2   1   0   1   0   0   0   0   0   1   0   0   2
3   0   0   0   0   1   0   0   0   1   0   0   0
4   1   2   0   0   0   1   0   0   0   0   2   0

S_minus:
   1   2   3   4   5   6   7   8   9   10  11  12
1   1   1   0   0   2   0   0   0   1   0   0   0
2   0   0   0   0   0   1   1   2   0   0   0   0
3   1   1   0   2   0   1   0   0   0   0   1   1
4   0   0   1   0   0   0   0   0   0   2   0   1

# Realization 975
S_plus:
   1  2  3  4  5  6  7  8  9
1  2  1  0  0  0  1  0  1  0
2  0  0  0  0  0  0  0  0  1
3  0  0  0  0  1  0  0  0  0
4  0  0  0  1  0  0  1  0  0
5  0  0  2  1  0  0  0  0  0

S_minus:
   1  2  3  4  5  6  7  8  9
1  0  0  0  1  1  0  2  0  0
2  0  0  1  0  1  1  0  0  0
3  1  0  0  0  0  0  0  0  0
4  0  0  1  0  0  0  0  1  0
5  0  1  0  0  0  1  0  1  1

# Realization 976
S_plus:
   1  2  3  4  5
1  0  0  1  0  1
2  1  1  0  0  0
3  0  0  0  1  0

S_minus:
   1  2  3  4  5
1  1  0  0  2  0
2  0  0  1  0  2
3  0  1  1  0  0

# Realization 977
S_plus:
   1   2   3   4   5   6   7   8   9   10  11
1   0   0   1   0   2   0   0   0   0   1   0
2   0   1   0   0   0   0   1   1   0   1   2
3   2   1   1   1   0   1   0   0   1   0   0

S_minus:
   1   2   3   4   5   6   7   8   9   10  11
1   0   1   0   2   0   1   0   1   1   0   1
2   1   0   2   0   1   1   0   0   0   0   0
3   0   0   0   0   1   0   1   0   0   1   1

# Realization 978
S_plus:
   1   2   3   4   5   6   7   8   9   10  11
1   0   0   1   0   1   2   0   0   1   0   0
2   1   1   0   1   0   0   2   0   0   0   0
3   0   1   0   0   0   0   0   1   1   2   2

S_minus:
   1   2   3   4   5   6   7   8   9   10  11
1   1   1   0   2   0   0   0   1   0   1   1
2   0   0   0   0   1   0   0   0   1   1   0
3   1   0   1   0   1   2   1   0   0   0   0

# Realization 979
S_plus:
   1   2   3   4   5   6   7   8   9   10  11
1   0   1   0   1   1   0   0   0   0   0   1
2   1   0   0   0   0   0   0   0   0   2   1
3   0   0   2   0   1   0   1   1   0   0   0
4   0   0   0   0   0   1   1   1   1   0   0

S_minus:
   1   2   3   4   5   6   7   8   9   10  11
1   0   0   0   0   0   1   1   0   0   1   0
2   0   0   1   1   0   1   0   1   2   0   0
3   1   0   0   0   0   0   0   0   0   1   1
4   0   1   0   1   1   0   0   0   0   0   1

# Realization 980
S_plus:
   1   2   3   4   5   6   7   8   9   10  11  12
1   0   0   1   0   0   0   0   0   0   0   0   0
2   0   0   1   0   0   0   0   0   1   0   1   0
3   0   1   0   2   1   1   1   0   0   1   0   1
4   0   0   0   0   0   1   0   0   1   0   0   0
5   1   1   0   0   1   0   1   1   0   0   1   0

S_minus:
   1   2   3   4   5   6   7   8   9   10  11  12
1   0   0   0   1   0   0   1   0   0   2   0   1
2   0   1   0   0   1   1   0   0   0   0   0   0
3   1   0   1   0   0   0   0   0   0   0   2   0
4   0   1   1   0   0   0   1   2   0   0   0   0
5   0   0   0   1   0   1   0   0   1   0   0   1

# Realization 981
S_plus:
   1   2   3   4   5   6   7   8   9   10
1   1   0   2   1   0   0   0   1   0   0
2   1   2   0   0   1   0   0   0   1   2
3   0   0   0   0   0   1   2   1   1   0

S_minus:
   1   2   3   4   5   6   7   8   9   10
1   0   0   0   0   0   1   1   0   1   0
2   0   0   0   1   0   0   1   2   0   0
3   1   1   1   0   2   0   0   0   0   2

# Realization 982
S_plus:
   1  2  3  4  5  6  7  8
1  0  1  0  0  0  0  2  0
2  0  0  0  0  0  1  0  0
3  1  1  1  2  1  1  0  1

S_minus:
   1  2  3  4  5  6  7  8
1  1  0  1  1  0  1  0  2
2  1  1  0  0  1  0  1  0
3  0  0  0  0  0  0  1  0

# Realization 983
S_plus:
   1  2  3  4  5  6  7  8
1  0  0  1  1  1  1  1  0
2  0  2  0  0  0  0  0  0
3  2  0  0  0  0  0  0  0
4  0  0  1  0  0  0  0  2

S_minus:
   1  2  3  4  5  6  7  8
1  1  0  0  0  0  0  0  0
2  0  0  1  0  1  0  1  1
3  0  1  1  0  1  2  0  1
4  0  0  0  2  0  0  1  0

# Realization 984
S_plus:
   1   2   3   4   5   6   7   8   9   10  11  12
1   0   0   0   1   1   0   0   0   0   0   0   0
2   0   0   0   0   0   1   0   0   0   0   1   0
3   0   1   0   0   0   0   0   0   0   0   0   0
4   0   0   0   0   0   0   1   0   0   0   0   0
5   0   1   0   0   0   1   0   0   0   0   0   0
6   1   0   0   0   0   0   0   1   1   0   0   0
7   0   0   0   0   1   0   1   0   0   1   1   1
8   0   0   1   0   0   0   0   0   0   1   0   0

S_minus:
   1   2   3   4   5   6   7   8   9   10  11  12
1   0   0   1   0   0   0   0   0   0   0   0   0
2   1   0   0   1   1   0   0   0   0   0   0   0
3   0   0   0   0   0   0   1   0   0   0   1   0
4   0   0   0   0   0   1   0   1   0   0   0   0
5   0   0   0   0   0   0   0   0   1   1   1   0
6   0   0   0   0   0   0   0   0   0   0   0   1
7   0   1   1   0   0   0   0   0   0   0   0   0
8   0   1   0   0   0   0   0   0   0   0   0   0

# Realization 985
S_plus:
   1   2   3   4   5   6   7   8   9   10
1   1   0   1   0   1   0   2   1   1   1
2   0   0   0   0   0   1   0   0   0   0
3   1   2   0   1   0   0   0   1   0   0
4   0   0   1   0   0   0   0   0   0   0

S_minus:
   1   2   3   4   5   6   7   8   9   10
1   0   1   0   1   0   1   0   0   0   0
2   0   1   0   1   0   0   2   1   1   1
3   0   0   1   0   0   1   0   0   1   0
4   1   0   0   0   1   0   0   0   0   0

# Realization 986
S_plus:
   1  2  3  4  5  6  7  8
1  1  0  0  1  1  1  0  0
2  0  0  1  1  0  0  1  0
3  0  0  0  0  0  0  0  1
4  0  1  1  0  0  0  0  1

S_minus:
   1  2  3  4  5  6  7  8
1  0  1  1  0  0  0  0  1
2  1  0  0  0  0  1  0  1
3  0  0  0  1  1  0  0  0
4  1  0  0  1  1  0  1  0

# Realization 987
S_plus:
   1   2   3   4   5   6   7   8   9   10  11
1   0   1   0   0   1   0   0   1   0   0   0
2   1   0   1   0   0   1   0   1   0   0   1
3   0   0   0   0   0   1   0   0   0   1   0
4   1   0   0   2   0   0   0   0   1   0   0
5   0   0   0   0   0   0   1   0   1   0   1
6   0   0   0   0   0   0   1   0   0   1   0

S_minus:
   1   2   3   4   5   6   7   8   9   10  11
1   2   0   0   1   0   0   0   0   1   1   0
2   0   0   0   1   0   0   0   0   0   0   0
3   0   0   0   0   1   0   0   0   0   0   1
4   0   1   0   0   0   0   1   0   0   0   0
5   0   0   0   0   0   1   0   1   0   1   0
6   0   0   1   0   0   1   0   0   1   0   1

# Realization 988
S_plus:
   1   2   3   4   5   6   7   8   9   10  11  12
1   0   1   0   0   0   0   0   1   0   0   0   0
2   0   0   0   0   0   0   1   0   0   1   0   1
3   0   0   0   0   0   0   0   0   1   1   1   0
4   1   0   1   1   0   0   0   0   0   0   0   0
5   0   1   0   1   0   1   0   1   0   0   0   0
6   0   0   0   0   1   0   0   0   0   0   0   1
7   1   0   0   0   1   1   0   0   0   0   1   0

S_minus:
   1   2   3   4   5   6   7   8   9   10  11  12
1   0   0   0   1   1   0   0   0   0   0   1   0
2   0   1   1   0   0   0   0   0   0   0   0   0
3   0   1   0   0   0   0   0   0   0   0   0   0
4   0   0   0   0   0   1   1   1   0   0   1   0
5   0   0   0   0   1   0   0   0   0   0   0   0
6   1   0   0   0   0   1   0   0   0   0   0   0
7   0   0   1   1   0   0   1   0   1   1   0   1

# Realization 989
S_plus:
   1   2   3   4   5   6   7   8   9   10
1   0   0   1   0   1   0   0   0   0   1
2   0   0   0   0   0   0   0   1   1   0
3   0   0   1   0   0   1   1   1   0   0
4   0   0   0   1   0   0   1   0   0   0
5   1   1   0   0   0   0   0   0   1   0

S_minus:
   1   2   3   4   5   6   7   8   9   10
1   2   0   0   0   0   0   0   1   0   0
2   0   2   1   1   1   0   1   0   0   0
3   0   0   0   0   0   0   0   0   0   1
4   0   0   0   0   1   1   0   0   1   0
5   0   0   1   0   0   0   0   1   0   1

# Realization 990
S_plus:
   1   2   3   4   5   6   7   8   9   10
1   0   0   2   0   1   1   2   1   0   0
2   1   0   0   0   0   0   0   0   2   1
3   1   1   0   2   0   0   0   1   0   0

S_minus:
   1   2   3   4   5   6   7   8   9   10
1   1   1   0   1   0   0   0   0   1   1
2   0   0   1   1   1   1   0   1   0   0
3   0   0   1   0   0   1   1   0   0   1

# Realization 991
S_plus:
   1  2  3  4  5  6  7
1  1  1  0  0  0  1  0
2  0  0  2  1  2  0  1
3  1  0  0  0  0  0  0
4  0  0  0  0  0  0  1

S_minus:
   1  2  3  4  5  6  7
1  0  0  0  1  1  0  1
2  0  1  0  0  0  2  0
3  0  0  1  0  1  0  0
4  2  0  1  0  0  0  0

# Realization 992
S_plus:
   1  2  3  4  5  6
1  0  0  2  0  1  0
2  0  1  0  0  0  2
3  2  0  0  1  0  0
4  0  1  0  0  1  0

S_minus:
   1  2  3  4  5  6
1  0  1  0  0  0  0
2  1  0  1  0  1  0
3  0  0  0  0  0  1
4  0  0  0  1  0  1

# Realization 993
S_plus:
   1  2  3  4  5  6  7
1  0  0  1  1  1  2  0
2  0  2  0  1  1  0  0
3  0  0  0  0  0  0  1
4  1  0  0  0  0  0  0

S_minus:
   1  2  3  4  5  6  7
1  1  0  0  0  0  0  1
2  0  0  1  0  0  0  0
3  0  1  0  2  1  1  0
4  0  1  0  0  1  0  0

# Realization 994
S_plus:
   1  2  3  4  5  6
1  1  0  0  0  0  0
2  0  0  1  1  0  0
3  1  0  0  0  1  1
4  0  0  0  1  1  0
5  0  2  0  0  0  1

S_minus:
   1  2  3  4  5  6
1  0  1  1  1  0  1
2  1  0  0  0  0  1
3  0  1  0  0  0  0
4  0  0  1  0  0  0
5  1  0  0  0  2  0

# Realization 995
S_plus:
   1  2  3  4  5  6  7  8  9
1  0  0  0  1  0  0  1  0  0
2  0  2  2  0  1  1  0  1  0
3  2  0  0  0  1  0  0  1  1

S_minus:
   1  2  3  4  5  6  7  8  9
1  1  2  1  0  2  2  0  1  1
2  0  0  0  0  0  0  1  0  1
3  0  0  0  1  0  0  1  0  0

# Realization 996
S_plus:
   1  2  3  4  5  6  7
1  1  2  0  0  1  0  1
2  0  0  0  1  1  0  0
3  0  0  1  0  0  1  0

S_minus:
   1  2  3  4  5  6  7
1  0  0  0  1  0  1  0
2  1  0  1  0  0  1  0
3  0  1  0  0  1  0  2

# Realization 997
S_plus:
   1  2  3  4  5  6
1  1  0  1  0  0  0
2  1  0  0  1  0  2
3  0  2  0  1  2  0

S_minus:
   1  2  3  4  5  6
1  0  0  0  2  1  1
2  0  1  1  0  1  0
3  2  0  1  0  0  0

# Realization 998
S_plus:
   1  2  3  4  5  6  7  8  9
1  0  2  0  1  1  0  0  1  0
2  1  0  1  0  0  0  1  0  0
3  0  0  0  0  1  1  0  0  2

S_minus:
   1  2  3  4  5  6  7  8  9
1  0  0  0  0  0  1  1  0  1
2  0  2  0  0  1  0  0  1  0
3  2  0  1  1  0  0  1  0  0

# Realization 999
S_plus:
   1   2   3   4   5   6   7   8   9   10  11
1   0   1   0   1   0   1   0   1   0   0   0
2   0   0   0   1   0   1   0   0   0   1   0
3   0   0   0   0   0   0   1   0   1   0   0
4   1   0   0   0   1   0   0   0   0   0   1
5   0   1   1   0   1   0   0   0   0   0   0
6   0   0   0   0   0   0   0   0   0   1   0

S_minus:
   1   2   3   4   5   6   7   8   9   10  11
1   0   0   0   0   1   0   0   0   0   0   0
2   0   0   1   0   0   0   1   0   1   0   2
3   1   0   0   0   0   0   0   1   0   0   0
4   0   1   1   1   0   0   0   0   0   0   0
5   0   0   0   0   0   1   0   0   0   1   0
6   0   0   0   0   0   0   0   1   1   0   0

# Realization 1000
S_plus:
   1  2  3  4  5  6
1  2  0  1  0  1  0
2  0  0  0  0  0  1
3  0  1  0  1  0  0

S_minus:
   1  2  3  4  5  6
1  0  1  0  0  0  0
2  1  1  0  2  1  0
3  1  0  2  0  0  2

# Realization 1001
S_plus:
   1  2  3  4  5  6  7
1  0  1  1  0  1  0  1
2  0  0  0  1  0  2  1
3  1  0  1  0  0  0  0

S_minus:
   1  2  3  4  5  6  7
1  1  0  0  1  0  1  0
2  0  0  1  0  1  0  0
3  0  1  0  1  0  1  1

# Realization 1002
S_plus:
   1  2  3  4  5  6  7  8
1  2  0  0  0  1  0  0  1
2  0  0  1  2  0  0  0  0
3  0  1  1  0  0  2  1  0

S_minus:
   1  2  3  4  5  6  7  8
1  0  0  1  1  0  0  1  0
2  0  1  0  0  0  1  1  1
3  1  0  0  1  1  0  0  1

# Realization 1003
S_plus:
   1   2   3   4   5   6   7   8   9   10  11
1   2   0   0   1   0   1   0   0   2   1   0
2   0   1   0   1   1   0   1   2   0   0   2
3   0   0   0   0   0   0   0   0   0   1   0
4   0   0   1   0   0   0   0   0   0   0   0

S_minus:
   1   2   3   4   5   6   7   8   9   10  11
1   0   0   0   0   0   0   0   1   0   0   1
2   0   0   1   0   0   1   0   0   1   1   0
3   0   2   0   0   1   1   0   0   0   0   1
4   1   0   0   1   0   0   2   0   1   1   0

# Realization 1004
S_plus:
   1  2  3  4  5  6  7  8  9
1  0  1  0  0  1  2  0  0  0
2  1  0  0  0  0  0  0  0  1
3  1  0  0  1  1  0  0  1  1
4  0  0  2  0  0  0  1  0  0

S_minus:
   1  2  3  4  5  6  7  8  9
1  1  0  1  0  0  0  1  1  1
2  0  0  0  0  0  1  1  0  0
3  0  1  0  0  0  1  0  0  0
4  1  1  0  2  1  0  0  1  0

# Realization 1005
S_plus:
   1  2  3  4  5
1  1  0  0  0  0
2  0  0  1  0  0
3  0  0  0  0  2
4  0  1  0  2  0

S_minus:
   1  2  3  4  5
1  0  0  0  1  0
2  0  1  0  0  2
3  1  1  0  0  0
4  1  0  2  0  0

# Realization 1006
S_plus:
   1  2  3  4  5  6
1  1  0  0  1  0  0
2  0  0  2  0  1  1
3  0  2  0  1  0  0

S_minus:
   1  2  3  4  5  6
1  0  0  1  0  0  1
2  0  1  0  1  0  0
3  1  0  1  0  1  1

# Realization 1007
S_plus:
   1  2  3  4  5  6
1  1  0  0  0  1  0
2  0  0  0  0  1  0
3  0  0  1  1  0  0
4  0  2  1  0  0  1

S_minus:
   1  2  3  4  5  6
1  0  1  0  1  0  0
2  2  0  2  0  0  0
3  0  1  0  0  0  1
4  0  0  0  0  1  0

# Realization 1008
S_plus:
   1  2  3  4  5  6  7  8  9
1  0  2  0  2  0  0  0  1  0
2  0  0  0  0  0  0  0  0  1
3  0  0  1  0  1  0  1  0  0
4  1  0  0  0  0  1  1  0  0

S_minus:
   1  2  3  4  5  6  7  8  9
1  2  0  1  0  1  0  1  0  0
2  0  0  0  1  0  1  1  0  0
3  0  1  0  0  0  1  0  1  0
4  0  0  0  0  1  0  0  0  1

# Realization 1009
S_plus:
   1  2  3  4  5  6
1  0  0  1  0  0  0
2  1  1  0  0  0  0
3  0  0  0  1  0  1
4  0  1  0  0  1  0
5  0  0  1  1  1  0

S_minus:
   1  2  3  4  5  6
1  0  0  0  0  1  0
2  0  0  0  1  0  0
3  1  0  0  0  0  0
4  1  0  1  1  0  1
5  0  1  0  0  0  1

# Realization 1010
S_plus:
   1   2   3   4   5   6   7   8   9   10  11  12
1   1   1   0   0   0   0   0   0   0   0   0   0
2   0   0   1   1   0   0   1   1   0   0   0   0
3   0   0   0   0   0   1   0   0   0   1   1   0
4   1   1   0   1   1   0   0   0   0   0   0   0
5   0   0   0   0   0   0   0   0   1   1   0   0
6   0   0   0   0   1   0   0   0   0   0   0   0
7   0   0   0   0   0   0   0   0   0   0   0   1

S_minus:
   1   2   3   4   5   6   7   8   9   10  11  12
1   0   0   0   0   1   0   1   0   1   0   0   0
2   0   0   0   0   0   0   0   0   0   1   0   1
3   0   0   0   1   0   0   1   1   0   0   0   0
4   0   0   0   0   0   0   0   0   0   0   0   1
5   0   1   0   0   1   1   0   0   0   0   0   0
6   1   0   1   0   0   0   0   0   1   0   2   0
7   0   1   0   1   0   0   0   0   0   1   0   0

# Realization 1011
S_plus:
   1  2  3  4  5  6  7
1  0  1  2  1  0  0  1
2  2  1  0  0  1  1  0
3  0  0  0  0  1  0  0

S_minus:
   1  2  3  4  5  6  7
1  0  0  0  0  2  1  0
2  0  0  1  1  0  0  1
3  1  2  0  0  0  1  1

# Realization 1012
S_plus:
   1   2   3   4   5   6   7   8   9   10  11  12
1   0   0   1   0   0   0   0   0   1   1   0   0
2   0   1   0   0   0   1   0   0   1   1   0   0
3   0   1   0   0   0   0   0   1   0   0   0   0
4   1   0   0   1   2   1   0   0   0   0   0   1
5   0   0   0   0   0   0   2   0   0   0   1   1

S_minus:
   1   2   3   4   5   6   7   8   9   10  11  12
1   1   2   0   1   1   0   1   0   0   0   0   0
2   1   0   0   0   0   0   0   0   0   0   0   1
3   0   0   0   0   1   0   0   0   1   0   0   0
4   0   0   2   0   0   0   1   0   0   1   1   0
5   0   0   0   0   0   1   0   2   0   0   0   0

# Realization 1013
S_plus:
   1  2  3  4  5  6  7  8  9
1  0  1  0  0  0  0  0  0  0
2  0  0  0  0  0  1  0  0  0
3  0  0  0  0  0  0  1  0  0
4  0  0  1  1  0  0  1  1  0
5  0  0  0  0  1  0  0  0  0
6  2  0  1  0  0  0  0  1  1

S_minus:
   1  2  3  4  5  6  7  8  9
1  1  0  0  0  0  1  1  1  0
2  0  0  1  0  0  0  0  0  0
3  0  1  0  1  0  0  0  0  1
4  1  0  0  0  2  0  0  0  1
5  0  1  0  0  0  0  1  0  0
6  0  0  0  1  0  0  0  0  0

# Realization 1014
S_plus:
   1  2  3  4  5  6  7  8
1  0  1  0  0  0  0  0  0
2  0  0  0  0  0  0  1  0
3  0  1  0  0  1  1  0  0
4  0  0  0  1  0  0  0  0
5  0  0  1  0  0  0  0  1
6  1  0  0  1  0  0  1  0

S_minus:
   1  2  3  4  5  6  7  8
1  1  0  2  1  1  0  0  0
2  0  1  0  0  0  1  0  1
3  0  0  0  1  0  0  1  1
4  1  0  0  0  0  0  0  0
5  0  1  0  0  0  0  1  0
6  0  0  0  0  0  1  0  0

# Realization 1015
S_plus:
   1   2   3   4   5   6   7   8   9   10
1   0   0   0   1   1   0   1   1   2   1
2   0   0   1   0   0   2   0   0   0   0
3   1   1   0   0   1   0   1   0   0   0

S_minus:
   1   2   3   4   5   6   7   8   9   10
1   1   0   0   0   0   0   0   0   0   0
2   0   1   0   1   1   0   2   1   1   0
3   0   0   2   0   0   1   0   1   1   1

# Realization 1016
S_plus:
   1  2  3  4  5  6
1  0  1  0  2  0  0
2  1  0  1  0  1  1
3  0  1  0  0  1  0

S_minus:
   1  2  3  4  5  6
1  1  0  2  0  1  0
2  0  2  0  1  0  0
3  1  0  0  1  0  2

# Realization 1017
S_plus:
   1  2  3  4  5  6  7  8
1  0  0  1  1  0  0  0  2
2  1  2  0  0  1  1  0  0
3  0  0  0  1  1  0  2  0

S_minus:
   1  2  3  4  5  6  7  8
1  1  0  0  0  1  0  1  0
2  0  0  0  1  0  0  0  1
3  0  1  1  0  0  1  0  1

# Realization 1018
S_plus:
   1  2  3  4  5  6  7  8
1  0  0  1  0  1  0  2  0
2  0  0  1  1  0  2  0  0
3  1  1  0  0  0  0  0  1

S_minus:
   1  2  3  4  5  6  7  8
1  1  0  0  1  0  0  0  0
2  0  1  0  0  2  0  1  2
3  0  0  1  0  0  1  0  0

# Realization 1019
S_plus:
   1  2  3  4  5  6  7  8  9
1  0  0  0  1  0  0  1  2  0
2  1  1  0  1  0  0  0  0  0
3  0  0  2  0  1  2  0  0  1

S_minus:
   1  2  3  4  5  6  7  8  9
1  1  0  0  0  0  1  0  0  1
2  0  0  1  0  2  1  0  0  1
3  0  1  0  2  0  0  1  1  0

# Realization 1020
S_plus:
   1  2  3  4  5  6  7  8  9
1  0  2  0  1  0  0  0  0  1
2  0  0  0  0  1  0  0  0  0
3  1  0  2  0  1  1  1  1  1

S_minus:
   1  2  3  4  5  6  7  8  9
1  0  0  0  0  1  1  2  1  0
2  1  1  1  1  0  0  0  1  1
3  0  1  0  1  0  0  0  0  0

# Realization 1021
S_plus:
   1  2  3  4  5  6  7  8
1  0  0  2  0  0  0  0  1
2  0  0  0  0  0  0  0  1
3  1  1  0  0  1  1  0  0
4  1  0  0  1  0  1  1  0
5  0  1  0  0  0  0  0  0

S_minus:
   1  2  3  4  5  6  7  8
1  1  1  0  0  0  0  0  0
2  0  0  1  1  0  1  1  0
3  0  0  1  0  0  0  1  1
4  0  1  0  0  0  0  0  1
5  0  0  0  0  1  1  0  0

# Realization 1022
S_plus:
   1   2   3   4   5   6   7   8   9   10  11
1   0   1   0   0   0   1   0   0   0   1   0
2   0   1   0   0   0   0   0   1   0   0   1
3   0   0   0   0   1   0   1   0   0   1   0
4   1   0   0   0   0   1   0   0   1   0   1
5   0   0   0   0   0   0   1   0   0   0   0
6   1   0   1   1   0   0   0   0   0   0   0

S_minus:
   1   2   3   4   5   6   7   8   9   10  11
1   0   0   0   1   0   0   0   1   0   0   0
2   0   0   1   0   0   0   1   0   1   2   0
3   0   0   0   0   0   0   0   0   1   0   0
4   0   1   0   0   1   0   0   0   0   0   0
5   1   1   0   0   0   0   0   0   0   0   0
6   0   0   0   0   0   2   0   0   0   0   1

# Realization 1023
S_plus:
   1  2  3  4  5  6  7  8
1  0  1  0  2  0  0  1  0
2  1  0  2  0  0  1  1  2
3  1  0  0  0  1  0  0  0

S_minus:
   1  2  3  4  5  6  7  8
1  1  0  1  0  0  2  0  1
2  0  1  0  1  1  0  0  0
3  0  0  1  0  0  0  2  0

# Realization 1024
S_plus:
   1  2  3  4  5  6  7  8
1  2  0  0  0  0  0  2  0
2  0  0  1  1  1  0  0  0
3  0  1  1  0  0  1  0  1

S_minus:
   1  2  3  4  5  6  7  8
1  0  1  2  2  0  2  0  1
2  1  1  0  0  0  0  0  0
3  1  0  0  0  2  0  1  0

# Realization 1025
S_plus:
   1  2  3
1  1  0  0
2  1  1  0
3  0  0  1

S_minus:
   1  2  3
1  0  2  0
2  0  0  1
3  1  0  0

# Realization 1026
S_plus:
   1  2  3  4  5  6
1  2  0  0  0  1  0
2  0  1  2  2  0  0
3  0  0  0  0  1  2

S_minus:
   1  2  3  4  5  6
1  0  0  1  1  0  1
2  1  0  0  0  1  0
3  1  1  1  0  0  0

# Realization 1027
S_plus:
   1   2   3   4   5   6   7   8   9   10
1   1   0   0   0   0   1   0   1   0   0
2   0   0   0   1   1   0   1   0   1   2
3   0   1   1   1   0   0   0   1   1   0

S_minus:
   1   2   3   4   5   6   7   8   9   10
1   0   0   1   1   1   0   1   0   2   1
2   1   1   0   0   0   1   0   1   0   0
3   0   0   0   0   0   1   1   0   0   0

# Realization 1028
S_plus:
   1  2  3  4  5  6  7
1  0  0  0  0  1  0  0
2  1  0  0  1  0  0  0
3  0  0  0  0  0  0  1
4  1  1  0  0  0  0  0
5  0  0  0  0  0  0  1
6  0  1  1  0  0  1  0
7  0  0  1  0  0  0  0

S_minus:
   1  2  3  4  5  6  7
1  0  0  0  0  0  2  1
2  0  0  1  0  0  0  0
3  1  1  0  0  1  0  0
4  0  0  0  0  1  0  0
5  0  1  1  0  0  0  0
6  0  0  0  2  0  0  0
7  1  0  0  0  0  0  0

# Realization 1029
S_plus:
   1   2   3   4   5   6   7   8   9   10
1   1   0   0   0   0   1   0   0   0   0
2   0   0   0   0   2   0   0   0   0   0
3   1   1   0   1   0   0   2   1   0   0
4   0   0   2   0   0   0   0   1   1   1

S_minus:
   1   2   3   4   5   6   7   8   9   10
1   0   2   0   1   1   0   1   1   0   1
2   0   0   1   0   0   1   0   1   1   0
3   0   0   1   0   0   0   0   0   0   0
4   1   0   0   0   1   0   1   0   0   0

# Realization 1030
S_plus:
   1   2   3   4   5   6   7   8   9   10
1   0   0   0   0   0   0   1   1   0   1
2   1   1   2   0   0   0   0   0   1   0
3   0   0   0   0   0   1   0   0   1   0
4   0   0   0   1   1   1   0   0   0   1

S_minus:
   1   2   3   4   5   6   7   8   9   10
1   1   0   0   1   1   0   0   0   1   0
2   0   0   0   1   0   2   0   0   0   1
3   0   1   0   0   0   0   1   0   0   0
4   0   1   1   0   0   0   0   1   0   0

# Realization 1031
S_plus:
   1   2   3   4   5   6   7   8   9   10  11
1   0   0   1   0   0   0   1   0   1   0   0
2   1   2   1   1   2   0   0   1   1   1   0
3   0   0   0   0   0   0   1   0   0   0   0
4   0   0   0   0   0   1   0   1   0   0   1
5   0   0   0   1   0   0   0   0   0   0   0
6   0   0   0   0   0   1   0   0   0   0   1

S_minus:
   1   2   3   4   5   6   7   8   9   10  11
1   0   0   0   0   1   2   0   0   0   0   0
2   0   0   0   0   0   0   1   0   0   0   0
3   1   0   1   0   0   0   0   0   1   0   1
4   0   1   0   0   0   0   0   0   0   1   0
5   0   0   1   0   0   0   1   0   0   0   0
6   1   0   0   1   0   0   0   1   0   0   0

# Realization 1032
S_plus:
   1  2  3  4  5  6  7  8
1  1  0  0  1  0  0  0  0
2  0  1  0  0  0  0  0  0
3  0  0  0  0  0  1  0  2
4  0  0  1  0  2  0  0  0
5  0  0  1  0  0  0  2  0

S_minus:
   1  2  3  4  5  6  7  8
1  0  0  1  0  2  1  1  0
2  1  0  0  1  0  0  0  0
3  0  0  1  0  0  0  0  0
4  0  0  0  1  0  0  1  0
5  0  1  0  0  0  0  0  1

# Realization 1033
S_plus:
   1   2   3   4   5   6   7   8   9   10  11
1   1   0   0   0   1   0   0   0   0   1   1
2   0   0   0   0   0   0   1   0   2   0   0
3   1   1   1   2   1   1   0   0   0   0   0
4   0   0   0   0   0   1   1   1   0   0   1

S_minus:
   1   2   3   4   5   6   7   8   9   10  11
1   0   0   0   1   0   1   1   1   1   0   0
2   2   1   0   0   1   1   0   1   0   1   0
3   0   0   0   0   0   0   1   0   0   0   1
4   0   0   2   1   0   0   0   0   1   1   0

# Realization 1034
S_plus:
   1  2  3  4  5
1  0  0  1  0  0
2  1  0  0  0  1
3  0  0  0  1  0
4  1  2  0  0  0

S_minus:
   1  2  3  4  5
1  0  1  0  0  1
2  0  0  1  0  0
3  1  0  0  0  1
4  0  0  0  1  0

# Realization 1035
S_plus:
   1   2   3   4   5   6   7   8   9   10
1   0   0   0   1   0   0   0   0   0   0
2   0   0   0   0   0   1   1   0   1   1
3   0   1   1   1   1   0   0   0   0   0
4   1   0   0   0   0   1   1   1   0   0
5   1   0   0   0   0   0   0   1   0   0

S_minus:
   1   2   3   4   5   6   7   8   9   10
1   1   1   0   0   1   0   0   0   0   1
2   0   0   0   1   0   0   0   1   0   0
3   0   0   0   0   0   1   1   0   1   0
4   0   0   1   0   1   0   0   0   0   0
5   0   0   0   1   0   1   0   0   0   0

# Realization 1036
S_plus:
   1   2   3   4   5   6   7   8   9   10  11
1   0   0   1   0   1   0   0   0   0   0   0
2   0   0   0   1   0   0   1   0   1   0   1
3   1   1   1   1   0   0   0   1   0   1   0
4   0   1   0   0   0   1   0   0   0   0   1

S_minus:
   1   2   3   4   5   6   7   8   9   10  11
1   0   2   0   1   0   2   1   0   0   1   1
2   1   0   0   0   0   0   0   1   0   0   0
3   0   0   0   0   1   0   1   0   1   0   0
4   1   0   1   1   0   0   0   0   1   0   0

# Realization 1037
S_plus:
   1   2   3   4   5   6   7   8   9   10
1   0   1   1   1   0   0   0   0   0   1
2   0   0   0   0   0   0   0   1   1   0
3   1   0   0   0   0   1   0   1   0   0
4   0   1   0   0   0   0   0   0   0   0
5   0   0   0   0   1   0   1   0   0   0
6   1   0   0   0   0   0   0   0   1   0

S_minus:
   1   2   3   4   5   6   7   8   9   10
1   0   0   0   0   0   1   0   0   0   0
2   0   0   0   1   1   0   1   0   0   0
3   0   0   0   0   0   0   0   0   0   1
4   0   0   0   0   0   1   1   1   0   0
5   1   0   0   1   0   0   0   0   1   0
6   0   1   1   0   0   0   0   0   0   0

# Realization 1038
S_plus:
   1   2   3   4   5   6   7   8   9   10  11
1   0   0   1   0   1   0   0   0   0   0   0
2   0   0   0   0   0   0   0   1   0   0   0
3   1   0   1   1   0   1   1   1   0   1   0
4   0   0   0   0   0   0   0   0   0   0   2
5   0   0   0   0   0   1   0   0   0   1   0
6   0   0   0   0   1   0   1   0   0   0   0
7   0   2   0   0   0   0   0   0   1   0   0

S_minus:
   1   2   3   4   5   6   7   8   9   10  11
1   0   0   0   1   0   0   0   0   0   1   0
2   0   0   1   0   0   0   0   0   0   1   0
3   0   0   0   0   0   0   0   0   0   0   1
4   1   1   0   0   1   1   1   1   0   0   0
5   0   0   0   0   1   0   0   0   1   0   1
6   0   1   1   0   0   0   0   0   0   0   0
7   0   0   0   0   0   0   1   0   0   0   0

# Realization 1039
S_plus:
   1   2   3   4   5   6   7   8   9   10  11
1   0   0   1   0   0   0   0   1   1   0   1
2   1   1   0   0   1   0   0   0   0   1   1
3   0   0   0   0   1   1   0   0   0   0   0
4   0   1   1   2   0   0   1   0   0   0   0

S_minus:
   1   2   3   4   5   6   7   8   9   10  11
1   0   0   0   1   1   0   0   0   0   1   0
2   0   0   0   0   0   0   1   0   1   0   0
3   1   1   1   0   0   0   0   1   0   0   0
4   0   0   0   0   1   2   0   0   0   1   1

# Realization 1040
S_plus:
   1   2   3   4   5   6   7   8   9   10  11  12
1   0   0   1   0   0   0   0   1   0   0   0   1
2   0   1   0   0   0   0   0   0   0   0   0   1
3   0   0   0   1   1   1   0   0   0   1   1   0
4   0   1   0   0   0   0   1   0   0   0   0   0
5   0   0   0   0   0   0   1   0   0   0   1   0
6   1   0   0   0   0   0   0   1   1   1   0   0

S_minus:
   1   2   3   4   5   6   7   8   9   10  11  12
1   0   1   0   0   1   0   0   0   0   1   0   0
2   0   0   0   1   0   0   0   1   1   0   0   0
3   1   1   1   0   0   0   0   0   0   0   0   0
4   0   0   1   1   0   0   0   0   0   0   0   1
5   0   0   0   0   1   0   0   1   0   0   0   0
6   0   0   0   0   0   1   1   0   0   0   1   1

# Realization 1041
S_plus:
   1  2  3  4  5  6  7  8  9
1  0  0  0  0  0  2  0  2  1
2  0  1  1  0  1  0  0  0  0
3  2  0  0  2  1  0  2  0  0

S_minus:
   1  2  3  4  5  6  7  8  9
1  1  1  1  0  1  0  0  0  0
2  1  0  0  2  0  1  1  0  1
3  0  1  0  0  0  0  0  1  0

# Realization 1042
S_plus:
   1   2   3   4   5   6   7   8   9   10
1   0   1   2   0   0   0   0   0   1   2
2   0   1   0   0   1   2   1   1   0   0
3   2   0   0   1   0   0   0   0   0   0

S_minus:
   1   2   3   4   5   6   7   8   9   10
1   0   0   0   1   1   1   0   1   0   0
2   2   0   0   1   0   0   0   0   1   0
3   0   2   2   0   0   1   1   1   1   1

# Realization 1043
S_plus:
   1  2  3  4  5  6
1  1  0  0  0  0  0
2  0  0  0  2  2  0
3  0  1  1  0  0  1
4  1  1  0  0  0  1

S_minus:
   1  2  3  4  5  6
1  0  1  0  0  1  1
2  1  1  0  0  0  0
3  0  0  0  1  0  0
4  0  0  1  0  0  0

# Realization 1044
S_plus:
   1   2   3   4   5   6   7   8   9   10  11
1   0   0   0   0   0   0   0   0   1   0   2
2   0   0   0   0   0   0   0   0   0   1   0
3   1   2   0   0   1   0   0   2   0   0   0
4   0   0   1   0   0   0   1   0   0   0   0
5   1   0   0   1   0   2   1   0   0   0   0

S_minus:
   1   2   3   4   5   6   7   8   9   10  11
1   1   0   1   1   0   0   0   0   0   0   0
2   0   0   0   1   2   1   0   0   0   0   0
3   0   0   0   0   0   1   1   0   0   0   0
4   0   2   0   0   0   0   0   1   0   1   2
5   0   0   1   0   0   0   0   1   2   0   0

# Realization 1045
S_plus:
   1  2  3  4  5  6  7  8  9
1  2  0  0  0  0  0  1  0  1
2  0  0  1  0  2  0  0  1  0
3  0  1  0  2  0  2  1  0  0

S_minus:
   1  2  3  4  5  6  7  8  9
1  0  2  1  0  0  1  0  0  0
2  1  0  0  2  0  1  1  0  0
3  0  0  1  0  2  0  0  1  1

# Realization 1046
S_plus:
   1   2   3   4   5   6   7   8   9   10
1   0   0   0   0   0   1   0   0   0   0
2   0   0   0   0   1   0   0   2   1   0
3   0   2   2   0   0   1   0   0   1   1
4   1   0   0   1   1   0   1   0   0   0

S_minus:
   1   2   3   4   5   6   7   8   9   10
1   1   0   0   1   0   0   0   0   2   1
2   0   0   2   1   0   1   0   0   0   0
3   0   0   0   0   1   0   1   1   0   0
4   0   1   0   0   0   1   0   1   0   1

# Realization 1047
S_plus:
   1  2  3  4  5
1  0  0  1  0  0
2  1  0  0  0  0
3  0  0  1  1  0
4  0  1  0  0  1

S_minus:
   1  2  3  4  5
1  0  0  0  2  1
2  0  1  2  0  1
3  0  1  0  0  0
4  1  0  0  0  0

# Realization 1048
S_plus:
   1  2  3  4  5  6  7  8
1  0  0  1  0  0  0  0  1
2  0  1  1  0  0  0  0  0
3  1  0  0  1  2  2  1  0

S_minus:
   1  2  3  4  5  6  7  8
1  1  1  0  1  1  2  0  0
2  0  0  0  1  1  0  1  1
3  0  0  1  0  0  0  0  0

# Realization 1049
S_plus:
   1  2  3  4  5  6
1  2  0  0  0  0  0
2  0  0  1  0  0  2
3  0  1  1  1  2  0

S_minus:
   1  2  3  4  5  6
1  0  0  1  1  1  1
2  0  2  0  0  1  0
3  2  0  0  0  0  1

# Realization 1050
S_plus:
   1   2   3   4   5   6   7   8   9   10  11
1   1   2   0   0   1   0   0   0   0   0   1
2   0   0   2   1   0   0   1   0   0   1   1
3   0   0   0   0   1   0   0   1   0   1   0
4   0   0   0   0   0   1   0   0   1   0   0

S_minus:
   1   2   3   4   5   6   7   8   9   10  11
1   0   0   1   0   0   0   0   1   0   0   0
2   0   0   0   0   1   0   0   0   2   0   0
3   1   1   1   0   0   1   1   0   0   0   0
4   0   0   0   1   0   0   0   1   0   1   1

# Realization 1051
S_plus:
   1  2  3  4  5  6
1  0  0  1  0  0  0
2  0  0  1  0  1  0
3  2  1  0  1  0  1

S_minus:
   1  2  3  4  5  6
1  1  1  0  0  1  1
2  0  1  0  1  0  0
3  0  0  1  0  1  0

# Realization 1052
S_plus:
   1  2  3  4  5  6  7  8  9
1  1  1  0  0  1  1  0  1  0
2  0  1  0  0  0  0  1  0  0
3  0  0  0  0  0  0  0  0  1
4  0  0  1  0  0  0  0  0  0
5  0  0  1  2  1  0  0  0  1
6  0  0  0  0  0  1  1  1  0

S_minus:
   1  2  3  4  5  6  7  8  9
1  0  0  2  0  0  0  1  0  0
2  0  0  0  0  0  0  0  1  0
3  0  0  0  1  0  0  0  0  0
4  1  0  0  0  1  1  1  0  0
5  0  1  0  0  0  1  0  1  0
6  1  0  0  0  1  0  0  0  1

# Realization 1053
S_plus:
   1   2   3   4   5   6   7   8   9   10
1   1   0   0   0   0   1   1   1   0   1
2   0   0   1   0   1   0   1   0   0   0
3   1   0   1   1   1   0   0   0   0   0
4   0   1   0   0   0   1   0   0   2   1

S_minus:
   1   2   3   4   5   6   7   8   9   10
1   0   0   1   0   2   0   0   0   1   0
2   2   1   0   0   0   0   0   1   0   1
3   0   0   0   0   0   1   1   0   0   0
4   0   0   0   2   0   0   0   0   0   0

# Realization 1054
S_plus:
   1  2  3  4  5  6  7
1  1  1  0  1  1  1  0
2  0  0  2  0  0  0  0
3  0  1  0  1  0  0  1

S_minus:
   1  2  3  4  5  6  7
1  0  0  1  0  0  0  2
2  1  2  0  1  1  0  0
3  0  0  1  0  1  1  0

# Realization 1055
S_plus:
   1   2   3   4   5   6   7   8   9   10  11
1   0   0   0   1   0   0   0   0   0   0   0
2   0   0   0   1   0   0   0   0   1   0   0
3   1   0   1   0   1   1   0   0   0   0   0
4   0   1   0   0   1   0   1   0   0   1   0
5   0   1   0   0   0   0   0   1   0   1   1
6   1   0   0   0   0   0   0   0   0   0   0

S_minus:
   1   2   3   4   5   6   7   8   9   10  11
1   0   1   0   0   1   0   0   1   1   0   1
2   0   0   0   0   0   0   0   0   0   0   1
3   0   0   0   0   0   0   1   0   0   0   0
4   2   0   0   0   0   1   0   1   0   0   0
5   0   0   1   0   0   0   0   0   0   0   0
6   0   0   0   1   0   1   0   0   0   1   0

# Realization 1056
S_plus:
   1  2  3  4  5
1  0  0  1  2  2
2  0  1  0  0  0
3  2  0  0  0  0

S_minus:
   1  2  3  4  5
1  1  2  0  0  0
2  1  0  1  0  1
3  0  0  1  1  1

# Realization 1057
S_plus:
   1  2  3  4  5  6  7
1  0  1  0  1  0  1  0
2  0  0  1  0  0  0  0
3  0  0  1  0  0  0  1
4  0  0  0  0  0  1  0
5  2  0  0  0  1  0  0
6  0  1  0  1  1  0  0

S_minus:
   1  2  3  4  5  6  7
1  0  0  1  0  0  0  0
2  0  0  0  0  1  1  0
3  0  1  0  1  0  0  0
4  1  0  0  1  1  0  0
5  0  0  0  0  0  0  1
6  0  0  0  0  0  1  0

# Realization 1058
S_plus:
   1   2   3   4   5   6   7   8   9   10  11  12
1   0   0   1   0   0   1   0   0   0   0   0   0
2   0   0   0   0   0   0   1   0   0   0   0   1
3   0   0   0   1   0   0   0   0   0   0   0   0
4   0   1   0   0   0   0   0   0   0   1   0   0
5   1   0   0   0   0   0   1   0   0   0   0   0
6   0   0   0   0   0   0   0   0   1   0   0   0
7   0   0   0   0   0   0   0   1   0   1   0   0
8   0   0   0   0   2   1   0   0   0   0   1   0
9   0   1   0   1   0   0   0   0   0   0   0   0

S_minus:
   1   2   3   4   5   6   7   8   9   10  11  12
1   0   2   0   0   1   0   1   0   0   0   0   0
2   1   0   0   0   0   0   0   0   0   1   0   0
3   0   0   0   0   0   1   0   1   0   0   0   0
4   0   0   0   0   0   0   0   0   1   0   0   0
5   0   0   2   0   0   0   0   0   0   0   0   0
6   0   0   0   1   0   1   0   0   0   0   0   0
7   0   0   0   0   0   0   0   0   1   0   0   0
8   1   0   0   0   0   0   0   0   0   0   0   0
9   0   0   0   0   1   0   0   0   0   1   1   1

# Realization 1059
S_plus:
   1  2  3  4  5  6  7  8  9
1  0  0  0  1  1  0  2  1  0
2  0  1  0  0  0  0  0  0  1
3  0  0  0  0  0  0  0  0  1
4  1  1  0  0  0  0  0  0  0
5  1  0  1  0  1  1  0  0  0

S_minus:
   1  2  3  4  5  6  7  8  9
1  1  0  0  0  0  0  0  0  0
2  0  0  0  1  0  1  1  1  0
3  1  0  0  1  0  0  0  0  0
4  0  0  1  0  1  1  0  0  0
5  0  2  0  0  0  0  0  0  1

# Realization 1060
S_plus:
   1  2  3  4  5  6  7  8
1  0  1  0  1  1  1  2  0
2  0  0  1  0  1  0  0  1
3  1  0  0  0  0  1  0  1
4  1  1  0  1  0  0  0  0

S_minus:
   1  2  3  4  5  6  7  8
1  1  0  1  0  0  0  0  1
2  1  0  0  1  0  1  0  0
3  0  1  0  0  1  0  1  0
4  0  0  0  0  0  0  1  1

# Realization 1061
S_plus:
   1  2  3  4  5  6  7  8
1  0  1  0  0  1  0  0  0
2  0  0  1  2  1  1  1  1
3  1  1  0  0  0  1  0  0

S_minus:
   1  2  3  4  5  6  7  8
1  1  0  1  0  0  1  2  1
2  0  1  0  0  0  0  0  0
3  0  0  1  2  2  0  0  0

# Realization 1062
S_plus:
   1   2   3   4   5   6   7   8   9   10  11  12
1   0   1   1   0   2   0   0   0   0   0   0   0
2   0   0   0   0   0   0   0   2   0   0   1   0
3   0   0   1   1   0   1   1   0   0   1   0   0
4   1   1   0   0   0   0   0   0   1   0   0   0
5   0   0   0   1   0   0   0   0   0   1   1   1

S_minus:
   1   2   3   4   5   6   7   8   9   10  11  12
1   0   0   0   0   0   0   0   0   2   0   1   1
2   0   0   1   1   2   0   1   0   0   1   0   1
3   0   0   0   0   0   0   0   1   0   0   0   0
4   0   0   0   1   0   1   0   0   0   0   0   0
5   1   1   0   0   0   1   0   0   0   0   0   0

# Realization 1063
S_plus:
   1  2  3
1  0  0  1
2  1  0  0
3  0  1  0

S_minus:
   1  2  3
1  0  1  0
2  0  1  1
3  1  0  1

# Realization 1064
S_plus:
   1  2  3  4
1  1  0  2  0
2  0  0  0  1
3  0  2  0  1

S_minus:
   1  2  3  4
1  0  1  0  1
2  1  1  1  0
3  1  0  1  0

# Realization 1065
S_plus:
   1   2   3   4   5   6   7   8   9   10  11
1   1   0   0   0   1   0   0   0   1   0   1
2   1   0   0   0   0   1   0   1   0   0   0
3   0   0   1   0   1   0   1   0   1   1   1
4   0   1   0   1   0   0   0   0   0   1   0

S_minus:
   1   2   3   4   5   6   7   8   9   10  11
1   0   0   0   0   0   0   0   0   0   2   0
2   0   0   1   1   0   0   0   0   1   0   2
3   0   2   0   1   0   1   0   0   0   0   0
4   1   0   0   0   1   0   1   2   0   0   0

# Realization 1066
S_plus:
   1   2   3   4   5   6   7   8   9   10
1   0   0   0   0   0   0   1   0   0   1
2   0   0   1   1   0   0   0   0   0   0
3   1   1   0   1   0   0   0   1   1   0
4   1   0   0   0   2   1   1   0   0   0
5   0   0   0   0   0   0   0   0   0   1
6   0   0   0   0   0   1   0   1   1   0
7   0   0   1   0   0   0   0   0   0   0

S_minus:
   1   2   3   4   5   6   7   8   9   10
1   0   0   0   0   0   2   0   0   0   0
2   0   0   0   0   0   0   0   0   1   1
3   0   0   0   0   0   0   1   0   0   1
4   0   1   0   2   0   0   0   2   0   0
5   0   0   1   0   0   0   0   0   0   0
6   1   0   0   0   0   0   1   0   0   0
7   1   0   0   0   1   0   0   0   1   0

# Realization 1067
S_plus:
   1  2  3  4  5  6
1  0  0  2  1  0  0
2  0  1  0  0  1  2
3  2  1  0  0  0  0

S_minus:
   1  2  3  4  5  6
1  1  1  0  0  1  0
2  1  0  0  1  0  0
3  0  0  1  0  0  1

# Realization 1068
S_plus:
   1  2  3  4  5
1  0  0  1  0  0
2  0  0  0  1  0
3  1  2  0  0  1

S_minus:
   1  2  3  4  5
1  1  1  0  1  0
2  0  1  0  0  2
3  0  0  2  0  0

# Realization 1069
S_plus:
   1   2   3   4   5   6   7   8   9   10  11  12
1   0   0   2   0   0   0   0   1   0   0   0   2
2   1   0   0   1   0   1   1   0   0   1   0   0
3   0   0   0   0   1   0   0   0   0   0   0   0
4   0   0   0   0   0   0   1   0   0   0   0   0
5   0   0   0   0   0   0   0   0   0   0   2   0
6   0   1   0   0   0   1   0   1   0   0   0   0
7   0   0   0   0   0   0   0   0   1   0   0   0
8   0   0   0   1   1   0   0   0   0   0   0   0

S_minus:
   1   2   3   4   5   6   7   8   9   10  11  12
1   0   1   0   0   0   0   0   0   0   0   1   0
2   0   0   1   0   0   0   0   0   0   0   0   1
3   0   0   1   1   0   0   0   0   0   0   1   0
4   0   0   0   0   0   1   0   0   0   0   0   0
5   0   0   0   0   0   0   1   0   1   0   0   1
6   0   0   0   0   1   0   0   0   0   0   0   0
7   1   0   0   0   0   0   0   0   0   0   0   0
8   0   0   0   0   0   1   0   1   0   1   0   0

# Realization 1070
S_plus:
   1   2   3   4   5   6   7   8   9   10  11  12
1   1   0   1   0   0   0   0   2   0   0   0   0
2   0   0   0   1   1   1   0   0   0   1   0   0
3   1   0   0   0   1   0   0   0   1   0   0   0
4   0   0   0   0   0   0   1   0   0   0   0   1
5   0   0   0   0   0   0   0   0   1   1   2   0
6   0   1   0   1   0   0   0   0   0   0   0   0

S_minus:
   1   2   3   4   5   6   7   8   9   10  11  12
1   0   0   0   0   1   1   0   0   0   0   0   0
2   0   0   0   0   0   0   0   0   0   0   0   1
3   0   0   0   1   0   0   0   0   0   1   1   0
4   0   1   0   0   0   0   0   0   0   0   0   0
5   1   0   0   0   1   0   1   1   0   0   0   0
6   0   0   1   0   0   0   0   0   1   0   1   0

# Realization 1071
S_plus:
   1   2   3   4   5   6   7   8   9   10
1   0   0   0   0   0   0   0   1   1   0
2   0   2   0   1   1   1   2   0   1   1
3   1   0   1   0   0   0   0   0   0   0

S_minus:
   1   2   3   4   5   6   7   8   9   10
1   2   0   1   1   0   1   1   0   0   0
2   0   0   0   0   0   0   0   1   0   0
3   0   2   0   1   1   0   0   0   1   2

# Realization 1072
S_plus:
   1  2  3  4  5  6  7  8
1  0  0  0  0  2  0  0  2
2  0  0  1  2  0  1  0  0
3  2  2  0  0  0  1  1  0

S_minus:
   1  2  3  4  5  6  7  8
1  0  1  1  1  0  2  1  0
2  1  0  0  0  0  0  0  1
3  0  0  1  1  1  0  0  1

# Realization 1073
S_plus:
   1   2   3   4   5   6   7   8   9   10
1   0   0   2   0   0   1   0   2   1   0
2   1   0   0   1   0   0   0   0   0   1
3   0   2   0   0   2   0   1   0   0   1

S_minus:
   1   2   3   4   5   6   7   8   9   10
1   1   2   0   2   1   0   1   0   0   1
2   0   0   1   0   1   0   1   1   0   0
3   0   0   0   0   0   1   0   1   2   0

# Realization 1074
S_plus:
   1  2  3  4  5  6  7  8
1  0  2  0  1  2  1  0  1
2  1  0  0  0  0  0  0  0
3  0  0  1  0  0  0  0  0
4  0  0  0  0  0  0  2  1

S_minus:
   1  2  3  4  5  6  7  8
1  0  0  1  0  0  0  1  0
2  0  0  0  0  0  0  0  1
3  0  0  0  1  1  0  0  1
4  1  1  0  0  0  2  0  0

# Realization 1075
S_plus:
   1   2   3   4   5   6   7   8   9   10  11
1   0   0   0   0   0   1   0   0   0   0   0
2   0   0   1   0   0   1   0   0   0   0   0
3   0   0   0   1   2   0   0   0   0   0   1
4   0   1   0   0   0   0   0   0   0   0   0
5   1   0   0   0   0   0   0   0   1   2   1
6   0   0   0   0   0   0   1   2   0   0   0

S_minus:
   1   2   3   4   5   6   7   8   9   10  11
1   0   0   1   0   0   0   1   0   1   0   0
2   0   0   0   1   0   0   0   0   1   0   1
3   1   0   0   0   0   1   0   1   0   1   0
4   0   0   0   0   0   0   0   0   0   1   0
5   0   0   0   1   1   0   1   0   0   0   0
6   1   1   0   0   1   0   0   0   0   0   0

# Realization 1076
S_plus:
   1  2  3  4  5  6
1  0  1  1  0  0  1
2  1  0  1  0  1  0
3  1  0  0  2  0  0

S_minus:
   1  2  3  4  5  6
1  1  0  0  1  0  0
2  0  2  0  0  0  1
3  0  0  1  0  1  1

# Realization 1077
S_plus:
   1  2  3  4  5  6  7
1  1  0  0  0  0  0  0
2  0  0  0  2  0  2  1
3  0  1  2  0  1  0  0

S_minus:
   1  2  3  4  5  6  7
1  0  0  1  0  2  1  0
2  1  1  0  0  0  0  0
3  1  0  0  1  0  1  1

# Realization 1078
S_plus:
   1  2  3  4
1  1  0  0  0
2  0  1  1  1
3  0  0  0  1

S_minus:
   1  2  3  4
1  0  0  1  1
2  1  0  0  0
3  0  1  0  0

# Realization 1079
S_plus:
   1   2   3   4   5   6   7   8   9   10  11
1   0   0   0   0   2   0   0   0   1   0   0
2   0   1   1   0   0   1   0   2   0   0   0
3   0   0   0   1   0   0   1   0   0   1   1
4   2   0   0   0   0   0   1   0   0   1   0

S_minus:
   1   2   3   4   5   6   7   8   9   10  11
1   1   0   0   1   0   1   1   0   0   0   0
2   1   0   0   1   0   0   0   0   0   1   1
3   0   1   0   0   1   0   0   1   1   0   0
4   0   0   1   0   1   0   0   1   1   0   0

# Realization 1080
S_plus:
   1  2  3  4  5  6  7
1  0  0  0  1  0  0  1
2  0  0  1  1  1  0  0
3  1  1  0  0  0  0  0
4  0  0  1  0  0  2  1

S_minus:
   1  2  3  4  5  6  7
1  0  1  1  0  0  1  0
2  1  1  0  0  0  0  0
3  0  0  1  0  1  1  1
4  0  0  0  2  0  0  0

# Realization 1081
S_plus:
   1  2  3  4  5  6  7
1  1  0  1  0  0  1  1
2  0  2  0  0  0  0  0
3  0  0  1  1  1  0  0
4  1  0  0  0  1  0  1

S_minus:
   1  2  3  4  5  6  7
1  0  1  0  1  0  0  0
2  1  0  0  0  2  1  1
3  1  1  0  0  0  1  0
4  0  0  2  1  0  0  0

# Realization 1082
S_plus:
   1   2   3   4   5   6   7   8   9   10
1   0   1   1   0   1   0   0   0   1   0
2   1   0   1   1   0   1   0   0   0   0
3   0   1   0   0   0   0   0   1   0   1
4   0   0   0   1   1   0   1   0   0   0

S_minus:
   1   2   3   4   5   6   7   8   9   10
1   0   0   0   1   0   1   0   0   0   0
2   0   0   0   0   1   0   1   0   1   1
3   0   0   0   1   0   1   0   0   0   0
4   1   1   1   0   0   0   0   1   0   0

# Realization 1083
S_plus:
   1  2  3  4  5  6  7
1  1  0  0  1  0  1  0
2  0  1  1  0  0  0  0
3  0  0  0  0  2  1  1
4  0  1  1  1  0  0  0

S_minus:
   1  2  3  4  5  6  7
1  0  1  1  0  1  0  1
2  1  0  0  0  0  1  0
3  0  0  1  2  0  0  0
4  0  0  0  0  1  0  0

# Realization 1084
S_plus:
   1  2  3  4  5  6
1  0  0  0  0  2  0
2  0  1  0  1  0  0
3  1  0  0  1  0  0
4  0  0  1  0  0  2

S_minus:
   1  2  3  4  5  6
1  0  1  0  0  0  1
2  1  0  1  0  1  0
3  0  0  0  0  0  1
4  0  1  0  1  1  0

# Realization 1085
S_plus:
   1   2   3   4   5   6   7   8   9   10  11  12
1   0   1   0   0   0   0   1   1   0   1   0   1
2   0   0   1   0   0   0   0   0   1   0   0   0
3   0   0   1   0   0   1   0   1   0   0   1   0
4   1   0   0   1   1   0   0   0   0   0   0   0
5   0   0   0   0   0   0   0   0   1   1   0   0

S_minus:
   1   2   3   4   5   6   7   8   9   10  11  12
1   0   0   1   0   1   0   0   0   1   0   1   0
2   1   0   0   0   0   1   0   0   0   0   0   1
3   0   1   0   0   0   0   0   0   0   1   0   0
4   0   1   1   0   0   0   1   1   1   0   0   0
5   0   0   0   1   0   0   1   0   0   0   1   0

# Realization 1086
S_plus:
   1  2  3  4  5  6  7  8  9
1  2  0  0  1  1  1  2  1  0
2  0  1  0  0  0  0  0  0  1
3  0  0  0  0  1  0  0  0  1
4  0  0  1  0  0  0  0  0  0

S_minus:
   1  2  3  4  5  6  7  8  9
1  0  0  1  0  0  0  0  0  1
2  0  0  0  0  0  1  1  0  0
3  1  1  1  1  0  0  0  0  0
4  0  0  0  1  1  0  0  1  0

# Realization 1087
S_plus:
   1   2   3   4   5   6   7   8   9   10
1   0   0   0   0   0   0   1   0   0   0
2   0   0   0   1   0   0   1   0   0   0
3   0   1   1   0   0   0   0   0   0   0
4   1   0   0   0   0   0   0   0   0   1
5   0   0   0   0   1   0   0   1   0   0
6   0   0   0   0   0   1   0   1   0   0
7   0   0   0   0   1   1   0   0   1   1

S_minus:
   1   2   3   4   5   6   7   8   9   10
1   0   0   0   0   0   0   0   0   0   2
2   0   0   0   0   0   0   0   1   0   0
3   1   0   0   1   0   0   1   0   0   0
4   0   1   2   0   1   0   0   1   0   0
5   0   0   0   0   0   1   1   0   0   0
6   1   0   0   0   0   0   0   0   1   0
7   0   0   0   1   0   0   0   0   0   0

# Realization 1088
S_plus:
   1  2  3  4  5  6  7
1  0  0  1  0  0  0  1
2  1  0  0  0  2  1  0
3  1  1  1  1  0  1  0

S_minus:
   1  2  3  4  5  6  7
1  1  1  0  1  0  2  0
2  0  0  1  1  0  0  1
3  0  0  0  0  1  0  0

# Realization 1089
S_plus:
   1  2  3  4  5  6
1  0  1  1  0  1  0
2  1  0  1  1  0  2
3  1  0  0  0  1  0

S_minus:
   1  2  3  4  5  6
1  1  0  0  1  0  1
2  0  2  0  0  1  0
3  0  0  1  0  0  0

# Realization 1090
S_plus:
   1  2  3  4  5
1  1  0  0  2  0
2  0  1  1  0  0
3  0  1  0  0  0
4  1  0  0  0  2

S_minus:
   1  2  3  4  5
1  0  0  0  0  2
2  1  0  0  0  0
3  1  0  0  1  0
4  0  1  1  0  0

# Realization 1091
S_plus:
   1  2  3  4  5  6  7  8  9
1  1  1  0  1  0  1  0  1  0
2  0  0  0  0  1  0  0  1  1
3  1  0  2  0  1  0  0  0  1
4  0  1  0  1  0  0  1  0  0

S_minus:
   1  2  3  4  5  6  7  8  9
1  0  0  1  0  1  0  0  0  0
2  0  1  1  1  0  0  1  0  0
3  0  0  0  1  0  1  1  1  0
4  1  0  0  0  1  0  0  0  2

# Realization 1092
S_plus:
   1  2  3  4  5  6  7  8  9
1  0  1  0  0  0  0  0  0  0
2  0  1  2  0  0  1  0  0  1
3  0  0  0  1  1  0  1  0  0
4  2  0  0  1  0  0  0  0  0
5  0  0  0  0  0  0  0  1  0

S_minus:
   1  2  3  4  5  6  7  8  9
1  0  0  0  0  1  1  0  0  1
2  0  0  0  1  0  0  0  2  0
3  0  2  1  0  0  0  0  0  0
4  0  0  0  0  0  1  0  0  0
5  1  0  0  0  1  0  1  0  1

# Realization 1093
S_plus:
   1  2  3  4  5  6  7
1  1  0  0  1  1  0  0
2  0  1  1  1  0  0  0
3  0  0  0  0  0  1  0
4  0  1  1  0  0  0  0
5  1  0  0  0  0  1  1

S_minus:
   1  2  3  4  5  6  7
1  0  0  1  0  0  1  0
2  0  0  0  0  1  0  0
3  0  1  0  0  1  0  0
4  1  0  0  0  0  0  1
5  0  1  1  1  0  0  0

# Realization 1094
S_plus:
   1  2  3  4  5  6  7  8  9
1  0  0  0  1  1  1  0  1  0
2  0  1  0  1  0  0  2  0  0
3  2  0  1  0  0  0  0  1  2

S_minus:
   1  2  3  4  5  6  7  8  9
1  1  0  1  0  0  0  1  0  1
2  0  0  1  0  1  0  0  1  1
3  0  2  0  2  1  1  0  0  0

# Realization 1095
S_plus:
   1  2  3  4  5  6  7  8  9
1  0  0  1  1  1  0  1  0  1
2  0  2  0  0  0  0  0  0  0
3  2  0  0  0  0  2  1  1  0

S_minus:
   1  2  3  4  5  6  7  8  9
1  1  1  0  0  0  1  0  0  0
2  1  0  1  1  0  0  1  1  2
3  0  0  0  1  2  0  0  0  0

# Realization 1096
S_plus:
   1   2   3   4   5   6   7   8   9   10  11
1   0   0   0   1   0   0   0   0   0   0   0
2   0   1   1   1   0   0   0   0   1   0   0
3   0   0   0   0   1   0   0   1   0   0   0
4   0   0   0   0   0   0   1   0   0   0   0
5   0   0   0   0   0   1   0   0   0   1   0
6   0   0   0   0   0   0   0   1   1   0   0
7   0   0   0   0   0   0   0   0   0   1   1
8   1   1   0   0   0   0   0   0   0   0   0

S_minus:
   1   2   3   4   5   6   7   8   9   10  11
1   0   0   0   0   0   1   0   0   0   0   0
2   0   0   0   0   0   0   0   0   0   1   0
3   0   0   0   1   0   0   1   0   0   0   0
4   1   0   0   0   1   0   0   0   1   0   1
5   0   0   0   0   1   0   0   0   0   0   0
6   0   1   0   0   0   0   0   0   0   0   1
7   0   0   0   0   0   0   1   1   1   0   0
8   0   0   1   0   0   1   0   0   0   0   0

# Realization 1097
S_plus:
   1  2  3  4  5  6  7
1  0  0  0  1  0  1  2
2  1  0  2  1  0  0  0
3  0  2  0  0  1  0  0

S_minus:
   1  2  3  4  5  6  7
1  0  1  1  0  1  0  0
2  0  1  0  0  0  1  1
3  1  0  0  2  0  0  0

# Realization 1098
S_plus:
   1   2   3   4   5   6   7   8   9   10  11  12
1   0   0   0   0   0   1   1   0   0   1   0   0
2   0   0   1   0   0   0   0   0   1   0   0   1
3   1   0   0   0   0   0   1   0   0   0   0   0
4   0   1   0   0   0   0   0   0   0   0   1   0
5   0   0   0   0   0   0   0   0   0   0   1   0
6   0   0   0   1   1   0   0   2   0   0   0   1

S_minus:
   1   2   3   4   5   6   7   8   9   10  11  12
1   0   1   0   1   0   0   0   0   1   0   0   0
2   0   0   0   1   1   1   0   1   0   1   1   0
3   0   1   0   0   0   0   0   0   0   1   0   1
4   0   0   0   0   0   0   0   1   0   0   0   0
5   2   0   0   0   1   0   0   0   0   0   0   0
6   0   0   1   0   0   1   1   0   0   0   1   0

# Realization 1099
S_plus:
   1  2  3  4  5  6  7  8
1  0  1  1  0  0  0  0  0
2  2  0  0  2  0  0  1  1
3  0  0  0  0  1  1  1  0

S_minus:
   1  2  3  4  5  6  7  8
1  1  0  0  1  0  0  1  1
2  0  1  1  0  2  1  0  0
3  1  1  0  0  0  0  0  0

# Realization 1100
S_plus:
   1  2  3  4  5  6  7
1  1  0  0  1  1  0  0
2  0  1  1  0  1  0  1
3  0  1  1  1  0  1  0

S_minus:
   1  2  3  4  5  6  7
1  0  2  1  0  0  0  2
2  1  0  0  2  0  1  0
3  0  0  0  0  2  0  0

# Realization 1101
S_plus:
   1  2  3  4  5  6  7
1  0  1  1  2  0  2  0
2  1  0  0  0  2  0  0
3  1  0  1  0  0  0  1

S_minus:
   1  2  3  4  5  6  7
1  1  0  0  0  0  0  0
2  0  0  2  1  0  2  2
3  0  2  0  1  2  0  0

# Realization 1102
S_plus:
   1  2  3  4  5  6  7  8
1  1  0  2  1  0  0  0  1
2  0  1  0  0  1  1  0  1
3  0  0  0  0  0  1  1  0

S_minus:
   1  2  3  4  5  6  7  8
1  0  2  0  0  1  1  2  0
2  1  0  1  2  0  0  0  0
3  0  0  1  0  1  0  0  2

# Realization 1103
S_plus:
   1   2   3   4   5   6   7   8   9   10  11
1   0   0   0   0   0   1   0   1   0   0   0
2   0   0   0   0   0   0   0   0   1   0   0
3   0   0   0   1   0   0   0   0   0   1   1
4   1   0   0   0   0   0   1   0   0   0   0
5   1   0   1   1   0   0   0   0   0   0   1
6   0   1   0   0   1   1   0   0   0   0   0

S_minus:
   1   2   3   4   5   6   7   8   9   10  11
1   0   0   1   0   0   0   1   0   0   0   2
2   0   0   0   0   0   1   0   0   0   0   0
3   1   1   0   0   0   0   1   0   1   0   0
4   0   1   1   0   0   0   0   2   1   0   0
5   0   0   0   0   1   0   0   0   0   2   0
6   0   0   0   1   0   0   0   0   0   0   0

# Realization 1104
S_plus:
   1   2   3   4   5   6   7   8   9   10
1   0   0   0   0   0   1   0   0   0   0
2   0   1   0   0   1   1   0   1   0   0
3   0   0   0   2   0   0   0   0   0   0
4   2   0   0   0   0   0   1   0   0   0
5   0   0   2   0   1   0   1   1   1   1

S_minus:
   1   2   3   4   5   6   7   8   9   10
1   0   0   0   0   0   0   0   1   1   0
2   0   0   0   0   0   0   1   0   1   0
3   1   1   2   0   0   0   0   1   0   1
4   0   0   0   1   1   0   0   0   0   0
5   0   1   0   1   0   2   0   0   0   0

# Realization 1105
S_plus:
   1   2   3   4   5   6   7   8   9   10
1   0   0   0   0   0   0   0   0   1   0
2   0   1   0   0   1   1   0   0   0   1
3   0   0   1   1   1   0   0   0   0   0
4   0   0   0   0   0   0   1   1   0   0
5   1   0   0   0   0   1   0   0   0   0
6   1   1   0   0   0   0   1   0   0   0

S_minus:
   1   2   3   4   5   6   7   8   9   10
1   0   0   0   0   1   0   0   0   0   1
2   1   0   0   0   0   0   1   0   0   0
3   0   1   0   0   0   0   0   0   1   1
4   1   1   1   0   0   1   0   0   0   0
5   0   0   0   0   0   0   0   1   0   0
6   0   0   0   2   0   0   0   1   0   0

# Realization 1106
S_plus:
   1   2   3   4   5   6   7   8   9   10  11
1   0   1   0   0   0   0   0   0   0   1   0
2   0   0   1   0   2   0   0   1   0   0   0
3   0   0   0   0   0   1   0   0   0   0   1
4   0   1   0   0   0   0   0   0   0   0   0
5   0   0   1   0   0   0   1   0   0   1   0
6   1   0   0   0   0   0   0   0   1   0   0
7   0   0   0   1   0   0   1   0   0   0   0

S_minus:
   1   2   3   4   5   6   7   8   9   10  11
1   0   0   2   0   0   0   0   1   0   0   0
2   0   0   0   0   0   1   0   0   0   0   0
3   0   1   0   0   0   0   0   0   0   0   0
4   0   0   0   0   0   0   2   1   2   0   1
5   1   0   0   1   0   0   0   0   0   0   1
6   0   0   0   0   1   0   0   0   0   1   0
7   0   0   0   0   1   0   0   0   0   1   0

# Realization 1107
S_plus:
   1   2   3   4   5   6   7   8   9   10  11
1   1   0   0   0   0   0   0   0   0   0   0
2   0   0   0   0   0   1   0   0   0   0   0
3   1   0   0   1   0   0   0   1   0   0   0
4   0   0   0   0   0   0   1   0   0   1   1
5   0   0   0   0   0   0   0   0   0   0   1
6   0   1   1   0   0   1   0   0   1   0   0
7   0   0   0   0   1   0   0   1   0   0   0
8   0   0   0   0   0   0   1   0   0   0   0

S_minus:
   1   2   3   4   5   6   7   8   9   10  11
1   0   0   0   0   1   0   0   0   0   0   0
2   0   1   0   0   0   0   0   0   1   0   0
3   0   0   0   0   0   0   1   0   0   0   0
4   0   0   0   1   0   0   0   0   1   0   0
5   1   0   0   0   0   0   1   1   0   0   0
6   0   0   0   0   1   0   0   1   0   0   2
7   1   1   1   0   0   1   0   0   0   0   0
8   0   0   0   0   0   0   0   0   0   1   0

# Realization 1108
S_plus:
   1   2   3   4   5   6   7   8   9   10
1   0   0   1   0   0   2   0   0   0   2
2   2   2   0   1   0   0   0   0   0   0
3   0   0   0   0   1   0   1   1   1   0

S_minus:
   1   2   3   4   5   6   7   8   9   10
1   1   0   0   0   1   0   1   2   0   0
2   0   0   2   0   0   0   1   0   1   1
3   0   1   0   1   0   1   0   0   0   0

# Realization 1109
S_plus:
   1  2  3  4  5  6  7  8  9
1  0  0  0  0  0  0  1  1  0
2  1  0  1  0  0  0  0  0  1
3  1  1  0  2  1  0  1  0  0
4  0  0  0  0  0  1  0  0  0

S_minus:
   1  2  3  4  5  6  7  8  9
1  1  0  0  1  0  2  0  0  0
2  0  1  0  0  1  0  0  1  0
3  0  0  0  0  0  0  0  0  1
4  1  1  1  0  0  0  1  0  0

# Realization 1110
S_plus:
   1  2  3  4  5  6  7
1  1  1  0  1  1  0  0
2  0  0  0  0  1  1  2
3  0  0  2  0  0  1  0

S_minus:
   1  2  3  4  5  6  7
1  0  0  2  0  0  1  1
2  2  0  0  1  0  0  0
3  0  2  0  1  2  0  1

# Realization 1111
S_plus:
   1   2   3   4   5   6   7   8   9   10  11
1   0   0   1   2   0   0   1   0   0   0   1
2   1   0   0   0   0   0   0   0   0   1   0
3   0   0   0   0   1   0   0   1   0   0   1
4   0   1   0   0   0   0   0   0   0   1   0
5   0   0   0   0   0   2   0   0   0   0   0
6   0   1   1   0   0   0   0   1   1   0   0

S_minus:
   1   2   3   4   5   6   7   8   9   10  11
1   0   0   0   0   0   0   0   1   1   1   0
2   0   0   0   1   0   1   0   0   0   0   0
3   1   0   0   0   0   0   1   0   0   0   0
4   0   0   2   0   0   0   0   1   1   0   0
5   0   1   0   0   1   0   0   0   0   0   1
6   0   0   0   1   0   0   0   0   0   1   1

# Realization 1112
S_plus:
   1   2   3   4   5   6   7   8   9   10
1   0   0   0   0   0   0   0   0   1   1
2   0   1   0   0   0   1   1   0   0   0
3   0   0   0   1   0   0   0   1   0   1
4   1   0   0   0   1   0   0   0   0   0
5   0   0   1   0   0   1   1   0   0   0

S_minus:
   1   2   3   4   5   6   7   8   9   10
1   1   0   0   1   0   0   0   0   0   0
2   1   0   1   0   0   0   0   0   0   1
3   0   0   0   0   0   1   0   0   0   0
4   0   1   0   0   0   0   1   0   0   1
5   0   0   0   0   1   0   0   1   1   0

# Realization 1113
S_plus:
   1  2  3  4  5  6  7  8  9
1  1  1  1  1  0  0  0  0  0
2  0  1  0  0  0  0  0  0  0
3  0  0  1  0  1  2  2  2  1

S_minus:
   1  2  3  4  5  6  7  8  9
1  0  0  0  0  0  1  0  2  1
2  1  0  2  0  2  1  1  0  1
3  1  2  0  2  0  0  0  0  0

# Realization 1114
S_plus:
   1   2   3   4   5   6   7   8   9   10  11
1   0   0   0   1   0   0   1   0   0   1   0
2   0   0   2   1   0   2   0   2   0   1   2
3   1   0   0   0   0   0   0   0   0   0   0
4   1   1   0   0   1   0   0   0   1   0   0

S_minus:
   1   2   3   4   5   6   7   8   9   10  11
1   0   0   1   0   1   0   0   0   0   0   0
2   1   0   0   0   0   0   1   0   1   0   0
3   0   1   0   0   1   1   0   0   0   1   0
4   0   0   1   1   0   0   1   1   0   1   2

# Realization 1115
S_plus:
   1  2  3  4  5  6  7  8
1  0  0  0  1  0  1  0  1
2  0  0  0  0  1  1  0  0
3  0  1  1  0  0  0  0  1
4  0  1  0  0  1  0  2  0
5  1  0  0  1  0  0  0  0

S_minus:
   1  2  3  4  5  6  7  8
1  1  0  0  0  2  0  0  0
2  0  0  0  0  0  0  1  0
3  0  0  0  1  0  1  1  0
4  0  0  0  0  0  1  0  1
5  0  1  1  0  0  0  0  1

# Realization 1116
S_plus:
   1   2   3   4   5   6   7   8   9   10
1   0   2   0   0   1   1   1   1   0   0
2   0   0   1   0   0   1   0   0   0   1
3   1   0   0   1   0   0   0   0   1   0
4   1   0   0   0   0   0   0   1   0   0

S_minus:
   1   2   3   4   5   6   7   8   9   10
1   0   0   0   1   0   0   0   0   0   1
2   1   1   0   0   0   0   1   2   1   0
3   0   0   0   0   1   1   0   0   0   0
4   0   1   1   1   0   1   1   0   0   0

# Realization 1117
S_plus:
   1   2   3   4   5   6   7   8   9   10  11
1   0   0   2   1   0   0   1   0   1   0   2
2   1   1   0   0   0   2   1   0   0   1   0
3   0   0   0   1   1   0   0   2   0   0   0

S_minus:
   1   2   3   4   5   6   7   8   9   10  11
1   0   2   0   0   0   0   0   0   0   1   0
2   0   0   1   1   1   0   0   1   2   0   2
3   1   0   1   0   0   2   1   0   0   1   0

# Realization 1118
S_plus:
   1   2   3   4   5   6   7   8   9   10
1   0   0   0   0   1   1   0   0   0   1
2   0   0   0   0   0   1   0   1   0   0
3   0   0   0   1   0   0   1   0   1   1
4   1   0   1   0   0   0   0   1   1   0
5   1   1   0   1   1   0   0   0   0   0

S_minus:
   1   2   3   4   5   6   7   8   9   10
1   0   2   0   1   0   0   0   1   0   0
2   1   0   1   0   1   0   1   0   1   2
3   1   0   0   0   0   0   0   0   0   0
4   0   0   0   1   0   1   0   0   0   0
5   0   0   0   0   0   1   1   1   1   0

# Realization 1119
S_plus:
   1   2   3   4   5   6   7   8   9   10
1   0   0   1   0   1   0   0   1   1   1
2   0   0   0   0   1   0   0   0   0   0
3   0   2   0   0   0   0   0   0   0   0
4   1   0   1   1   0   0   0   0   1   0
5   1   0   0   0   0   1   1   1   0   0

S_minus:
   1   2   3   4   5   6   7   8   9   10
1   0   1   0   1   0   0   0   0   0   0
2   2   0   0   0   0   0   1   1   0   0
3   0   0   1   0   1   0   0   0   2   1
4   0   0   0   0   1   1   0   1   0   0
5   0   0   1   0   0   0   0   0   0   0

# Realization 1120
S_plus:
   1  2  3  4  5  6  7
1  1  0  0  0  0  0  0
2  0  1  0  1  1  2  0
3  1  0  0  0  0  0  0
4  0  0  1  0  1  0  2

S_minus:
   1  2  3  4  5  6  7
1  0  0  1  0  0  0  2
2  0  0  1  0  0  0  0
3  0  0  0  1  1  0  0
4  1  1  0  0  0  1  0

# Realization 1121
S_plus:
   1   2   3   4   5   6   7   8   9   10  11
1   0   1   0   0   0   0   0   0   1   0   0
2   0   0   1   0   0   0   0   1   0   0   1
3   0   0   0   0   0   0   0   0   0   1   0
4   0   1   0   0   1   0   0   0   0   0   0
5   0   0   0   1   0   1   0   0   0   1   0
6   0   0   0   0   0   0   0   1   0   0   0
7   1   0   0   0   0   1   1   0   0   0   0

S_minus:
   1   2   3   4   5   6   7   8   9   10  11
1   0   0   0   0   0   2   0   1   0   0   0
2   1   0   0   0   0   0   1   0   1   1   0
3   0   1   1   0   2   0   1   0   0   0   0
4   0   0   0   0   0   0   0   0   0   0   1
5   0   1   0   0   0   0   0   0   0   0   0
6   0   0   0   1   0   0   0   0   0   1   0
7   0   0   1   1   0   0   0   0   1   0   0

# Realization 1122
S_plus:
   1  2  3  4  5  6  7  8  9
1  0  0  1  0  0  1  0  0  1
2  0  1  1  1  1  0  1  0  0
3  1  0  0  0  1  0  1  1  1

S_minus:
   1  2  3  4  5  6  7  8  9
1  1  1  0  0  1  0  2  0  0
2  0  0  0  0  0  1  0  1  2
3  0  1  2  1  0  0  0  0  0

# Realization 1123
S_plus:
   1  2  3  4  5
1  0  0  2  1  1
2  1  1  0  1  0
3  1  0  0  0  1

S_minus:
   1  2  3  4  5
1  1  0  0  0  0
2  0  0  1  0  2
3  0  1  1  1  0

# Realization 1124
S_plus:
   1   2   3   4   5   6   7   8   9   10
1   0   0   1   0   0   1   0   0   0   0
2   0   0   0   0   0   0   1   0   1   1
3   0   1   1   1   0   0   0   0   0   0
4   2   0   0   0   2   0   0   1   1   1

S_minus:
   1   2   3   4   5   6   7   8   9   10
1   0   0   0   0   0   0   0   0   1   2
2   1   2   1   1   0   1   0   0   0   0
3   0   0   0   0   1   0   0   1   0   0
4   0   0   0   0   0   0   1   0   0   0

# Realization 1125
S_plus:
   1  2  3  4  5  6  7
1  0  0  1  0  0  0  1
2  0  1  0  0  0  2  0
3  1  0  1  1  0  0  0
4  0  0  0  0  1  0  1

S_minus:
   1  2  3  4  5  6  7
1  1  0  0  0  1  0  0
2  0  0  0  2  0  0  0
3  0  0  0  0  0  1  1
4  0  1  1  0  0  0  0

# Realization 1126
S_plus:
   1  2  3  4  5  6  7  8  9
1  0  1  0  0  0  1  1  0  0
2  1  0  2  2  0  1  0  0  0
3  0  0  0  0  2  0  0  1  1

S_minus:
   1  2  3  4  5  6  7  8  9
1  1  0  1  1  0  0  0  1  1
2  0  1  0  0  1  0  2  0  1
3  0  1  0  1  0  1  0  0  0

# Realization 1127
S_plus:
   1   2   3   4   5   6   7   8   9   10  11
1   0   0   0   0   0   0   0   1   0   0   0
2   2   1   0   0   1   0   0   1   0   1   0
3   0   0   1   0   1   1   0   0   0   0   0
4   0   0   1   0   0   0   1   0   1   0   1
5   0   0   0   1   0   1   0   0   0   0   0

S_minus:
   1   2   3   4   5   6   7   8   9   10  11
1   0   0   1   0   1   0   0   0   0   0   0
2   0   0   0   0   0   0   1   0   0   0   1
3   0   1   0   1   0   0   1   1   0   0   0
4   0   0   0   0   0   2   0   0   0   1   0
5   1   0   0   0   1   0   0   0   2   1   1

# Realization 1128
S_plus:
   1   2   3   4   5   6   7   8   9   10  11  12
1   0   0   1   0   1   2   0   0   2   0   0   0
2   0   1   0   0   0   0   2   0   0   1   0   0
3   0   1   0   1   0   0   0   2   0   0   2   2
4   1   0   0   0   0   0   0   0   0   1   0   0

S_minus:
   1   2   3   4   5   6   7   8   9   10  11  12
1   0   0   0   1   0   0   0   1   0   1   1   1
2   2   0   0   0   0   0   0   0   1   0   0   1
3   0   0   1   0   2   1   0   0   1   1   0   0
4   0   1   0   1   0   0   2   0   0   0   1   0

# Realization 1129
S_plus:
   1   2   3   4   5   6   7   8   9   10
1   0   0   0   1   0   0   0   1   0   1
2   1   0   1   0   0   0   0   1   0   0
3   0   1   0   0   0   0   0   0   1   0
4   1   0   0   0   1   2   1   0   0   1
5   0   0   1   1   0   0   0   0   0   0

S_minus:
   1   2   3   4   5   6   7   8   9   10
1   1   0   0   0   2   1   0   0   2   0
2   0   1   0   1   0   0   0   0   0   1
3   1   0   1   0   0   0   1   0   0   0
4   0   0   1   0   0   0   0   0   0   0
5   0   0   0   0   0   0   0   1   0   0

# Realization 1130
S_plus:
   1   2   3   4   5   6   7   8   9   10  11  12
1   0   1   0   0   1   0   2   0   0   0   0   0
2   0   0   1   0   1   0   0   1   0   0   0   0
3   0   0   0   0   0   1   0   1   0   0   1   0
4   0   0   0   1   0   0   0   0   1   1   0   2
5   1   1   1   1   0   0   0   0   0   0   0   0

S_minus:
   1   2   3   4   5   6   7   8   9   10  11  12
1   0   0   1   0   0   1   0   0   1   0   1   0
2   0   0   0   0   0   0   1   0   0   0   0   0
3   0   0   1   1   1   0   0   0   0   0   0   0
4   1   1   0   0   1   0   1   0   0   0   1   0
5   0   0   0   0   0   1   0   1   1   1   0   1

# Realization 1131
S_plus:
   1  2  3  4  5  6  7
1  0  0  0  0  1  0  0
2  0  0  0  0  1  1  1
3  1  1  1  0  0  1  0
4  0  0  0  1  0  0  1

S_minus:
   1  2  3  4  5  6  7
1  1  0  0  0  0  1  1
2  0  1  1  0  0  0  0
3  0  0  0  1  1  0  0
4  0  1  0  0  1  1  0

# Realization 1132
S_plus:
   1   2   3   4   5   6   7   8   9   10  11
1   1   0   0   0   0   1   0   2   2   0   0
2   0   0   2   1   0   1   0   0   0   0   1
3   0   2   0   0   2   0   1   0   0   2   1

S_minus:
   1   2   3   4   5   6   7   8   9   10  11
1   0   1   0   1   0   0   1   0   0   1   1
2   1   1   0   0   1   0   0   0   2   0   0
3   1   0   1   1   0   1   0   1   0   0   0

# Realization 1133
S_plus:
   1   2   3   4   5   6   7   8   9   10  11
1   0   0   1   0   0   0   0   0   0   0   0
2   0   0   0   1   0   0   0   2   0   1   0
3   0   1   0   0   0   0   0   0   1   0   1
4   1   0   0   0   0   1   0   0   0   0   0
5   0   0   0   0   2   1   0   0   1   0   0
6   0   0   0   0   0   0   1   0   0   0   0

S_minus:
   1   2   3   4   5   6   7   8   9   10  11
1   1   0   0   0   0   0   0   0   1   0   0
2   0   0   0   0   0   2   1   0   1   0   0
3   0   0   0   0   0   0   0   0   0   1   0
4   0   0   0   1   1   0   0   0   0   0   1
5   0   1   1   0   0   0   0   0   0   0   0
6   1   1   0   1   0   0   0   1   0   0   0

# Realization 1134
S_plus:
   1   2   3   4   5   6   7   8   9   10  11  12
1   1   0   0   1   0   1   0   1   1   0   2   0
2   0   1   0   0   1   0   0   1   1   0   0   2
3   0   1   2   0   0   0   0   0   0   0   0   0
4   0   0   0   1   0   1   2   0   0   2   0   0

S_minus:
   1   2   3   4   5   6   7   8   9   10  11  12
1   0   0   0   0   1   0   1   0   0   0   0   0
2   1   0   1   1   0   0   1   0   0   0   1   0
3   0   0   0   0   0   1   0   0   1   1   1   1
4   1   1   0   0   0   0   0   2   0   0   0   1

# Realization 1135
S_plus:
   1   2   3   4   5   6   7   8   9   10
1   1   0   0   0   0   0   0   0   1   1
2   1   0   0   1   1   1   1   1   0   1
3   0   0   2   0   0   0   1   1   0   0
4   0   2   0   1   1   0   0   0   0   0

S_minus:
   1   2   3   4   5   6   7   8   9   10
1   0   1   1   1   0   1   0   1   0   0
2   0   0   0   0   0   0   0   0   2   0
3   1   0   0   0   1   1   0   0   0   2
4   0   0   0   0   0   0   2   1   0   0

# Realization 1136
S_plus:
   1   2   3   4   5   6   7   8   9   10
1   0   0   1   0   0   1   0   0   0   1
2   2   0   0   0   0   0   1   2   0   1
3   0   2   0   2   2   1   0   0   1   0

S_minus:
   1   2   3   4   5   6   7   8   9   10
1   1   1   0   0   0   0   2   0   1   0
2   0   1   1   1   2   1   0   0   0   0
3   0   0   1   0   0   0   0   2   0   1

# Realization 1137
S_plus:
   1  2  3  4  5  6  7
1  0  0  1  1  2  0  0
2  1  1  0  1  0  0  2
3  1  0  1  0  0  1  0

S_minus:
   1  2  3  4  5  6  7
1  2  1  0  0  0  0  1
2  0  0  1  0  0  1  0
3  0  1  0  1  1  0  0

# Realization 1138
S_plus:
   1  2  3  4  5
1  0  0  0  0  2
2  1  0  1  2  0
3  1  2  0  0  0

S_minus:
   1  2  3  4  5
1  1  1  0  1  0
2  0  0  0  0  1
3  0  0  1  0  1

# Realization 1139
S_plus:
   1  2  3  4  5  6  7  8
1  0  2  0  1  0  1  0  1
2  0  0  2  0  2  1  1  0
3  1  0  0  0  0  0  0  0

S_minus:
   1  2  3  4  5  6  7  8
1  0  0  1  0  1  0  1  0
2  1  1  0  0  0  0  0  1
3  0  0  0  2  1  2  1  0

# Realization 1140
S_plus:
   1   2   3   4   5   6   7   8   9   10  11  12
1   0   0   0   0   1   1   0   1   0   0   1   1
2   0   1   1   1   0   0   0   0   1   0   0   0
3   1   0   0   1   0   0   1   0   0   0   0   0
4   0   0   0   0   0   0   1   0   1   2   0   1

S_minus:
   1   2   3   4   5   6   7   8   9   10  11  12
1   0   1   0   1   0   0   1   0   1   1   0   0
2   1   0   0   0   0   0   0   0   0   0   1   1
3   0   0   1   0   0   2   0   1   1   1   0   1
4   1   1   0   1   2   0   0   0   0   0   0   0

# Realization 1141
S_plus:
   1  2  3  4  5  6
1  0  0  0  1  1  0
2  0  2  0  1  0  2
3  1  0  0  0  1  0
4  0  0  2  0  0  0

S_minus:
   1  2  3  4  5  6
1  0  0  1  0  0  0
2  1  0  0  0  0  0
3  0  0  0  1  0  0
4  0  1  0  0  2  2

# Realization 1142
S_plus:
   1  2  3  4  5  6
1  1  1  0  0  0  0
2  1  0  1  0  0  1
3  0  0  1  2  2  0

S_minus:
   1  2  3  4  5  6
1  0  0  1  0  1  1
2  0  1  0  1  0  0
3  1  0  0  0  0  0

# Realization 1143
S_plus:
   1  2  3  4  5  6
1  2  0  0  1  1  1
2  0  1  1  0  0  0
3  0  0  0  1  0  0

S_minus:
   1  2  3  4  5  6
1  0  2  0  0  0  0
2  1  0  0  2  0  1
3  1  0  1  0  2  1

# Realization 1144
S_plus:
   1   2   3   4   5   6   7   8   9   10  11
1   0   1   0   0   1   0   0   0   0   0   1
2   1   0   0   1   1   0   0   2   0   0   0
3   0   0   1   0   0   2   0   0   1   0   0
4   1   0   0   1   0   0   1   0   1   1   0

S_minus:
   1   2   3   4   5   6   7   8   9   10  11
1   0   0   1   0   0   0   1   1   0   0   0
2   0   1   0   0   0   1   0   0   2   0   1
3   2   0   0   1   0   0   0   0   0   1   0
4   0   1   1   0   1   1   0   1   0   0   0

# Realization 1145
S_plus:
   1  2  3  4  5  6  7  8  9
1  0  0  1  0  2  0  0  0  1
2  0  2  0  1  0  0  1  0  1
3  0  0  0  0  0  0  0  1  0
4  0  0  0  0  0  1  0  1  0
5  1  0  0  0  0  1  0  0  0

S_minus:
   1  2  3  4  5  6  7  8  9
1  0  1  0  0  0  0  1  0  0
2  0  0  0  0  1  1  0  0  0
3  1  0  0  1  0  0  1  0  0
4  0  0  1  1  0  0  0  0  1
5  0  1  1  0  1  0  0  1  1

# Realization 1146
S_plus:
   1  2  3  4  5  6  7  8
1  0  0  0  0  0  1  0  0
2  0  0  0  1  0  0  0  0
3  0  0  0  0  1  0  2  1
4  0  2  1  1  0  0  0  1
5  1  0  1  0  0  0  0  0

S_minus:
   1  2  3  4  5  6  7  8
1  0  0  0  1  0  0  0  1
2  0  1  0  0  1  0  0  0
3  1  1  1  0  0  0  0  0
4  1  0  0  0  0  1  0  0
5  0  0  0  1  1  0  2  0

# Realization 1147
S_plus:
   1   2   3   4   5   6   7   8   9   10
1   0   0   0   0   0   0   0   0   1   0
2   1   1   1   2   0   0   0   2   0   1
3   0   1   0   0   2   2   1   0   0   0

S_minus:
   1   2   3   4   5   6   7   8   9   10
1   1   1   0   1   0   2   2   0   0   1
2   0   0   0   0   1   0   0   0   1   0
3   0   0   1   1   0   0   0   2   1   1

# Realization 1148
S_plus:
   1   2   3   4   5   6   7   8   9   10  11  12
1   1   1   0   0   0   0   0   0   0   0   0   0
2   0   0   1   0   0   1   0   0   0   0   1   0
3   0   0   0   0   1   0   1   0   1   1   0   0
4   0   0   1   0   0   0   0   0   0   0   1   2
5   0   1   0   0   0   0   0   0   0   0   0   0
6   0   0   0   1   0   0   0   1   1   0   0   0
7   0   0   0   1   0   0   0   0   0   0   0   0

S_minus:
   1   2   3   4   5   6   7   8   9   10  11  12
1   0   0   2   1   0   0   1   0   0   0   0   0
2   0   2   0   0   1   0   0   0   0   0   0   0
3   0   0   0   0   0   0   0   0   0   0   0   1
4   0   0   0   0   0   1   0   1   0   0   0   0
5   0   0   0   0   1   0   0   0   0   1   0   0
6   1   0   0   0   0   1   0   0   0   0   1   0
7   0   0   0   0   0   0   0   0   1   0   0   0

# Realization 1149
S_plus:
   1  2  3  4  5  6
1  1  0  1  1  1  1
2  0  0  0  1  0  0
3  0  2  0  0  1  0
4  1  0  0  0  0  1

S_minus:
   1  2  3  4  5  6
1  0  1  0  0  0  0
2  0  0  0  0  1  1
3  1  0  1  0  0  1
4  0  0  1  2  1  0

# Realization 1150
S_plus:
   1   2   3   4   5   6   7   8   9   10
1   1   0   0   0   0   1   0   0   0   0
2   1   1   0   0   1   0   0   0   1   0
3   0   0   0   0   0   0   0   2   1   2
4   0   0   1   1   0   0   1   0   0   0

S_minus:
   1   2   3   4   5   6   7   8   9   10
1   0   1   1   1   1   0   1   0   2   1
2   0   0   1   0   0   2   0   0   0   1
3   0   0   0   0   0   0   1   0   0   0
4   1   0   0   0   1   0   0   1   0   0

# Realization 1151
S_plus:
   1   2   3   4   5   6   7   8   9   10  11  12
1   1   1   1   2   0   0   0   0   0   0   2   0
2   0   0   0   0   0   0   1   1   0   1   0   2
3   0   1   0   0   0   1   1   0   0   0   0   0
4   0   0   1   0   1   0   0   0   1   0   0   0

S_minus:
   1   2   3   4   5   6   7   8   9   10  11  12
1   0   0   0   0   0   0   1   1   0   1   0   0
2   2   2   1   0   0   2   0   0   0   0   1   0
3   0   0   0   0   2   0   0   1   1   0   0   1
4   0   0   0   1   0   0   1   0   0   1   1   1

# Realization 1152
S_plus:
   1  2  3  4  5  6  7  8  9
1  0  0  1  0  0  0  0  0  1
2  0  0  0  0  0  0  0  0  1
3  0  0  0  1  0  0  0  1  0
4  0  0  1  0  1  0  0  0  0
5  1  0  0  0  0  0  0  0  0
6  0  0  0  0  1  1  1  0  0
7  0  1  0  0  0  0  1  0  0

S_minus:
   1  2  3  4  5  6  7  8  9
1  0  0  0  1  0  0  0  0  0
2  0  0  0  0  0  1  0  0  0
3  0  1  0  0  1  0  0  0  1
4  1  0  0  0  0  0  0  1  0
5  0  0  0  1  0  0  1  0  0
6  0  0  1  0  0  0  0  0  0
7  0  0  0  0  1  1  0  1  0

# Realization 1153
S_plus:
   1  2  3  4  5
1  0  2  0  1  0
2  0  0  2  1  1
3  2  0  0  0  0

S_minus:
   1  2  3  4  5
1  1  0  1  0  1
2  1  0  0  0  0
3  0  1  0  1  0

# Realization 1154
S_plus:
   1  2  3  4  5  6
1  2  0  0  1  0  0
2  0  0  1  0  2  0
3  0  1  1  0  0  1
4  0  1  0  1  0  0

S_minus:
   1  2  3  4  5  6
1  0  1  2  0  0  1
2  1  1  0  1  0  0
3  0  0  0  1  0  0
4  1  0  0  0  1  1

# Realization 1155
S_plus:
   1   2   3   4   5   6   7   8   9   10
1   0   0   1   1   0   0   0   0   1   0
2   1   1   0   0   1   0   0   0   0   2
3   0   1   0   0   0   1   0   0   0   0
4   0   0   0   0   1   0   1   2   1   0

S_minus:
   1   2   3   4   5   6   7   8   9   10
1   0   0   0   0   1   0   0   0   0   0
2   0   0   2   1   0   0   0   1   0   0
3   1   0   0   0   1   0   1   0   2   0
4   0   1   0   1   0   1   0   0   0   1

# Realization 1156
S_plus:
   1  2  3  4  5  6  7  8  9
1  0  1  0  0  0  1  0  0  0
2  1  0  1  2  0  0  1  2  0
3  0  0  1  0  2  0  0  0  1
4  0  1  0  0  0  0  0  0  0

S_minus:
   1  2  3  4  5  6  7  8  9
1  2  0  0  0  0  0  1  1  0
2  0  1  0  0  0  1  0  0  1
3  0  1  0  1  0  0  0  1  0
4  0  0  1  1  1  1  1  0  0

# Realization 1157
S_plus:
   1  2  3  4  5  6  7  8
1  0  0  0  1  0  0  2  0
2  1  1  2  0  1  2  0  0
3  0  0  0  0  0  0  0  2

S_minus:
   1  2  3  4  5  6  7  8
1  0  1  1  0  1  0  0  1
2  0  0  0  1  0  0  2  1
3  1  0  1  1  1  1  0  0

# Realization 1158
S_plus:
   1   2   3   4   5   6   7   8   9   10  11
1   0   1   0   0   0   1   0   0   1   0   0
2   0   0   1   0   2   0   0   0   1   2   1
3   0   1   0   0   0   0   0   2   0   0   0
4   1   0   0   2   0   0   1   0   0   0   0

S_minus:
   1   2   3   4   5   6   7   8   9   10  11
1   0   0   1   0   0   0   1   0   0   1   0
2   0   1   0   1   0   0   1   0   0   0   0
3   2   0   1   1   1   0   0   0   1   1   0
4   0   1   0   0   1   1   0   1   1   0   1

# Realization 1159
S_plus:
   1  2  3  4  5  6  7
1  0  0  0  1  0  0  1
2  0  1  2  0  2  0  0
3  1  1  0  0  0  2  1

S_minus:
   1  2  3  4  5  6  7
1  2  1  1  0  0  1  0
2  0  0  0  0  0  1  1
3  0  0  1  2  2  0  0

# Realization 1160
S_plus:
   1  2  3  4  5  6
1  0  1  0  0  0  0
2  0  1  1  0  1  0
3  0  0  0  1  0  0
4  0  0  0  0  1  0
5  0  0  0  0  0  1
6  1  0  0  0  0  0

S_minus:
   1  2  3  4  5  6
1  0  0  0  1  0  0
2  1  0  0  0  0  0
3  1  0  0  0  0  1
4  0  0  0  0  0  1
5  0  0  0  0  1  0
6  0  2  1  0  0  0

# Realization 1161
S_plus:
   1  2  3  4  5
1  1  0  0  0  0
2  1  0  1  0  0
3  0  0  0  1  1
4  0  1  1  0  1

S_minus:
   1  2  3  4  5
1  0  0  2  1  0
2  0  0  0  0  1
3  0  2  0  0  0
4  1  0  0  0  0

# Realization 1162
S_plus:
   1  2  3  4  5  6  7  8
1  0  2  1  0  1  0  2  0
2  2  0  0  1  0  0  0  1
3  0  0  0  0  0  2  0  1

S_minus:
   1  2  3  4  5  6  7  8
1  1  0  0  1  0  1  0  1
2  0  1  1  0  0  0  0  0
3  0  1  1  1  2  0  1  0

# Realization 1163
S_plus:
   1  2  3  4  5  6  7  8  9
1  0  0  1  2  0  1  1  0  1
2  0  0  1  0  1  0  0  0  0
3  1  2  0  0  1  1  0  1  0

S_minus:
   1  2  3  4  5  6  7  8  9
1  1  1  0  0  2  0  0  1  0
2  0  0  0  1  0  1  1  1  1
3  0  0  1  0  0  0  1  0  0

# Realization 1164
S_plus:
   1  2  3  4  5  6  7
1  1  0  0  1  1  0  0
2  0  1  0  1  0  1  2
3  0  0  2  0  1  1  0

S_minus:
   1  2  3  4  5  6  7
1  0  1  0  0  0  2  1
2  1  0  2  0  1  0  0
3  0  1  0  1  0  0  1

# Realization 1165
S_plus:
   1   2   3   4   5   6   7   8   9   10  11
1   1   0   0   0   1   0   0   0   0   0   0
2   1   0   2   0   0   1   0   0   0   0   0
3   0   0   0   0   0   0   0   0   1   1   0
4   0   0   0   0   1   0   0   0   1   0   1
5   0   0   0   1   0   0   1   1   0   0   0
6   0   1   0   0   0   0   1   0   0   0   0

S_minus:
   1   2   3   4   5   6   7   8   9   10  11
1   0   0   0   1   0   0   1   1   1   0   0
2   0   0   0   1   0   0   0   0   1   0   0
3   0   0   0   0   1   1   0   0   0   0   0
4   1   0   1   0   0   0   0   0   0   1   0
5   1   1   0   0   0   0   0   0   0   0   0
6   0   0   1   0   0   0   0   0   0   1   1

# Realization 1166
S_plus:
   1  2  3  4  5  6  7  8
1  1  0  0  0  0  0  1  1
2  1  0  0  2  1  1  0  0
3  0  2  2  0  1  1  0  1

S_minus:
   1  2  3  4  5  6  7  8
1  0  2  1  0  1  2  0  0
2  0  0  1  0  0  0  0  1
3  1  0  0  1  0  0  1  0

# Realization 1167
S_plus:
   1   2   3   4   5   6   7   8   9   10  11
1   1   1   0   0   0   1   0   0   0   1   0
2   1   0   0   0   0   1   1   1   0   0   2
3   0   0   0   0   0   0   1   1   1   1   0
4   0   0   1   2   2   0   0   0   0   0   0

S_minus:
   1   2   3   4   5   6   7   8   9   10  11
1   0   0   0   0   1   0   2   0   1   0   0
2   0   0   0   2   0   0   0   0   0   0   0
3   0   1   1   0   1   1   0   0   0   0   1
4   2   1   0   0   0   1   0   2   0   1   0

# Realization 1168
S_plus:
   1  2  3  4  5  6  7
1  1  0  0  0  0  1  0
2  0  0  0  0  1  0  0
3  0  1  0  1  0  1  1
4  0  0  2  0  0  0  0
5  1  0  0  1  0  0  1

S_minus:
   1  2  3  4  5  6  7
1  0  1  0  0  1  0  0
2  0  0  0  1  0  0  0
3  0  0  1  0  1  0  0
4  1  1  0  1  0  1  1
5  0  0  0  0  0  1  0

# Realization 1169
S_plus:
   1   2   3   4   5   6   7   8   9   10
1   0   0   2   0   1   0   1   0   0   1
2   0   0   0   0   0   0   1   1   2   0
3   1   1   0   2   0   1   0   0   0   0

S_minus:
   1   2   3   4   5   6   7   8   9   10
1   0   1   0   1   0   1   0   1   0   0
2   1   1   1   0   1   0   0   0   0   2
3   0   0   0   0   0   0   2   0   1   0

# Realization 1170
S_plus:
   1   2   3   4   5   6   7   8   9   10  11
1   1   1   0   1   1   0   0   0   1   1   0
2   0   0   0   0   0   0   1   0   0   0   0
3   0   0   1   0   1   0   0   2   1   1   1
4   1   0   0   0   0   2   0   0   0   0   0

S_minus:
   1   2   3   4   5   6   7   8   9   10  11
1   0   0   0   0   0   0   1   0   0   0   1
2   1   1   2   1   0   1   0   1   0   2   1
3   1   0   0   1   0   0   1   0   0   0   0
4   0   0   0   0   2   0   0   0   1   0   0

# Realization 1171
S_plus:
   1  2  3  4  5  6  7  8
1  0  0  0  1  0  0  0  0
2  1  1  0  0  1  0  1  0
3  1  0  1  0  1  2  0  2
4  0  0  0  1  0  0  1  0

S_minus:
   1  2  3  4  5  6  7  8
1  1  1  1  0  1  1  0  2
2  0  0  0  1  0  0  0  0
3  0  0  0  0  0  0  2  0
4  0  1  0  0  1  1  0  0

# Realization 1172
S_plus:
   1  2  3  4  5  6  7  8  9
1  0  0  0  1  1  0  0  1  0
2  2  0  0  0  0  1  0  1  2
3  0  1  1  1  0  0  1  0  0

S_minus:
   1  2  3  4  5  6  7  8  9
1  2  2  1  0  0  0  1  0  0
2  0  0  0  1  0  0  1  0  0
3  0  0  0  0  1  1  0  1  2

# Realization 1173
S_plus:
   1   2   3   4   5   6   7   8   9   10
1   1   0   1   0   0   0   0   0   1   0
2   0   1   0   0   0   0   1   0   0   2
3   0   0   0   1   2   1   0   1   0   0

S_minus:
   1   2   3   4   5   6   7   8   9   10
1   0   0   0   1   0   1   0   0   0   0
2   1   0   0   1   1   0   0   1   0   0
3   1   1   1   0   0   0   2   0   2   1

# Realization 1174
S_plus:
   1  2  3  4  5  6  7
1  2  0  1  0  0  1  0
2  0  1  0  1  2  0  2
3  0  1  0  0  0  0  0

S_minus:
   1  2  3  4  5  6  7
1  0  1  0  0  1  0  1
2  1  0  1  0  0  2  0
3  1  0  1  1  0  0  1

# Realization 1175
S_plus:
   1   2   3   4   5   6   7   8   9   10  11
1   0   0   1   1   2   1   1   0   1   0   2
2   0   2   1   1   0   0   0   1   0   0   0
3   2   0   0   0   0   0   0   0   0   2   0

S_minus:
   1   2   3   4   5   6   7   8   9   10  11
1   0   1   0   0   0   0   0   0   0   1   0
2   1   0   0   0   1   0   2   0   1   0   1
3   0   1   2   1   0   1   0   1   0   0   1

# Realization 1176
S_plus:
   1   2   3   4   5   6   7   8   9   10  11  12
1   0   0   0   0   0   0   0   1   0   0   0   0
2   1   0   0   0   0   0   0   1   0   0   0   1
3   0   1   0   0   0   1   0   0   0   0   0   0
4   0   0   0   1   0   0   0   0   0   0   0   0
5   0   0   1   0   2   0   0   0   0   0   0   0
6   1   0   0   0   0   0   2   0   1   1   1   0

S_minus:
   1   2   3   4   5   6   7   8   9   10  11  12
1   0   0   0   0   0   0   0   0   0   1   1   0
2   0   1   0   0   0   0   1   0   0   0   1   0
3   1   0   0   1   0   0   0   0   0   0   0   1
4   0   0   1   0   0   1   0   0   0   0   0   0
5   0   0   0   0   0   0   0   0   1   0   0   1
6   0   0   0   0   1   0   0   1   0   0   0   0

# Realization 1177
S_plus:
   1   2   3   4   5   6   7   8   9   10  11
1   0   0   1   0   1   1   0   0   0   0   0
2   1   0   0   1   0   0   1   1   0   1   0
3   0   0   0   0   0   1   0   0   0   0   1
4   0   1   1   1   0   0   1   0   1   0   0

S_minus:
   1   2   3   4   5   6   7   8   9   10  11
1   1   1   0   1   0   0   1   1   0   0   1
2   0   0   1   0   0   2   0   0   0   0   0
3   1   0   1   0   2   0   1   0   1   0   0
4   0   0   0   0   0   0   0   1   0   1   0

# Realization 1178
S_plus:
   1   2   3   4   5   6   7   8   9   10  11
1   0   0   0   0   0   1   1   0   0   0   0
2   0   0   0   0   0   0   0   1   0   0   0
3   0   0   0   0   1   0   0   0   0   0   0
4   0   0   0   0   1   0   0   0   0   1   0
5   0   0   0   0   0   0   0   0   2   1   1
6   1   1   0   1   0   0   0   0   0   0   0
7   0   1   1   1   0   0   0   0   0   0   0

S_minus:
   1   2   3   4   5   6   7   8   9   10  11
1   0   0   0   1   1   0   0   0   1   0   1
2   0   0   0   0   0   1   0   0   0   1   0
3   1   1   0   0   0   0   0   0   0   0   0
4   1   1   1   1   0   0   0   0   0   0   0
5   0   0   0   0   0   0   0   1   0   0   0
6   0   0   0   0   0   0   0   1   0   0   1
7   0   0   0   0   1   1   2   0   0   0   0

# Realization 1179
S_plus:
   1   2   3   4   5   6   7   8   9   10
1   0   0   1   0   0   0   0   2   1   0
2   0   0   0   1   1   2   0   0   0   0
3   1   0   0   1   1   0   0   0   1   0
4   0   1   0   0   0   0   1   0   0   0
5   0   0   1   0   0   0   0   0   0   1

S_minus:
   1   2   3   4   5   6   7   8   9   10
1   0   1   0   0   1   1   2   0   0   1
2   1   0   1   0   0   0   0   0   0   0
3   0   0   1   0   0   1   0   0   0   0
4   1   0   0   0   1   0   0   0   1   0
5   0   1   0   1   0   0   0   1   1   0

# Realization 1180
S_plus:
   1   2   3   4   5   6   7   8   9   10
1   0   0   0   0   2   0   0   1   0   1
2   0   0   0   0   0   1   0   0   0   0
3   2   2   1   2   0   0   1   0   2   0

S_minus:
   1   2   3   4   5   6   7   8   9   10
1   1   0   0   1   0   0   1   0   0   0
2   0   1   1   1   0   0   0   1   2   2
3   0   0   0   0   1   1   0   0   0   0

# Realization 1181
S_plus:
   1   2   3   4   5   6   7   8   9   10
1   1   0   1   0   1   0   1   0   1   0
2   0   0   0   2   1   0   0   0   0   1
3   0   0   0   0   0   0   0   0   1   0
4   1   1   0   0   0   2   0   1   0   0

S_minus:
   1   2   3   4   5   6   7   8   9   10
1   0   1   0   1   0   1   0   1   0   1
2   1   1   1   0   0   1   1   0   0   0
3   0   0   0   1   1   0   0   1   0   0
4   0   0   1   0   1   0   0   0   1   1

# Realization 1182
S_plus:
   1  2  3  4  5  6
1  0  0  0  0  0  1
2  1  1  1  0  0  0
3  0  1  0  2  1  0

S_minus:
   1  2  3  4  5  6
1  0  1  2  1  0  0
2  0  0  0  0  1  0
3  1  0  0  0  0  1

# Realization 1183
S_plus:
   1   2   3   4   5   6   7   8   9   10  11  12
1   0   0   0   1   0   0   0   0   1   0   1   0
2   0   1   1   0   0   0   0   0   0   1   0   0
3   0   0   0   0   0   1   0   0   0   1   0   1
4   0   0   0   0   2   0   1   1   1   0   0   0
5   1   1   0   0   0   0   0   0   0   0   0   1

S_minus:
   1   2   3   4   5   6   7   8   9   10  11  12
1   0   0   0   0   0   1   0   1   0   1   0   1
2   1   0   0   0   0   0   1   0   1   0   0   1
3   0   1   0   2   1   0   0   0   1   0   0   0
4   1   0   1   0   0   0   0   0   0   0   1   0
5   0   0   0   0   0   1   0   0   0   0   1   0

# Realization 1184
S_plus:
   1   2   3   4   5   6   7   8   9   10  11
1   0   0   0   0   0   0   0   1   0   1   0
2   0   0   0   1   1   0   0   0   0   0   1
3   1   0   1   0   0   0   1   0   0   0   0
4   0   1   0   1   1   0   0   0   2   0   0
5   1   0   1   0   0   1   0   0   0   0   0

S_minus:
   1   2   3   4   5   6   7   8   9   10  11
1   1   1   1   1   0   0   0   0   0   0   0
2   1   1   0   0   0   1   0   0   1   0   0
3   0   0   0   0   0   0   0   1   1   1   1
4   0   0   0   0   0   1   0   1   0   0   0
5   0   0   0   1   1   0   1   0   0   1   1

# Realization 1185
S_plus:
   1  2  3  4  5  6  7  8
1  0  0  0  2  0  1  2  0
2  1  1  1  0  0  0  0  2
3  0  0  1  0  2  0  0  0

S_minus:
   1  2  3  4  5  6  7  8
1  1  0  1  0  1  0  0  1
2  0  0  0  1  0  1  0  0
3  0  2  0  1  0  0  1  0

# Realization 1186
S_plus:
   1  2  3  4  5  6  7  8  9
1  0  0  0  0  0  2  1  1  0
2  0  1  1  1  0  0  0  1  2
3  1  1  0  0  1  0  1  0  0

S_minus:
   1  2  3  4  5  6  7  8  9
1  0  1  1  2  1  0  0  0  1
2  1  0  0  0  1  0  1  0  0
3  0  0  0  0  0  1  0  1  1

# Realization 1187
S_plus:
   1   2   3   4   5   6   7   8   9   10
1   0   0   0   0   0   0   0   0   0   1
2   1   0   1   0   0   0   0   1   0   0
3   0   0   0   0   0   0   2   0   0   0
4   0   1   0   0   0   1   0   0   1   0
5   0   1   1   0   1   0   0   1   1   0
6   0   0   0   1   1   0   0   0   0   0

S_minus:
   1   2   3   4   5   6   7   8   9   10
1   1   0   0   0   0   0   1   0   0   0
2   0   0   0   0   0   1   1   0   0   0
3   0   0   1   0   1   1   0   0   0   0
4   0   0   1   0   0   0   0   1   0   0
5   0   0   0   1   0   0   0   0   0   0
6   0   1   0   0   0   0   0   0   2   1

# Realization 1188
S_plus:
   1  2  3  4  5  6  7
1  0  0  0  1  1  1  1
2  0  1  0  0  0  0  0
3  0  1  1  0  0  0  0
4  2  0  1  0  0  0  1
5  0  0  0  1  0  0  0

S_minus:
   1  2  3  4  5  6  7
1  1  1  0  0  0  0  0
2  1  0  1  1  0  0  0
3  0  0  0  0  0  0  1
4  0  0  0  0  0  1  0
5  0  0  0  0  2  1  1

# Realization 1189
S_plus:
   1  2  3  4  5  6  7
1  0  1  0  0  2  0  0
2  1  1  0  1  0  1  1
3  0  0  2  0  0  0  0

S_minus:
   1  2  3  4  5  6  7
1  0  0  1  1  0  1  0
2  0  0  0  0  1  0  0
3  1  1  0  0  0  1  2

# Realization 1190
S_plus:
   1  2  3  4  5
1  0  1  2  0  2
2  1  0  0  1  0
3  1  0  0  1  0

S_minus:
   1  2  3  4  5
1  2  0  0  1  0
2  0  2  1  0  1
3  0  0  1  0  0

# Realization 1191
S_plus:
   1  2  3  4
1  2  0  1  1
2  0  1  0  0
3  0  0  1  0

S_minus:
   1  2  3  4
1  0  1  0  0
2  1  0  1  1
3  1  0  0  1

# Realization 1192
S_plus:
   1  2  3  4
1  1  1  0  0
2  1  0  0  2
3  0  0  1  0

S_minus:
   1  2  3  4
1  0  0  1  1
2  0  1  1  0
3  2  1  0  1

# Realization 1193
S_plus:
   1  2  3  4  5  6  7  8  9
1  1  0  0  1  0  2  0  0  0
2  1  1  2  0  1  0  2  1  0
3  0  0  0  0  0  0  0  0  1

S_minus:
   1  2  3  4  5  6  7  8  9
1  0  1  1  0  0  0  1  0  0
2  0  0  0  1  0  1  0  0  1
3  1  0  1  0  1  1  0  2  0

# Realization 1194
S_plus:
   1   2   3   4   5   6   7   8   9   10  11
1   1   0   2   0   0   1   0   0   0   0   0
2   1   0   0   0   0   0   0   1   0   0   0
3   0   0   0   0   0   0   1   0   0   0   0
4   0   1   0   0   0   0   1   0   0   1   1
5   0   0   0   1   0   0   0   0   1   0   0
6   0   1   0   0   1   1   0   1   0   0   0

S_minus:
   1   2   3   4   5   6   7   8   9   10  11
1   0   1   0   0   0   0   1   1   0   0   0
2   0   0   1   1   0   0   0   0   0   0   0
3   0   0   0   0   1   0   0   0   0   0   1
4   0   0   0   0   0   0   0   0   1   0   0
5   1   1   0   0   1   1   0   1   0   2   0
6   0   0   1   1   0   0   1   0   1   0   0

# Realization 1195
S_plus:
   1  2  3  4  5  6  7
1  0  1  0  0  2  0  2
2  0  0  0  0  0  2  0
3  1  0  2  2  0  0  0

S_minus:
   1  2  3  4  5  6  7
1  1  0  1  2  0  0  0
2  1  1  1  0  1  0  1
3  0  0  0  0  1  1  0

# Realization 1196
S_plus:
   1  2  3  4  5  6
1  1  0  1  1  0  0
2  0  0  0  0  0  1
3  0  0  0  1  0  0
4  0  1  0  0  2  0

S_minus:
   1  2  3  4  5  6
1  0  0  0  0  1  0
2  1  1  1  1  1  0
3  0  1  1  0  0  1
4  0  0  0  1  0  0

# Realization 1197
S_plus:
   1   2   3   4   5   6   7   8   9   10  11
1   0   0   2   0   1   0   0   1   1   0   0
2   0   1   0   0   0   0   0   0   1   2   1
3   1   0   0   1   0   2   1   0   0   0   0

S_minus:
   1   2   3   4   5   6   7   8   9   10  11
1   0   2   0   1   0   1   2   0   0   1   1
2   1   0   0   0   1   0   0   0   0   0   0
3   0   0   1   0   1   0   0   1   1   1   1

# Realization 1198
S_plus:
   1   2   3   4   5   6   7   8   9   10  11
1   1   0   0   0   0   0   1   0   0   1   0
2   0   1   1   0   0   0   0   0   0   0   0
3   0   1   0   1   0   0   0   0   0   0   0
4   1   0   0   0   1   0   0   0   0   0   0
5   0   0   0   0   0   0   0   0   0   1   0
6   0   0   0   0   0   2   0   0   1   0   1
7   0   0   0   0   0   0   0   0   1   0   0
8   0   0   0   0   0   0   1   1   0   0   0

S_minus:
   1   2   3   4   5   6   7   8   9   10  11
1   0   0   0   0   0   0   0   0   1   0   0
2   1   0   0   0   0   1   1   0   0   0   0
3   0   0   1   0   0   0   0   0   0   0   0
4   0   1   0   0   0   0   0   0   1   1   0
5   0   0   0   0   1   0   0   1   0   0   1
6   0   0   0   0   0   0   1   0   0   0   0
7   0   0   0   0   1   0   0   0   0   1   0
8   0   0   0   1   0   0   0   0   0   0   1

# Realization 1199
S_plus:
   1  2  3  4  5  6  7  8  9
1  1  0  1  0  0  0  0  1  1
2  0  0  0  0  0  0  1  0  0
3  1  2  0  0  1  1  0  0  0
4  0  0  0  1  1  1  1  1  1

S_minus:
   1  2  3  4  5  6  7  8  9
1  0  1  0  0  1  0  0  0  0
2  1  1  0  2  1  1  0  0  1
3  0  0  0  0  0  0  1  1  1
4  1  0  1  0  0  0  0  0  0

# Realization 1200
S_plus:
   1   2   3   4   5   6   7   8   9   10  11
1   0   0   0   0   0   0   1   1   0   0   0
2   1   0   0   0   0   2   0   0   1   0   0
3   0   1   1   1   0   0   0   0   1   0   1
4   0   0   0   0   1   0   0   0   0   1   0
5   1   0   1   0   0   0   0   1   0   1   0

S_minus:
   1   2   3   4   5   6   7   8   9   10  11
1   1   0   0   1   1   0   0   0   0   1   0
2   0   0   0   0   0   0   0   1   0   0   0
3   1   0   0   0   1   0   0   0   0   0   0
4   0   0   2   0   0   2   1   0   0   0   0
5   0   1   0   0   0   0   0   0   1   0   2

# Realization 1201
S_plus:
   1   2   3   4   5   6   7   8   9   10  11  12
1   0   0   0   1   0   0   0   0   0   0   0   0
2   0   0   0   0   0   0   1   1   0   0   1   0
3   1   2   0   0   0   0   0   0   1   0   1   0
4   0   0   0   0   1   1   0   0   0   1   0   0
5   0   0   1   0   0   0   0   0   0   0   0   0
6   0   0   0   0   0   0   1   0   0   1   0   0
7   0   0   1   0   0   0   0   0   0   0   0   1

S_minus:
   1   2   3   4   5   6   7   8   9   10  11  12
1   1   0   0   0   0   0   0   1   0   0   0   0
2   0   0   2   0   0   0   0   0   0   1   0   0
3   0   0   0   0   0   1   1   0   0   0   0   0
4   1   1   0   0   0   0   0   0   0   0   0   0
5   0   0   0   1   0   0   0   0   1   0   0   0
6   0   0   0   0   1   0   0   1   0   0   1   1
7   0   0   0   0   0   0   1   0   0   0   0   0

# Realization 1202
S_plus:
   1   2   3   4   5   6   7   8   9   10
1   0   0   0   0   1   1   0   1   0   0
2   0   2   1   1   0   0   0   1   0   1
3   1   0   0   1   0   0   0   0   2   1
4   0   0   1   0   1   0   1   0   0   0

S_minus:
   1   2   3   4   5   6   7   8   9   10
1   0   0   0   0   0   0   0   0   0   1
2   0   0   0   0   1   0   0   0   0   0
3   0   1   2   0   1   1   1   1   0   0
4   1   1   0   1   0   0   0   1   1   1

# Realization 1203
S_plus:
   1  2  3  4  5  6  7  8  9
1  0  0  0  0  0  0  0  1  1
2  1  0  1  0  0  0  1  0  0
3  1  1  1  0  0  1  0  0  0
4  0  1  0  1  0  0  1  1  0
5  0  0  0  1  2  1  0  0  0

S_minus:
   1  2  3  4  5  6  7  8  9
1  2  0  0  1  1  0  0  0  0
2  0  1  0  1  0  1  0  0  0
3  0  0  0  0  0  0  1  0  1
4  0  0  0  0  0  1  0  0  0
5  0  0  2  0  0  0  1  1  0

# Realization 1204
S_plus:
   1  2  3  4  5  6
1  2  1  1  0  1  1
2  0  0  1  1  1  0
3  0  1  0  1  0  0

S_minus:
   1  2  3  4  5  6
1  0  0  0  1  0  0
2  0  1  0  0  0  2
3  1  0  1  0  2  0

# Realization 1205
S_plus:
   1   2   3   4   5   6   7   8   9   10  11
1   1   0   1   0   0   0   2   0   0   2   0
2   1   0   0   1   0   0   0   1   0   0   1
3   0   1   1   0   0   1   0   0   0   0   0
4   0   1   0   1   1   0   0   1   1   0   0

S_minus:
   1   2   3   4   5   6   7   8   9   10  11
1   0   1   0   1   0   0   0   1   0   0   0
2   0   0   0   0   0   1   0   0   1   0   0
3   1   0   0   0   1   0   1   1   1   0   1
4   0   0   1   0   0   1   1   0   0   1   0

# Realization 1206
S_plus:
   1   2   3   4   5   6   7   8   9   10  11
1   1   0   0   0   0   0   0   0   0   0   0
2   0   1   0   0   0   1   0   1   0   0   1
3   0   0   1   1   0   0   2   1   1   1   0
4   0   0   0   1   1   1   0   0   0   0   1

S_minus:
   1   2   3   4   5   6   7   8   9   10  11
1   0   0   1   1   1   1   0   0   0   1   2
2   1   0   1   0   0   0   1   0   1   0   0
3   0   0   0   0   1   0   0   0   0   0   0
4   0   2   0   0   0   0   1   1   0   0   0

# Realization 1207
S_plus:
   1  2  3  4  5  6  7  8
1  0  1  0  0  0  0  0  0
2  0  1  0  1  0  1  2  1
3  0  0  0  0  0  0  0  1
4  1  0  2  0  1  0  0  0

S_minus:
   1  2  3  4  5  6  7  8
1  0  0  0  1  2  0  1  1
2  1  0  1  0  0  0  0  0
3  1  1  1  0  0  0  1  0
4  0  0  0  0  0  1  0  1

# Realization 1208
S_plus:
   1   2   3   4   5   6   7   8   9   10
1   0   1   1   1   0   0   0   0   0   1
2   0   0   0   0   1   1   0   0   0   0
3   1   1   0   0   0   0   0   1   0   0
4   1   0   1   0   1   1   1   0   1   0

S_minus:
   1   2   3   4   5   6   7   8   9   10
1   0   0   0   0   2   0   0   0   1   0
2   1   1   1   0   0   0   1   0   0   0
3   0   0   0   0   0   1   0   0   0   1
4   0   1   0   2   0   0   0   1   0   0

# Realization 1209
S_plus:
   1   2   3   4   5   6   7   8   9   10
1   0   0   0   1   0   0   0   0   0   0
2   1   0   0   0   0   1   0   0   0   0
3   0   0   1   0   1   1   0   1   0   1
4   0   0   0   0   1   0   0   0   0   0
5   1   1   1   0   0   0   1   0   1   0

S_minus:
   1   2   3   4   5   6   7   8   9   10
1   1   1   1   0   1   1   0   0   0   0
2   0   0   0   2   0   0   0   0   2   0
3   0   1   0   0   0   0   1   0   0   0
4   1   0   1   0   0   0   0   1   0   2
5   0   0   0   0   0   1   0   0   0   0

# Realization 1210
S_plus:
   1  2  3  4  5  6  7
1  0  1  0  0  1  0  0
2  1  0  0  1  0  0  0
3  0  1  1  0  0  0  1
4  1  0  1  0  0  2  0

S_minus:
   1  2  3  4  5  6  7
1  0  0  1  1  0  1  0
2  0  0  0  0  0  0  1
3  1  0  0  0  1  0  0
4  0  1  0  0  0  0  0

# Realization 1211
S_plus:
   1  2  3  4  5  6  7  8
1  0  0  0  0  1  0  0  0
2  0  0  0  1  0  1  1  0
3  0  0  2  0  1  0  0  1
4  0  1  0  0  0  0  0  1
5  1  0  0  0  0  0  1  0

S_minus:
   1  2  3  4  5  6  7  8
1  0  0  1  0  0  0  1  0
2  2  0  0  0  1  0  0  0
3  0  1  0  1  0  0  0  0
4  0  0  0  1  1  1  0  0
5  0  0  0  0  0  0  0  2

# Realization 1212
S_plus:
   1  2  3  4  5  6
1  1  0  1  1  0  2
2  0  0  0  0  2  0
3  0  1  1  0  0  0

S_minus:
   1  2  3  4  5  6
1  0  0  0  0  1  0
2  0  2  1  2  0  1
3  1  0  0  0  1  1

# Realization 1213
S_plus:
   1   2   3   4   5   6   7   8   9   10
1   1   0   0   0   0   0   1   1   1   0
2   0   0   0   0   1   1   0   0   0   0
3   0   0   0   0   0   0   0   0   0   1
4   0   1   0   0   0   0   0   0   0   0
5   1   0   1   1   0   0   1   0   0   0

S_minus:
   1   2   3   4   5   6   7   8   9   10
1   0   0   0   1   0   1   0   0   0   0
2   1   0   0   0   0   0   1   0   0   1
3   0   1   1   0   0   0   1   0   0   0
4   0   0   1   0   0   0   0   1   1   0
5   0   0   0   0   2   0   0   1   0   0

# Realization 1214
S_plus:
   1  2  3  4
1  0  1  0  0
2  1  0  0  2
3  1  1  0  0
4  0  0  1  0

S_minus:
   1  2  3  4
1  1  0  0  1
2  0  1  2  0
3  0  0  0  1
4  1  0  0  0

# Realization 1215
S_plus:
   1  2  3  4  5  6  7  8  9
1  0  0  0  1  2  0  0  0  0
2  1  1  0  0  0  0  0  0  1
3  0  0  0  0  0  2  1  0  0
4  0  0  0  1  0  0  1  1  0
5  0  1  1  0  0  0  0  1  0

S_minus:
   1  2  3  4  5  6  7  8  9
1  1  0  1  0  0  1  0  2  1
2  0  0  0  0  0  1  0  0  0
3  1  0  0  1  1  0  0  0  0
4  0  2  0  0  1  0  0  0  0
5  0  0  0  1  0  0  1  0  1

# Realization 1216
S_plus:
   1  2  3  4  5
1  0  1  0  0  1
2  0  0  0  0  1
3  1  1  1  2  0

S_minus:
   1  2  3  4  5
1  0  0  2  0  0
2  1  2  0  1  0
3  0  0  0  0  1

# Realization 1217
S_plus:
   1   2   3   4   5   6   7   8   9   10
1   0   0   1   0   0   1   1   1   1   0
2   1   0   0   0   0   0   0   1   1   0
3   0   1   0   2   1   0   1   0   0   1
4   1   0   1   0   1   0   0   0   0   0

S_minus:
   1   2   3   4   5   6   7   8   9   10
1   1   0   0   0   0   0   0   0   0   2
2   0   1   1   0   1   0   0   0   0   0
3   1   0   1   0   0   0   0   1   2   0
4   0   0   0   1   0   1   1   1   0   0

# Realization 1218
S_plus:
   1  2  3  4  5  6  7  8
1  0  2  0  1  1  1  1  0
2  0  0  1  1  0  0  0  0
3  1  0  1  0  0  0  0  0
4  0  0  0  0  1  0  0  1

S_minus:
   1  2  3  4  5  6  7  8
1  1  0  1  0  0  0  0  1
2  0  0  0  0  1  1  0  0
3  0  1  0  2  0  0  1  1
4  0  0  1  0  0  0  0  0

# Realization 1219
S_plus:
   1  2  3  4  5  6  7  8  9
1  1  2  1  0  0  0  0  0  1
2  0  0  0  0  0  1  0  0  0
3  1  0  1  1  0  0  1  0  0
4  0  0  0  0  1  0  0  2  0

S_minus:
   1  2  3  4  5  6  7  8  9
1  0  0  0  1  1  1  1  1  0
2  0  0  0  1  0  0  0  0  0
3  0  1  0  0  1  0  0  0  1
4  2  1  1  0  0  0  0  0  0

# Realization 1220
S_plus:
   1  2  3  4
1  0  0  1  0
2  2  1  0  0
3  0  1  0  2

S_minus:
   1  2  3  4
1  1  1  0  1
2  0  0  2  0
3  1  0  0  0

# Realization 1221
S_plus:
   1  2  3  4  5  6  7  8
1  0  0  0  1  0  1  1  1
2  1  0  1  0  0  0  0  0
3  0  0  0  0  1  0  0  0
4  0  0  1  0  0  0  0  0
5  0  0  0  0  1  0  0  0
6  1  1  0  0  0  0  0  0
7  0  0  0  0  0  0  0  1

S_minus:
   1  2  3  4  5  6  7  8
1  0  1  1  0  1  0  0  0
2  0  1  0  0  0  0  0  0
3  1  0  0  0  0  0  0  1
4  0  0  0  0  0  0  0  1
5  0  0  0  1  0  0  0  0
6  0  0  1  0  0  2  0  0
7  0  0  0  1  1  0  1  0

# Realization 1222
S_plus:
   1  2  3  4  5  6
1  1  0  0  0  0  1
2  0  0  0  0  0  1
3  0  0  0  2  1  0
4  0  0  1  0  0  0
5  0  2  0  0  0  0

S_minus:
   1  2  3  4  5  6
1  0  1  1  0  0  0
2  2  0  1  0  0  0
3  0  0  0  0  0  1
4  0  1  0  1  0  0
5  0  0  0  1  1  1

# Realization 1223
S_plus:
   1  2  3  4  5
1  0  1  0  1  0
2  0  0  0  0  1
3  1  0  0  0  1
4  0  0  2  0  0
5  0  1  0  0  0

S_minus:
   1  2  3  4  5
1  1  0  0  0  1
2  1  1  1  0  0
3  0  0  1  0  0
4  0  0  0  1  1
5  0  0  0  1  0

# Realization 1224
S_plus:
   1  2  3  4
1  1  0  0  0
2  0  0  1  0
3  1  0  0  0
4  0  1  0  1

S_minus:
   1  2  3  4
1  0  0  0  1
2  1  1  0  0
3  0  0  1  0
4  1  0  1  0

# Realization 1225
S_plus:
   1   2   3   4   5   6   7   8   9   10  11  12
1   1   0   0   0   1   0   0   0   0   1   1   0
2   0   0   0   1   0   0   0   0   0   0   0   0
3   0   1   0   0   0   1   2   0   0   0   0   1
4   1   0   1   0   0   0   0   0   0   0   0   0
5   0   1   0   1   0   0   0   0   0   0   0   0
6   0   0   0   0   0   0   0   1   1   0   1   0

S_minus:
   1   2   3   4   5   6   7   8   9   10  11  12
1   0   0   1   0   0   0   0   0   0   0   0   1
2   0   1   0   0   0   0   1   0   0   1   0   0
3   0   0   1   0   0   0   0   0   1   0   0   0
4   0   1   0   0   1   0   0   1   0   0   2   0
5   1   0   0   0   0   2   1   0   1   0   0   1
6   1   0   0   2   0   0   0   0   0   0   0   0

# Realization 1226
S_plus:
   1  2  3  4  5  6  7  8
1  1  1  0  0  0  0  1  1
2  0  0  0  1  0  0  0  0
3  0  0  1  0  0  1  0  0
4  0  0  1  1  1  0  0  0

S_minus:
   1  2  3  4  5  6  7  8
1  0  0  1  0  0  1  0  0
2  0  0  1  0  1  0  0  1
3  1  1  0  2  0  0  0  0
4  1  0  0  0  0  1  1  1

# Realization 1227
S_plus:
   1  2  3  4  5  6
1  0  0  0  0  0  1
2  0  2  0  0  1  0
3  0  0  0  2  0  0
4  1  0  1  0  0  0

S_minus:
   1  2  3  4  5  6
1  1  0  0  0  0  0
2  1  0  1  1  0  0
3  0  0  1  0  0  1
4  0  2  0  0  1  0

# Realization 1228
S_plus:
   1  2  3  4  5  6
1  0  1  1  1  0  0
2  0  0  0  0  1  0
3  2  0  0  0  0  1

S_minus:
   1  2  3  4  5  6
1  1  0  0  0  1  0
2  1  2  1  0  0  1
3  0  0  0  1  1  0

# Realization 1229
S_plus:
   1   2   3   4   5   6   7   8   9   10  11  12
1   0   0   0   1   0   0   1   0   0   0   0   1
2   0   0   0   0   0   0   0   0   0   0   1   0
3   0   0   0   0   0   0   0   1   1   1   0   0
4   0   0   0   0   1   1   0   0   0   0   0   0
5   1   0   1   0   0   0   0   0   0   0   0   0
6   1   1   0   0   0   0   0   0   0   1   1   0

S_minus:
   1   2   3   4   5   6   7   8   9   10  11  12
1   0   0   1   0   0   0   0   1   0   0   0   0
2   1   0   0   0   0   0   0   0   0   1   0   0
3   1   0   0   0   1   0   1   0   0   0   0   0
4   0   1   1   1   0   0   0   0   0   1   1   0
5   0   0   0   0   1   1   0   1   1   0   1   0
6   0   0   0   1   0   0   0   0   0   0   0   1

# Realization 1230
S_plus:
   1  2  3  4  5  6  7  8
1  1  1  0  0  1  0  0  0
2  0  0  0  0  0  1  0  0
3  0  0  1  0  0  0  2  1
4  0  0  0  2  1  0  0  0

S_minus:
   1  2  3  4  5  6  7  8
1  0  0  1  1  0  1  1  0
2  1  1  0  0  1  0  1  1
3  0  0  0  1  1  0  0  0
4  0  1  1  0  0  1  0  0

# Realization 1231
S_plus:
   1  2  3
1  0  0  1
2  1  0  0
3  0  2  0

S_minus:
   1  2  3
1  2  0  0
2  0  1  0
3  0  0  2

# Realization 1232
S_plus:
   1  2  3  4  5  6  7
1  0  0  0  0  1  0  0
2  1  0  0  0  1  1  0
3  0  0  0  0  0  0  1
4  0  1  0  0  0  0  0
5  0  0  1  0  0  0  0
6  0  0  0  1  0  0  0

S_minus:
   1  2  3  4  5  6  7
1  0  1  1  0  0  0  0
2  0  0  1  1  0  0  1
3  0  1  0  0  0  0  0
4  1  0  0  0  1  0  0
5  0  0  0  0  0  1  1
6  0  0  0  0  0  1  0

# Realization 1233
S_plus:
   1  2  3  4  5
1  0  1  0  0  0
2  1  0  1  1  0
3  0  0  1  0  1
4  0  0  0  0  1

S_minus:
   1  2  3  4  5
1  1  0  1  0  1
2  0  1  0  0  0
3  0  0  0  1  0
4  0  1  1  1  0

# Realization 1234
S_plus:
   1  2  3  4  5
1  0  0  1  2  0
2  2  0  0  0  2
3  0  1  0  0  0

S_minus:
   1  2  3  4  5
1  2  2  0  0  0
2  0  0  1  1  0
3  0  0  1  1  1

# Realization 1235
S_plus:
   1  2  3
1  0  1  0
2  2  0  0
3  0  0  1

S_minus:
   1  2  3
1  1  0  2
2  0  1  0
3  1  1  0

# Realization 1236
S_plus:
   1   2   3   4   5   6   7   8   9   10  11
1   0   0   0   0   0   0   0   0   0   0   1
2   0   0   0   1   0   1   0   2   0   0   0
3   0   1   0   0   2   1   0   0   0   1   0
4   0   0   0   0   0   0   0   0   1   0   0
5   1   1   1   0   0   0   1   0   0   0   0

S_minus:
   1   2   3   4   5   6   7   8   9   10  11
1   1   0   0   1   0   0   0   0   0   0   0
2   0   0   0   0   0   0   1   0   0   0   0
3   0   0   0   0   0   0   0   1   0   0   0
4   0   1   1   0   0   1   0   1   0   1   1
5   0   0   0   0   1   1   0   0   2   0   0

# Realization 1237
S_plus:
   1  2  3  4  5  6  7
1  0  1  1  0  0  0  1
2  2  1  0  0  0  1  0
3  0  0  0  1  1  0  1
4  0  0  0  1  0  0  0

S_minus:
   1  2  3  4  5  6  7
1  2  0  0  2  1  1  0
2  0  0  0  0  0  0  1
3  0  1  1  0  0  0  0
4  0  1  1  0  1  0  1

# Realization 1238
S_plus:
   1  2  3  4  5  6  7  8
1  0  0  0  0  1  0  0  0
2  0  1  0  0  0  0  0  0
3  0  0  0  0  0  2  1  1
4  0  0  1  0  1  0  0  0
5  1  0  0  0  0  0  0  0
6  0  0  1  1  0  0  0  0

S_minus:
   1  2  3  4  5  6  7  8
1  0  1  0  0  0  1  0  0
2  0  0  1  1  0  0  1  1
3  0  1  1  1  0  0  0  0
4  0  0  0  0  0  0  0  1
5  0  0  0  0  1  0  0  0
6  2  0  0  0  0  0  0  0

# Realization 1239
S_plus:
   1   2   3   4   5   6   7   8   9   10
1   0   0   0   2   1   0   0   1   0   0
2   0   0   0   0   0   0   0   0   0   1
3   1   0   0   0   0   0   0   0   0   0
4   0   1   0   0   0   2   0   0   0   0
5   1   0   1   0   1   0   1   0   2   0

S_minus:
   1   2   3   4   5   6   7   8   9   10
1   0   0   1   0   0   0   0   0   1   0
2   1   0   0   2   0   1   1   0   1   0
3   0   0   0   0   1   0   0   1   0   0
4   1   0   1   0   1   0   1   1   0   1
5   0   1   0   0   0   1   0   0   0   1

# Realization 1240
S_plus:
   1  2  3  4  5  6  7  8  9
1  0  0  0  0  0  1  1  0  0
2  0  0  0  0  0  0  0  1  0
3  0  0  0  1  0  1  0  0  0
4  1  0  0  0  1  0  0  0  0
5  1  0  0  0  0  0  0  0  0
6  0  1  1  0  0  0  0  0  1
7  0  0  0  0  0  0  1  0  0

S_minus:
   1  2  3  4  5  6  7  8  9
1  0  1  0  0  0  0  0  0  0
2  1  0  0  0  0  0  0  0  0
3  1  0  0  0  0  0  1  0  1
4  0  0  0  0  0  1  0  1  0
5  0  0  0  1  0  1  0  0  0
6  0  0  0  0  1  0  0  1  0
7  0  0  2  0  1  0  0  0  0

# Realization 1241
S_plus:
   1  2  3
1  1  0  0
2  0  2  0
3  0  0  1

S_minus:
   1  2  3
1  0  1  0
2  0  0  1
3  2  1  0

# Realization 1242
S_plus:
   1  2  3  4  5  6
1  1  1  0  0  1  0
2  0  0  0  2  0  0
3  1  0  1  0  0  1
4  0  0  1  0  0  0

S_minus:
   1  2  3  4  5  6
1  0  0  2  0  0  1
2  1  1  0  0  2  0
3  0  1  0  0  0  0
4  1  0  0  1  0  0

# Realization 1243
S_plus:
   1   2   3   4   5   6   7   8   9   10  11
1   0   1   0   0   0   0   0   0   0   0   0
2   0   0   0   0   0   0   1   1   0   0   0
3   0   0   0   0   0   1   0   0   0   0   1
4   0   0   0   0   0   0   0   0   0   1   0
5   1   0   0   1   0   1   0   0   1   0   0
6   0   0   1   0   1   0   1   0   0   0   0

S_minus:
   1   2   3   4   5   6   7   8   9   10  11
1   0   0   0   0   0   1   1   0   1   0   0
2   0   0   0   0   0   0   0   0   0   1   0
3   2   0   0   0   1   0   0   1   0   1   0
4   0   0   0   2   0   0   0   0   1   0   0
5   0   2   1   0   1   0   0   1   0   0   0
6   0   0   0   0   0   1   0   0   0   0   1

# Realization 1244
S_plus:
   1  2  3  4  5  6
1  0  0  1  0  0  0
2  1  0  0  1  0  0
3  0  0  0  0  1  2
4  0  2  0  1  0  0

S_minus:
   1  2  3  4  5  6
1  1  0  0  1  1  1
2  0  1  2  0  0  0
3  0  1  0  1  0  0
4  1  0  0  0  0  1

# Realization 1245
S_plus:
   1  2  3  4  5  6  7  8
1  0  0  1  0  0  0  0  0
2  1  0  0  0  1  0  0  0
3  0  0  0  0  0  0  0  1
4  0  0  1  0  0  0  1  0
5  0  0  0  0  0  1  0  0
6  0  1  0  1  0  0  0  0
7  0  0  0  0  0  0  1  0

S_minus:
   1  2  3  4  5  6  7  8
1  0  0  0  0  0  1  0  0
2  0  0  0  0  0  0  0  1
3  1  1  0  1  0  0  0  0
4  1  0  0  1  0  0  0  0
5  0  0  1  0  0  0  1  1
6  0  0  0  0  1  0  0  0
7  0  1  1  0  0  0  0  0

# Realization 1246
S_plus:
   1  2  3  4
1  1  0  0  2
2  0  0  1  0
3  0  1  0  0

S_minus:
   1  2  3  4
1  0  0  1  0
2  1  2  0  1
3  1  0  0  1

# Realization 1247
S_plus:
   1   2   3   4   5   6   7   8   9   10  11  12
1   0   0   0   0   0   2   0   1   0   1   0   0
2   1   0   0   0   0   0   0   0   0   0   0   1
3   0   0   0   0   1   0   1   0   0   0   1   0
4   0   0   0   0   0   0   1   0   1   0   1   0
5   0   0   0   0   1   0   0   0   0   0   0   0
6   0   0   0   0   0   0   0   1   0   0   0   0
7   0   1   1   0   0   0   0   0   0   0   0   0
8   0   0   0   0   0   0   0   0   0   1   0   0
9   0   0   0   1   0   0   0   0   0   0   0   0

S_minus:
   1   2   3   4   5   6   7   8   9   10  11  12
1   0   0   0   0   0   0   0   0   0   0   1   0
2   0   0   1   1   0   1   0   0   0   1   0   0
3   0   0   0   0   0   0   0   1   0   0   0   0
4   1   0   0   0   0   0   0   0   0   0   0   1
5   0   0   0   0   0   0   1   0   0   0   1   0
6   0   0   1   0   0   1   0   0   2   0   0   0
7   1   0   0   0   1   0   0   0   0   0   0   0
8   0   1   0   0   0   0   0   1   0   0   0   0
9   0   0   0   0   0   0   1   0   0   1   0   1

# Realization 1248
S_plus:
   1  2  3
1  1  0  0
2  0  1  0
3  0  0  1

S_minus:
   1  2  3
1  0  1  0
2  1  0  1
3  1  0  0

# Realization 1249
S_plus:
   1  2  3  4  5  6  7  8
1  0  0  1  0  0  0  0  0
2  0  0  0  1  0  0  0  0
3  0  0  1  0  1  1  0  1
4  0  0  0  1  0  1  0  0
5  1  1  0  0  0  0  1  0
6  0  0  0  0  1  0  0  0

S_minus:
   1  2  3  4  5  6  7  8
1  0  1  0  0  0  0  1  1
2  0  0  0  0  0  1  0  1
3  0  0  0  1  0  0  0  0
4  2  1  2  0  1  0  0  0
5  0  0  0  1  0  0  0  0
6  0  0  0  0  0  1  0  0

# Realization 1250
S_plus:
   1  2  3  4  5  6  7  8
1  0  0  0  0  0  1  1  0
2  1  1  0  0  0  0  1  0
3  0  0  0  1  1  0  0  2
4  0  0  1  0  0  0  0  0
5  1  0  0  1  0  1  0  0

S_minus:
   1  2  3  4  5  6  7  8
1  0  1  0  0  0  0  0  1
2  0  0  0  0  1  0  0  0
3  1  0  2  0  0  1  0  0
4  1  0  0  1  1  1  1  0
5  0  1  0  0  0  0  1  1

# Realization 1251
S_plus:
   1  2  3  4  5  6  7
1  0  0  0  1  0  1  0
2  0  1  1  0  0  0  0
3  0  0  0  0  1  1  0
4  1  0  0  0  0  0  1
5  0  0  0  1  0  0  0

S_minus:
   1  2  3  4  5  6  7
1  0  1  1  0  0  0  0
2  0  0  0  0  0  0  1
3  0  0  1  1  0  0  0
4  0  0  0  1  1  2  0
5  1  1  0  0  0  0  0

# Realization 1252
S_plus:
   1  2  3  4
1  0  0  1  1
2  0  1  0  0
3  1  0  0  0

S_minus:
   1  2  3  4
1  2  1  0  0
2  0  0  1  0
3  0  0  1  1

# Realization 1253
S_plus:
   1  2  3  4  5  6  7  8  9
1  0  1  0  0  0  0  0  0  0
2  1  0  0  0  0  0  0  0  0
3  0  0  0  1  1  0  0  0  0
4  0  0  0  0  1  0  0  0  1
5  0  0  0  0  0  1  1  1  0
6  1  0  1  0  0  0  0  0  0
7  0  0  0  0  0  0  1  0  0

S_minus:
   1  2  3  4  5  6  7  8  9
1  0  0  0  1  0  0  0  0  0
2  0  0  1  0  0  0  1  1  0
3  1  0  0  0  0  1  0  1  2
4  0  0  0  1  0  0  0  0  0
5  1  0  0  0  1  0  0  0  0
6  0  0  0  0  0  1  0  0  0
7  0  2  0  0  1  0  0  0  0

# Realization 1254
S_plus:
   1  2  3  4
1  0  0  2  1
2  0  0  0  1
3  0  1  0  0
4  1  0  0  0

S_minus:
   1  2  3  4
1  1  1  0  0
2  1  0  1  0
3  0  0  0  2
4  0  0  1  0

# Realization 1255
S_plus:
   1  2  3  4  5  6  7  8  9
1  0  1  1  0  0  0  1  1  0
2  0  0  0  0  0  2  1  0  0
3  0  1  0  1  1  0  0  1  0
4  1  0  0  0  0  0  0  0  0
5  0  0  0  1  0  0  0  0  1

S_minus:
   1  2  3  4  5  6  7  8  9
1  1  0  0  0  0  1  0  0  1
2  0  0  0  0  1  0  0  1  0
3  0  0  1  0  0  0  0  0  0
4  0  1  0  1  0  0  1  1  1
5  1  0  1  0  0  0  1  0  0

# Realization 1256
S_plus:
   1  2  3  4  5  6  7
1  0  0  1  1  1  0  1
2  1  0  1  0  0  0  1
3  1  0  0  0  0  0  0
4  0  0  0  0  0  1  0
5  0  2  0  0  0  0  0

S_minus:
   1  2  3  4  5  6  7
1  0  1  0  0  0  1  0
2  0  0  0  2  0  1  0
3  0  0  0  0  2  0  1
4  1  1  1  0  0  0  0
5  1  0  1  0  0  0  0

# Realization 1257
S_plus:
   1  2  3  4  5
1  0  0  1  1  0
2  0  1  0  0  0
3  1  0  0  0  0
4  1  0  0  0  1

S_minus:
   1  2  3  4  5
1  0  2  0  0  0
2  1  0  0  0  1
3  0  0  1  2  0
4  0  0  1  0  0

# Realization 1258
S_plus:
   1   2   3   4   5   6   7   8   9   10  11
1   0   1   0   0   0   0   0   0   1   0   0
2   0   0   1   0   0   0   0   0   0   0   0
3   0   0   1   0   0   0   0   0   0   1   1
4   0   1   0   0   1   1   1   1   0   0   0
5   0   0   0   1   0   0   0   1   0   0   0
6   0   0   0   0   0   0   0   0   0   0   1
7   1   0   0   1   1   0   0   0   0   0   0

S_minus:
   1   2   3   4   5   6   7   8   9   10  11
1   0   0   1   0   0   0   0   0   0   1   0
2   1   1   0   1   1   0   1   1   0   0   1
3   0   0   0   0   0   0   1   0   0   0   0
4   0   0   0   0   0   0   0   0   0   0   1
5   0   0   1   0   1   0   0   0   0   1   0
6   0   0   0   0   0   0   0   0   1   0   0
7   0   0   0   0   0   1   0   1   1   0   0

# Realization 1259
S_plus:
   1  2  3  4  5  6  7  8
1  1  0  0  0  0  0  0  0
2  0  0  0  1  0  0  0  0
3  0  0  1  0  0  0  0  1
4  0  0  0  0  0  1  0  0
5  0  0  0  1  0  1  1  0
6  0  1  0  0  1  0  0  0

S_minus:
   1  2  3  4  5  6  7  8
1  0  0  1  0  1  0  1  0
2  0  0  1  0  1  1  0  0
3  0  0  0  1  0  0  0  0
4  1  1  0  0  0  0  0  1
5  0  1  0  0  0  0  0  1
6  0  0  0  1  0  0  0  0

# Realization 1260
S_plus:
   1   2   3   4   5   6   7   8   9   10  11
1   0   0   1   0   0   0   0   2   0   0   0
2   0   1   0   1   0   0   0   0   0   0   0
3   0   0   0   0   1   0   1   0   0   1   1
4   0   0   1   0   0   0   0   0   1   0   0
5   0   1   0   0   0   0   0   0   0   1   0
6   1   0   0   0   1   0   0   0   0   0   1
7   0   0   0   1   0   1   0   0   0   0   0

S_minus:
   1   2   3   4   5   6   7   8   9   10  11
1   0   0   0   0   0   0   0   0   1   0   0
2   0   0   0   0   1   0   0   0   0   1   0
3   0   1   0   0   0   0   0   1   0   0   0
4   0   1   0   2   1   1   1   0   0   1   0
5   1   0   0   0   0   0   0   0   1   0   1
6   0   0   1   0   0   0   0   0   0   0   0
7   0   0   1   0   0   0   0   0   0   0   0

# Realization 1261
S_plus:
   1  2  3  4  5  6  7  8  9
1  0  0  2  1  0  1  1  0  2
2  0  0  0  0  1  1  0  0  0
3  1  0  0  0  0  0  0  0  0
4  0  1  0  1  0  0  1  1  0

S_minus:
   1  2  3  4  5  6  7  8  9
1  0  1  0  0  0  0  0  0  0
2  0  0  1  0  0  0  1  1  1
3  0  1  0  2  1  1  1  0  1
4  2  0  1  0  0  1  0  0  0

# Realization 1262
S_plus:
   1  2  3  4  5
1  1  1  0  0  0
2  0  0  0  1  0
3  0  0  0  0  1
4  1  0  1  0  0
5  0  0  1  0  1

S_minus:
   1  2  3  4  5
1  0  0  1  0  1
2  1  1  0  0  0
3  0  0  1  1  0
4  0  0  0  1  1
5  1  0  0  0  0

# Realization 1263
S_plus:
   1  2  3  4  5  6  7  8  9
1  0  0  0  0  1  0  0  0  1
2  0  1  0  0  0  0  0  0  0
3  1  0  0  0  1  0  0  0  0
4  1  0  0  0  0  0  0  0  0
5  0  0  0  0  0  0  1  0  0
6  0  0  1  1  0  1  0  1  1

S_minus:
   1  2  3  4  5  6  7  8  9
1  0  1  1  0  0  0  1  0  0
2  0  0  0  0  1  0  0  0  1
3  0  0  0  0  0  1  0  0  0
4  0  0  0  0  1  1  0  1  0
5  0  0  0  1  0  0  0  0  1
6  2  0  0  0  0  0  0  0  0

# Realization 1264
S_plus:
   1  2  3  4  5  6  7
1  0  0  0  1  0  0  0
2  0  0  0  0  0  1  2
3  1  1  1  0  0  1  0
4  0  0  0  0  1  0  0

S_minus:
   1  2  3  4  5  6  7
1  0  1  1  0  1  1  1
2  2  1  0  0  0  0  0
3  0  0  0  1  1  0  0
4  0  0  0  1  0  1  1

# Realization 1265
S_plus:
   1  2  3
1  0  1  0
2  0  0  2
3  1  0  0

S_minus:
   1  2  3
1  0  0  1
2  2  1  0
3  0  1  1

# Realization 1266
S_plus:
   1  2  3  4
1  0  0  1  0
2  0  1  0  0
3  2  0  0  2

S_minus:
   1  2  3  4
1  1  1  0  0
2  1  0  0  2
3  0  1  1  0

# Realization 1267
S_plus:
   1  2  3  4  5
1  0  2  1  0  0
2  1  0  0  1  0
3  0  0  1  0  0
4  0  0  0  0  2

S_minus:
   1  2  3  4  5
1  1  0  0  0  0
2  0  2  1  0  1
3  1  0  0  1  1
4  0  0  1  0  0

# Realization 1268
S_plus:
   1  2  3  4  5  6
1  0  0  0  0  0  1
2  1  1  0  1  0  1
3  1  0  0  0  0  0
4  0  0  1  0  1  0

S_minus:
   1  2  3  4  5  6
1  1  0  1  1  0  0
2  0  0  1  0  1  0
3  0  1  0  0  1  1
4  0  0  0  0  0  1

# Realization 1269
S_plus:
   1  2  3  4  5  6  7
1  0  0  1  0  0  0  0
2  0  0  0  0  1  0  0
3  0  0  0  0  0  2  0
4  2  1  0  1  0  0  0
5  0  0  1  1  1  0  2

S_minus:
   1  2  3  4  5  6  7
1  1  1  0  0  1  1  1
2  0  0  1  1  0  0  0
3  0  0  0  1  0  0  0
4  0  0  0  0  1  0  1
5  1  1  0  0  0  0  0

# Realization 1270
S_plus:
   1  2  3  4  5  6
1  1  0  1  1  2  0
2  0  1  1  0  0  0
3  0  0  0  0  0  1

S_minus:
   1  2  3  4  5  6
1  0  1  0  0  0  1
2  1  0  0  0  1  1
3  0  1  2  2  0  0

# Realization 1271
S_plus:
   1   2   3   4   5   6   7   8   9   10  11
1   0   0   0   0   0   0   1   0   0   1   0
2   0   0   1   0   0   0   0   1   0   0   0
3   1   0   0   0   1   0   0   0   0   0   0
4   0   0   1   1   0   1   1   0   0   0   0
5   0   1   0   1   0   0   0   0   1   0   1

S_minus:
   1   2   3   4   5   6   7   8   9   10  11
1   1   2   0   2   0   2   0   0   1   0   1
2   0   0   0   0   1   0   0   0   0   1   0
3   0   0   1   0   0   0   1   0   0   1   0
4   1   0   0   0   0   0   0   1   0   0   1
5   0   0   1   0   1   0   1   1   0   0   0

# Realization 1272
S_plus:
   1   2   3   4   5   6   7   8   9   10
1   0   0   0   0   0   0   0   0   0   1
2   0   0   2   1   0   0   0   1   0   0
3   0   0   0   0   0   1   0   0   0   0
4   1   0   0   0   1   0   0   0   1   0
5   0   1   0   0   0   0   1   1   0   0
6   0   0   0   0   0   0   1   0   0   0

S_minus:
   1   2   3   4   5   6   7   8   9   10
1   0   0   1   0   0   0   0   1   0   0
2   0   0   0   0   0   1   1   0   1   0
3   0   0   0   0   1   0   1   0   0   0
4   0   1   0   0   0   0   0   0   0   1
5   1   0   0   0   1   1   0   0   1   0
6   1   1   0   2   0   0   0   1   0   0

# Realization 1273
S_plus:
   1  2  3  4  5  6  7  8  9
1  0  0  1  0  0  0  0  0  0
2  0  1  1  1  0  0  2  0  0
3  1  0  0  0  0  0  0  0  1
4  0  0  0  1  1  1  0  1  0

S_minus:
   1  2  3  4  5  6  7  8  9
1  0  0  0  1  1  1  1  0  2
2  1  0  0  0  0  0  0  0  0
3  0  0  1  0  1  0  0  2  0
4  1  1  1  0  0  0  1  0  0

# Realization 1274
S_plus:
   1   2   3   4   5   6   7   8   9   10  11  12
1   1   0   0   0   0   0   0   1   0   0   0   0
2   0   0   0   0   0   1   1   0   1   0   0   0
3   0   0   1   0   1   0   0   0   1   0   1   0
4   0   1   0   0   0   0   1   0   0   0   1   1
5   0   0   0   1   0   0   0   0   0   1   0   0
6   0   0   0   0   0   0   0   1   0   0   0   0

S_minus:
   1   2   3   4   5   6   7   8   9   10  11  12
1   0   0   0   0   0   0   1   0   1   0   0   0
2   0   0   0   1   0   0   0   1   0   0   1   0
3   0   0   0   0   0   1   0   0   0   0   0   1
4   0   0   2   0   1   0   0   0   0   0   0   0
5   1   1   0   0   0   1   0   1   1   0   0   1
6   1   0   0   0   1   0   1   0   0   1   0   0

# Realization 1275
S_plus:
   1   2   3   4   5   6   7   8   9   10  11  12
1   0   0   0   0   0   0   1   1   0   0   1   0
2   0   0   1   0   1   0   1   0   0   0   0   1
3   0   0   0   0   1   0   0   0   0   0   0   0
4   1   1   0   0   0   0   0   0   0   2   1   0
5   0   0   1   1   0   0   0   0   0   0   0   0
6   0   0   0   0   0   1   0   1   1   0   0   0

S_minus:
   1   2   3   4   5   6   7   8   9   10  11  12
1   0   0   1   0   0   0   0   0   0   0   0   0
2   0   0   0   1   0   1   0   1   0   0   1   0
3   1   1   1   0   0   1   1   1   0   1   1   0
4   0   0   0   0   0   0   1   0   0   0   0   1
5   0   0   0   0   0   0   0   0   2   0   0   0
6   1   0   0   0   2   0   0   0   0   1   0   0

# Realization 1276
S_plus:
   1   2   3   4   5   6   7   8   9   10
1   1   0   0   0   0   0   0   0   0   0
2   0   1   0   0   0   0   0   0   0   0
3   0   0   0   0   0   0   1   0   0   0
4   0   0   0   0   0   1   0   0   0   0
5   0   0   1   1   0   0   0   0   0   0
6   0   0   0   0   1   0   0   0   0   0
7   1   0   1   0   0   0   0   2   1   1

S_minus:
   1   2   3   4   5   6   7   8   9   10
1   0   1   0   0   1   0   0   0   1   0
2   0   0   0   0   1   0   1   0   0   1
3   0   0   0   0   0   1   0   1   0   0
4   0   0   1   1   0   0   0   0   0   0
5   1   0   0   0   0   0   0   0   1   1
6   0   1   0   0   0   0   0   1   0   0
7   0   0   0   1   0   0   0   0   0   0

# Realization 1277
S_plus:
   1  2  3  4  5  6  7
1  0  1  0  0  0  0  0
2  0  0  1  1  0  0  0
3  1  0  1  0  0  0  0
4  0  0  0  0  1  1  0
5  0  0  0  0  0  0  1

S_minus:
   1  2  3  4  5  6  7
1  1  0  1  1  1  0  0
2  0  1  0  0  0  0  0
3  0  0  0  0  0  0  1
4  0  1  0  0  0  0  1
5  0  0  1  0  0  2  0

# Realization 1278
S_plus:
   1   2   3   4   5   6   7   8   9   10  11  12
1   0   0   0   0   0   0   0   0   0   0   0   1
2   0   0   0   0   0   0   0   0   0   0   1   0
3   1   0   0   0   0   0   0   0   2   0   0   0
4   0   0   1   1   0   0   0   0   0   0   1   0
5   0   0   1   0   0   1   1   1   0   0   0   0
6   0   1   0   0   0   0   0   1   0   0   0   0
7   0   0   0   0   1   1   0   0   0   1   0   0

S_minus:
   1   2   3   4   5   6   7   8   9   10  11  12
1   0   1   0   1   0   0   0   1   1   0   1   0
2   0   0   0   1   0   0   0   0   0   0   0   2
3   0   0   1   0   0   0   0   0   0   0   0   0
4   1   0   0   0   1   1   2   0   0   0   0   0
5   0   0   0   0   0   0   0   0   0   1   0   0
6   0   0   1   0   1   0   0   0   0   0   0   0
7   0   1   0   0   0   0   0   0   1   0   0   0

# Realization 1279
S_plus:
   1  2  3  4  5  6
1  0  1  0  0  0  0
2  0  0  1  0  1  0
3  0  0  1  1  0  0
4  0  0  0  0  0  1
5  1  0  0  0  0  1

S_minus:
   1  2  3  4  5  6
1  1  0  1  1  1  1
2  1  0  0  1  0  0
3  0  0  0  0  1  0
4  0  0  1  0  0  0
5  0  2  0  0  0  0

# Realization 1280
S_plus:
   1  2  3  4
1  0  1  0  0
2  1  1  0  0
3  0  0  1  1

S_minus:
   1  2  3  4
1  2  0  2  0
2  0  0  0  2
3  0  2  0  0

# Realization 1281
S_plus:
   1   2   3   4   5   6   7   8   9   10  11
1   0   1   0   0   0   0   1   0   0   0   1
2   0   0   1   1   2   0   0   0   2   1   0
3   1   1   0   0   0   0   0   0   0   1   1
4   0   0   0   0   0   0   0   1   0   0   0
5   0   0   0   0   0   1   0   0   0   0   0

S_minus:
   1   2   3   4   5   6   7   8   9   10  11
1   1   0   0   0   0   0   0   0   0   0   0
2   0   0   0   0   0   0   0   1   0   0   1
3   0   0   1   0   1   0   0   0   0   0   0
4   0   1   0   2   0   1   1   0   0   0   1
5   0   0   0   0   1   0   0   1   1   1   0

# Realization 1282
S_plus:
   1   2   3   4   5   6   7   8   9   10
1   0   0   1   0   1   0   0   0   0   0
2   1   0   0   0   0   0   1   0   0   0
3   0   0   0   0   0   1   0   0   0   0
4   0   0   0   1   0   0   0   0   0   0
5   1   0   0   0   0   0   0   0   0   1
6   0   0   0   0   0   0   0   0   0   1
7   0   0   1   0   0   0   0   1   1   0
8   0   1   0   0   0   0   0   0   0   0

S_minus:
   1   2   3   4   5   6   7   8   9   10
1   0   0   0   0   0   0   0   1   0   0
2   0   0   2   0   0   0   0   0   0   0
3   1   0   0   0   0   0   0   0   0   1
4   0   0   0   0   0   1   0   0   0   0
5   0   0   0   2   0   0   0   0   0   0
6   0   1   0   0   1   1   1   0   0   0
7   0   0   0   0   0   0   1   0   0   0
8   0   0   0   0   0   0   0   0   1   0

# Realization 1283
S_plus:
   1   2   3   4   5   6   7   8   9   10
1   0   1   1   0   1   1   1   1   0   2
2   0   0   0   1   1   0   0   0   1   0
3   0   0   0   0   0   0   1   0   0   0
4   2   0   0   0   0   1   0   0   1   0

S_minus:
   1   2   3   4   5   6   7   8   9   10
1   1   0   0   0   0   0   0   0   0   0
2   0   0   0   0   0   1   1   0   0   1
3   1   2   1   1   1   0   0   0   2   0
4   0   0   0   0   1   0   1   2   0   1

# Realization 1284
S_plus:
   1  2  3  4  5
1  1  0  0  0  1
2  0  0  0  0  1
3  0  1  0  0  0
4  0  1  0  1  0
5  0  0  1  0  0
6  0  0  0  1  0

S_minus:
   1  2  3  4  5
1  0  1  0  0  0
2  0  0  1  0  0
3  0  0  0  0  2
4  1  0  1  0  0
5  0  0  0  1  0
6  0  1  0  0  0

# Realization 1285
S_plus:
   1   2   3   4   5   6   7   8   9   10  11
1   0   0   1   0   0   0   0   0   1   2   1
2   0   0   0   1   1   1   0   1   0   0   0
3   0   1   0   0   0   0   0   0   0   0   0
4   0   0   0   1   0   0   0   0   0   0   0
5   0   0   0   0   0   0   1   0   0   0   0
6   1   0   0   0   0   0   0   0   1   0   0

S_minus:
   1   2   3   4   5   6   7   8   9   10  11
1   0   0   0   1   0   1   0   1   0   0   0
2   1   0   0   0   0   0   0   0   0   0   0
3   0   0   1   1   0   0   1   0   0   1   0
4   0   1   1   0   1   0   0   0   1   0   1
5   0   0   0   0   1   1   0   0   1   1   1
6   0   1   0   0   0   0   0   0   0   0   0

# Realization 1286
S_plus:
   1   2   3   4   5   6   7   8   9   10
1   1   0   0   0   0   0   0   0   1   0
2   0   0   0   0   1   0   1   0   0   0
3   0   0   0   1   0   0   0   1   0   1
4   1   0   0   0   0   0   0   0   0   0
5   0   2   0   1   0   1   0   0   0   0
6   0   0   1   0   0   1   0   0   0   0

S_minus:
   1   2   3   4   5   6   7   8   9   10
1   0   0   0   1   0   1   0   0   0   0
2   2   0   1   0   0   0   0   0   0   1
3   0   0   0   0   1   0   0   0   0   0
4   0   0   0   0   0   0   1   1   2   0
5   0   0   1   0   0   0   0   1   0   0
6   0   1   0   1   0   0   0   0   0   1

# Realization 1287
S_plus:
   1  2  3  4  5
1  2  0  0  0  0
2  0  0  1  0  0
3  0  0  0  0  1
4  0  1  0  1  0

S_minus:
   1  2  3  4  5
1  0  0  0  1  0
2  0  1  0  0  1
3  1  1  1  0  0
4  1  0  1  0  1

# Realization 1288
S_plus:
   1  2  3  4
1  0  0  1  1
2  0  0  1  0
3  1  1  0  0

S_minus:
   1  2  3  4
1  0  1  0  0
2  1  1  0  1
3  0  0  2  1

# Realization 1289
S_plus:
   1  2  3  4
1  1  0  2  1
2  0  1  0  0
3  0  0  0  1

S_minus:
   1  2  3  4
1  0  1  0  0
2  1  0  0  2
3  1  1  2  0

# Realization 1290
S_plus:
   1   2   3   4   5   6   7   8   9   10
1   0   0   0   1   0   1   0   0   2   0
2   0   0   1   0   0   0   0   0   0   0
3   0   0   0   0   0   0   1   0   0   0
4   0   0   0   0   1   0   0   0   0   0
5   2   2   0   0   1   1   0   0   0   1
6   0   0   0   0   0   0   0   1   0   0
7   0   0   0   0   0   0   1   0   0   0

S_minus:
   1   2   3   4   5   6   7   8   9   10
1   0   0   0   0   0   0   1   0   0   1
2   1   1   0   1   1   0   1   0   0   0
3   0   0   1   0   0   0   0   0   0   0
4   0   1   1   1   0   1   0   0   0   0
5   0   0   0   0   0   0   0   1   0   0
6   0   0   0   0   1   0   0   0   0   0
7   0   0   0   0   0   0   0   1   1   1

# Realization 1291
S_plus:
   1   2   3   4   5   6   7   8   9   10
1   0   1   0   0   0   0   1   0   0   0
2   0   0   0   1   0   0   0   0   0   0
3   0   0   0   0   1   0   0   0   0   1
4   0   0   0   0   0   0   0   2   1   0
5   1   0   0   0   0   1   0   0   0   0
6   0   0   1   0   0   1   0   0   1   0

S_minus:
   1   2   3   4   5   6   7   8   9   10
1   0   0   0   1   0   0   0   0   1   0
2   1   0   1   0   1   1   1   0   0   1
3   0   0   1   0   0   0   1   0   0   0
4   1   2   0   0   0   0   0   0   0   0
5   0   0   0   0   1   0   0   0   1   0
6   0   0   0   1   0   0   0   1   0   1

# Realization 1292
S_plus:
   1  2  3  4  5  6  7
1  0  0  0  0  1  0  0
2  1  1  0  0  1  0  0
3  0  1  0  0  0  0  0
4  0  0  2  0  0  1  1
5  0  0  0  1  0  0  1

S_minus:
   1  2  3  4  5  6  7
1  0  1  0  0  0  0  0
2  0  0  1  1  0  1  0
3  0  0  1  0  1  0  1
4  0  0  0  1  0  0  0
5  1  0  0  0  1  1  0

# Realization 1293
S_plus:
   1  2  3  4  5  6
1  1  0  0  1  0  2
2  0  1  0  0  1  0
3  0  0  1  0  0  0

S_minus:
   1  2  3  4  5  6
1  0  0  1  0  1  0
2  1  0  1  1  0  1
3  1  1  0  0  1  1

# Realization 1294
S_plus:
   1  2  3  4  5  6  7
1  0  0  0  0  0  1  1
2  0  0  2  0  0  0  0
3  0  1  0  1  2  0  0
4  1  0  0  0  0  1  0
5  1  0  0  0  0  0  0

S_minus:
   1  2  3  4  5  6  7
1  1  0  2  0  0  0  0
2  0  1  0  0  1  2  0
3  0  0  0  0  0  0  1
4  0  1  0  2  0  0  1
5  0  0  0  0  1  0  0

# Realization 1295
S_plus:
   1  2  3  4  5  6  7
1  0  0  0  0  0  1  0
2  0  0  1  0  0  0  0
3  0  0  1  0  0  0  0
4  0  0  0  1  0  0  0
5  0  1  0  0  1  0  1
6  1  0  0  0  1  0  0

S_minus:
   1  2  3  4  5  6  7
1  0  1  1  0  0  0  1
2  1  0  0  1  0  0  0
3  0  1  0  0  0  1  0
4  0  0  0  0  2  0  0
5  0  0  1  0  0  0  0
6  0  0  0  0  0  0  1

# Realization 1296
S_plus:
   1  2  3  4  5  6  7  8  9
1  1  0  1  0  0  0  0  0  0
2  0  1  0  0  1  0  0  1  0
3  0  0  0  0  1  0  0  0  0
4  0  0  0  0  0  0  1  0  1
5  0  0  0  1  0  1  0  0  0

S_minus:
   1  2  3  4  5  6  7  8  9
1  0  1  0  1  1  2  0  0  0
2  0  0  1  0  0  0  1  0  0
3  0  1  0  0  0  0  0  0  1
4  0  0  1  1  1  0  0  0  0
5  1  0  0  0  0  0  1  1  0

# Realization 1297
S_plus:
   1   2   3   4   5   6   7   8   9   10  11
1   1   1   2   0   0   0   1   0   0   0   0
2   1   0   0   2   0   0   0   1   0   0   1
3   0   0   0   0   0   1   0   0   0   0   0
4   0   0   0   0   1   0   0   1   1   1   0

S_minus:
   1   2   3   4   5   6   7   8   9   10  11
1   0   0   0   0   1   0   0   0   0   0   0
2   0   1   1   0   1   0   0   0   2   1   0
3   1   0   0   1   0   0   0   2   0   0   1
4   0   0   0   1   0   2   1   0   0   0   1

# Realization 1298
S_plus:
   1   2   3   4   5   6   7   8   9   10  11  12
1   0   0   0   1   1   0   0   0   0   0   0   0
2   0   0   0   0   0   0   0   1   0   0   0   1
3   0   0   0   0   0   0   0   0   1   0   1   0
4   0   1   0   0   0   0   1   0   0   0   0   0
5   0   0   0   0   1   0   0   0   0   0   0   0
6   0   0   0   0   0   1   0   0   0   0   0   0
7   0   0   0   0   0   0   0   0   0   1   0   0
8   1   0   1   0   0   0   1   0   0   1   0   0

S_minus:
   1   2   3   4   5   6   7   8   9   10  11  12
1   0   1   0   0   0   0   0   0   0   1   1   0
2   0   0   0   0   0   0   1   0   0   0   0   0
3   1   0   0   0   0   0   0   0   0   0   0   0
4   0   0   1   0   0   0   0   0   1   1   0   0
5   0   0   0   0   0   1   0   0   0   0   0   0
6   0   1   0   1   1   0   0   1   0   0   0   0
7   1   0   0   0   1   0   0   0   0   0   0   1
8   0   0   0   0   0   0   0   1   0   0   1   0

# Realization 1299
S_plus:
   1  2  3  4  5  6
1  0  0  0  0  1  0
2  0  0  2  0  0  1
3  1  0  0  0  0  0
4  1  0  0  0  0  0
5  0  2  0  1  0  1

S_minus:
   1  2  3  4  5  6
1  0  1  0  0  0  1
2  1  0  0  1  1  0
3  0  1  0  0  0  0
4  0  0  1  0  1  1
5  1  0  1  0  0  0

# Realization 1300
S_plus:
   1  2  3  4  5  6  7
1  0  2  0  1  1  2  0
2  0  0  1  0  0  0  0
3  1  0  0  0  0  0  1

S_minus:
   1  2  3  4  5  6  7
1  0  0  1  0  0  0  2
2  1  1  0  1  2  1  0
3  0  1  1  1  0  0  0

# Realization 1301
S_plus:
   1  2  3  4  5  6
1  0  0  1  0  1  0
2  0  0  0  0  0  2
3  0  0  0  1  0  0
4  1  1  0  0  0  0

S_minus:
   1  2  3  4  5  6
1  2  0  0  0  0  0
2  0  0  0  1  0  0
3  0  1  0  0  1  2
4  0  0  2  1  0  0

# Realization 1302
S_plus:
    1   2   3   4   5   6   7   8   9   10
1    1   0   0   0   0   0   0   0   0   0
2    0   0   0   0   0   1   0   0   0   0
3    0   0   0   0   0   0   1   0   0   0
4    0   1   0   0   0   0   0   0   0   0
5    0   0   0   1   0   0   0   0   0   0
6    0   1   0   0   0   0   0   0   0   0
7    0   0   0   0   0   0   0   1   0   0
8    0   0   0   0   0   0   0   0   1   0
9    0   0   0   0   0   1   0   0   0   1
10   0   0   1   0   1   0   0   0   0   0

S_minus:
    1   2   3   4   5   6   7   8   9   10
1    0   0   0   0   1   0   0   0   0   0
2    1   0   0   0   0   0   0   0   0   0
3    0   0   1   0   0   0   0   0   0   0
4    1   0   0   0   0   0   1   0   0   1
5    0   0   0   0   0   1   1   0   0   0
6    0   0   1   0   0   0   0   0   1   0
7    0   0   0   0   0   1   0   0   0   0
8    0   0   0   0   1   0   0   1   0   0
9    0   2   0   1   0   0   0   0   0   0
10   0   0   0   1   0   0   0   0   0   0

# Realization 1303
S_plus:
   1  2  3
1  0  1  0
2  0  0  2
3  1  0  0

S_minus:
   1  2  3
1  2  0  1
2  0  1  0
3  0  0  1

# Realization 1304
S_plus:
   1  2  3  4  5  6
1  0  0  0  0  1  0
2  0  0  1  0  0  0
3  1  1  1  0  0  2
4  0  0  0  2  0  0

S_minus:
   1  2  3  4  5  6
1  1  0  1  2  0  0
2  0  0  0  0  0  1
3  0  0  0  0  1  0
4  1  1  1  0  1  0

# Realization 1305
S_plus:
   1  2  3  4  5  6  7
1  0  0  1  0  0  0  1
2  1  1  0  1  0  0  0
3  0  0  0  0  1  0  0
4  0  1  1  0  0  1  1

S_minus:
   1  2  3  4  5  6  7
1  2  0  0  0  2  0  0
2  0  0  0  0  0  1  1
3  0  1  2  1  0  0  0
4  0  0  0  1  0  0  0

# Realization 1306
S_plus:
   1   2   3   4   5   6   7   8   9   10
1   1   0   0   1   0   1   0   0   0   0
2   0   0   1   0   0   0   0   2   0   1
3   1   0   1   0   1   1   1   0   0   0
4   0   1   0   0   0   0   0   0   1   0

S_minus:
   1   2   3   4   5   6   7   8   9   10
1   0   1   1   0   1   0   1   0   0   0
2   0   1   0   1   1   0   0   0   1   0
3   0   0   0   0   0   0   0   1   1   0
4   1   0   1   1   0   2   1   1   0   2

# Realization 1307
S_plus:
   1  2  3
1  1  0  1
2  0  1  0
3  1  0  0

S_minus:
   1  2  3
1  0  1  0
2  2  0  0
3  0  0  2

# Realization 1308
S_plus:
   1  2  3  4  5  6
1  0  0  1  0  0  0
2  0  2  0  1  1  0
3  0  0  1  0  0  1
4  1  0  0  0  0  0

S_minus:
   1  2  3  4  5  6
1  1  0  0  0  1  1
2  0  0  2  0  0  0
3  1  1  0  0  0  0
4  0  1  0  1  0  0

# Realization 1309
S_plus:
   1  2  3  4  5  6  7
1  0  0  0  1  1  1  1
2  1  1  0  0  0  0  0
3  0  0  1  0  0  0  0
4  0  0  0  1  0  0  0

S_minus:
   1  2  3  4  5  6  7
1  0  0  1  0  0  0  0
2  0  0  1  0  0  1  0
3  1  1  0  1  1  0  0
4  1  0  0  0  0  0  1

# Realization 1310
S_plus:
   1  2  3  4  5  6
1  0  0  0  1  0  0
2  0  0  1  0  1  1
3  2  0  0  0  0  0
4  0  0  0  0  0  1
5  0  0  0  0  1  0
6  0  1  0  0  0  0

S_minus:
   1  2  3  4  5  6
1  1  0  1  0  1  0
2  0  0  0  1  0  0
3  0  0  0  0  0  1
4  0  1  0  0  0  0
5  0  0  1  1  0  1
6  0  0  0  0  1  0

# Realization 1311
S_plus:
   1  2  3  4  5  6  7  8
1  0  0  0  0  1  0  0  0
2  0  0  0  1  0  0  1  0
3  0  0  0  0  0  1  0  0
4  0  0  0  0  0  0  0  1
5  1  0  0  0  0  0  0  0
6  0  1  1  0  0  0  0  1

S_minus:
   1  2  3  4  5  6  7  8
1  0  0  0  1  0  0  1  0
2  0  0  1  0  0  0  0  1
3  0  0  1  0  0  0  0  0
4  0  1  0  0  0  0  0  0
5  0  1  0  0  0  1  1  0
6  1  0  0  1  2  1  0  0

# Realization 1312
S_plus:
   1  2  3  4  5  6
1  1  1  0  0  0  1
2  0  0  1  1  1  0
3  0  1  1  0  0  0
4  0  0  0  0  0  1

S_minus:
   1  2  3  4  5  6
1  0  0  0  1  0  0
2  0  1  0  0  0  0
3  1  0  0  0  1  2
4  1  1  1  0  0  0

# Realization 1313
S_plus:
   1   2   3   4   5   6   7   8   9   10
1   0   0   0   0   1   1   1   0   0   1
2   1   1   1   0   0   1   0   0   1   0
3   0   0   0   1   0   0   0   0   0   1
4   0   0   0   0   0   0   0   1   0   0

S_minus:
   1   2   3   4   5   6   7   8   9   10
1   0   0   1   1   0   0   0   1   0   0
2   0   0   0   1   2   0   0   1   0   1
3   2   0   0   0   0   1   0   0   0   0
4   0   1   1   0   0   1   1   0   2   1

# Realization 1314
S_plus:
   1  2  3  4  5  6  7
1  0  0  0  0  0  1  0
2  0  0  2  2  1  0  1
3  0  2  0  0  1  0  0
4  1  0  0  0  0  0  0

S_minus:
   1  2  3  4  5  6  7
1  1  0  1  0  0  0  1
2  1  1  0  0  0  1  0
3  0  0  0  1  0  0  1
4  0  1  1  1  1  1  0

# Realization 1315
S_plus:
   1  2  3  4  5  6  7  8
1  0  0  0  0  2  0  0  0
2  0  0  0  0  0  1  0  0
3  1  1  0  1  0  0  1  0
4  0  1  1  0  0  0  0  1

S_minus:
   1  2  3  4  5  6  7  8
1  0  1  1  0  0  0  0  0
2  2  1  0  1  1  0  1  1
3  0  0  0  0  0  2  0  0
4  0  0  0  1  1  0  0  0

# Realization 1316
S_plus:
   1  2  3  4  5  6  7  8
1  0  0  1  0  0  0  0  0
2  0  0  0  1  0  0  1  0
3  0  2  0  0  1  0  0  1
4  2  0  0  0  0  1  0  0

S_minus:
   1  2  3  4  5  6  7  8
1  1  0  0  1  0  1  0  1
2  0  1  0  0  0  1  0  0
3  1  0  2  1  0  0  1  0
4  0  0  0  0  1  0  1  1

# Realization 1317
S_plus:
   1  2  3  4  5  6  7
1  0  0  0  0  0  0  1
2  0  1  1  1  0  0  0
3  0  0  0  0  1  1  0
4  0  0  1  1  0  0  0
5  1  1  0  0  0  0  0

S_minus:
   1  2  3  4  5  6  7
1  0  1  1  0  0  0  0
2  0  0  0  0  0  1  0
3  0  0  0  1  0  0  1
4  1  0  0  0  0  1  0
5  0  0  0  1  1  0  1

# Realization 1318
S_plus:
   1  2  3  4  5  6  7
1  0  0  0  1  0  0  2
2  0  1  0  0  0  0  0
3  0  0  2  0  0  0  0
4  0  0  0  1  2  1  0
5  1  0  0  0  0  0  0

S_minus:
   1  2  3  4  5  6  7
1  2  1  1  0  1  0  0
2  0  0  1  0  1  1  0
3  0  0  0  1  0  1  0
4  0  1  0  0  0  0  0
5  0  0  0  1  0  0  2

# Realization 1319
S_plus:
   1  2  3  4
1  0  1  1  1
2  1  1  0  0
3  0  0  0  1
4  0  0  1  0

S_minus:
   1  2  3  4
1  1  0  0  0
2  0  0  1  0
3  1  1  1  0
4  0  0  0  2

# Realization 1320
S_plus:
   1  2  3  4
1  0  0  0  1
2  0  1  1  0
3  1  0  0  0
4  0  0  1  0

S_minus:
   1  2  3  4
1  2  0  1  0
2  0  0  0  1
3  0  0  0  1
4  0  1  0  0

# Realization 1321
S_plus:
   1  2  3  4  5
1  0  1  0  0  0
2  1  0  0  2  1
3  1  0  1  0  0

S_minus:
   1  2  3  4  5
1  2  0  0  1  1
2  0  2  2  0  0
3  0  0  0  1  0

# Realization 1322
S_plus:
   1  2  3  4  5  6  7  8  9
1  0  0  0  0  1  0  0  0  0
2  0  1  0  0  0  0  0  0  0
3  0  1  0  0  0  0  0  0  1
4  2  0  0  0  0  0  0  0  0
5  0  0  0  0  1  0  0  1  0
6  0  0  0  1  0  0  0  0  0
7  0  0  0  0  0  1  0  0  0
8  0  0  0  0  0  0  1  0  1
9  0  0  1  0  0  0  0  1  0

S_minus:
   1  2  3  4  5  6  7  8  9
1  1  0  0  0  0  0  1  0  0
2  0  0  0  1  0  0  0  0  0
3  0  0  0  0  1  0  0  0  0
4  0  0  0  1  0  0  0  0  0
5  0  0  0  0  0  1  0  0  0
6  0  0  1  0  0  0  0  1  1
7  0  0  0  0  0  0  1  0  0
8  0  1  0  0  1  1  0  0  0
9  1  1  0  0  0  0  0  0  0

# Realization 1323
S_plus:
   1  2  3  4  5  6  7  8
1  0  0  0  0  0  1  0  0
2  0  0  1  0  1  0  0  0
3  0  0  0  0  0  0  0  1
4  1  0  0  0  0  0  0  0
5  1  0  0  1  0  0  2  0
6  0  1  0  0  0  0  0  0

S_minus:
   1  2  3  4  5  6  7  8
1  1  0  0  0  0  0  1  1
2  0  1  0  0  0  0  1  0
3  0  0  0  0  0  1  0  0
4  0  0  1  1  1  0  0  0
5  0  1  0  0  0  0  0  0
6  1  0  0  1  1  0  0  1

# Realization 1324
S_plus:
   1  2  3  4
1  0  0  0  1
2  0  0  0  1
3  2  0  0  0
4  0  1  1  0

S_minus:
   1  2  3  4
1  0  0  1  0
2  1  1  0  0
3  0  0  1  2
4  1  0  0  0

# Realization 1325
S_plus:
   1   2   3   4   5   6   7   8   9   10  11
1   0   1   0   0   1   0   0   0   0   0   1
2   0   0   0   0   0   0   0   1   1   0   0
3   1   0   1   0   0   0   0   0   0   0   0
4   0   0   0   0   0   0   1   0   0   0   0
5   0   0   0   2   0   1   0   0   0   1   0

S_minus:
   1   2   3   4   5   6   7   8   9   10  11
1   0   0   1   1   0   0   0   0   0   0   0
2   0   0   1   0   0   0   0   0   0   0   0
3   0   0   0   0   1   1   1   1   0   0   2
4   1   2   0   1   0   1   0   0   1   1   0
5   1   0   0   0   1   0   0   1   1   0   0

# Realization 1326
S_plus:
   1   2   3   4   5   6   7   8   9   10
1   0   0   1   0   0   0   0   0   0   0
2   0   0   0   0   0   0   1   0   0   0
3   0   0   0   0   1   0   0   1   0   0
4   0   1   0   1   0   0   0   0   0   2
5   1   0   0   0   0   1   0   0   1   0

S_minus:
   1   2   3   4   5   6   7   8   9   10
1   1   0   0   0   0   1   1   1   0   1
2   0   1   0   0   0   0   0   0   0   0
3   0   0   0   0   0   1   1   0   0   0
4   1   0   1   0   1   0   0   0   2   0
5   0   0   1   1   0   0   0   1   0   0

# Realization 1327
S_plus:
   1   2   3   4   5   6   7   8   9   10
1   0   0   1   0   0   0   0   0   0   0
2   0   0   0   1   0   0   0   0   0   0
3   1   0   0   0   1   0   1   0   0   0
4   0   1   0   0   0   1   0   0   0   0
5   0   0   0   0   0   0   0   0   1   0
6   0   0   1   1   0   0   0   1   0   1
7   0   0   0   0   0   0   1   1   0   0
8   0   0   0   0   0   0   0   0   1   0

S_minus:
   1   2   3   4   5   6   7   8   9   10
1   0   0   0   0   1   0   1   1   0   0
2   0   1   0   0   0   1   1   0   1   1
3   0   0   1   0   0   0   0   0   0   0
4   0   0   0   0   0   0   0   0   0   1
5   0   0   0   0   1   0   0   1   0   0
6   0   1   0   0   0   0   0   0   0   0
7   1   0   1   1   0   1   0   0   0   0
8   1   0   0   0   0   0   0   0   0   0

# Realization 1328
S_plus:
   1  2  3  4  5  6  7  8
1  2  0  0  0  0  0  0  1
2  0  0  1  1  0  0  0  0
3  0  0  0  1  2  2  1  0
4  0  1  0  0  0  0  0  0

S_minus:
   1  2  3  4  5  6  7  8
1  0  1  0  0  2  0  1  0
2  1  0  0  0  0  0  0  0
3  0  1  0  0  0  0  0  1
4  1  0  1  1  0  1  0  1

# Realization 1329
S_plus:
   1   2   3   4   5   6   7   8   9   10
1   0   0   0   0   1   0   0   0   1   0
2   0   1   1   0   0   0   0   0   0   0
3   0   0   0   0   0   1   0   1   0   2
4   0   0   0   0   0   1   0   0   0   0
5   1   0   0   0   0   0   0   0   1   0
6   0   0   0   0   0   0   1   0   0   0
7   0   0   0   1   0   0   0   0   0   0

S_minus:
   1   2   3   4   5   6   7   8   9   10
1   1   0   0   0   0   1   1   0   0   0
2   0   0   0   0   0   0   0   0   1   0
3   0   1   0   0   0   0   0   0   0   0
4   1   0   0   0   0   0   0   0   0   1
5   0   0   0   1   0   0   1   0   0   0
6   0   0   2   0   0   1   0   0   1   0
7   0   0   0   0   1   0   0   1   0   0

# Realization 1330
S_plus:
   1   2   3   4   5   6   7   8   9   10
1   0   0   0   0   0   0   0   1   0   0
2   1   1   0   1   0   0   0   1   0   0
3   0   0   0   0   1   1   1   0   0   1
4   0   0   1   0   1   0   0   0   0   0
5   0   0   0   0   0   0   0   0   1   1

S_minus:
   1   2   3   4   5   6   7   8   9   10
1   0   0   0   0   1   0   0   0   1   1
2   0   0   0   0   0   1   0   0   0   0
3   0   0   0   1   0   0   0   0   1   0
4   1   0   0   1   0   1   1   0   0   1
5   1   1   2   0   1   0   1   1   0   0

# Realization 1331
S_plus:
   1  2  3  4  5  6  7  8
1  0  0  0  0  0  1  0  0
2  0  0  0  0  0  0  1  1
3  1  1  0  0  0  0  1  0
4  1  0  1  1  1  0  0  0

S_minus:
   1  2  3  4  5  6  7  8
1  1  0  1  0  0  0  1  1
2  1  0  0  0  1  1  0  0
3  0  0  0  2  1  0  0  0
4  0  2  0  0  0  1  1  0

# Realization 1332
S_plus:
   1  2  3  4  5
1  0  0  1  0  1
2  1  0  0  1  0
3  0  1  0  0  0

S_minus:
   1  2  3  4  5
1  1  1  0  1  0
2  0  1  0  0  2
3  0  0  1  1  0

# Realization 1333
S_plus:
   1  2  3  4  5  6  7  8
1  0  1  0  0  1  0  0  0
2  0  0  0  0  0  0  1  0
3  0  0  0  0  1  0  0  0
4  1  0  0  0  0  0  1  0
5  0  0  1  1  0  1  0  0
6  0  0  0  0  0  0  0  1
7  1  0  0  0  0  0  0  0

S_minus:
   1  2  3  4  5  6  7  8
1  0  0  0  1  0  0  1  0
2  1  0  0  0  0  0  0  1
3  0  1  0  1  0  0  0  0
4  0  0  0  0  0  1  0  0
5  0  1  0  0  1  0  0  0
6  0  0  1  0  0  0  0  0
7  0  0  0  0  1  1  0  1

# Realization 1334
S_plus:
   1   2   3   4   5   6   7   8   9   10  11
1   0   1   0   1   0   0   0   2   0   1   0
2   0   0   1   0   0   1   0   0   1   0   0
3   0   0   0   0   0   0   0   0   0   0   1
4   1   1   0   0   0   0   1   0   0   1   1
5   1   0   0   0   1   0   0   0   0   0   0

S_minus:
   1   2   3   4   5   6   7   8   9   10  11
1   0   0   0   0   0   1   0   0   0   0   1
2   0   1   0   0   1   0   1   0   0   0   0
3   1   0   0   1   1   0   0   1   1   2   0
4   0   0   0   0   0   1   0   1   0   0   0
5   0   1   1   1   0   0   0   0   0   0   1

# Realization 1335
S_plus:
   1  2  3  4  5  6  7  8  9
1  1  0  0  0  1  0  0  0  0
2  0  0  0  0  0  0  0  0  1
3  1  0  1  0  0  0  0  0  0
4  0  1  0  0  0  0  0  0  0
5  0  0  0  1  0  1  0  0  0
6  0  0  0  0  1  0  0  0  0
7  0  0  0  0  0  0  0  1  0
8  0  0  0  0  0  0  1  0  0

S_minus:
   1  2  3  4  5  6  7  8  9
1  0  0  0  0  0  0  0  1  2
2  0  1  0  0  1  0  0  1  0
3  0  0  0  1  0  1  0  0  0
4  0  0  1  0  1  0  0  0  0
5  0  0  1  0  0  0  0  0  0
6  0  0  0  0  0  0  1  0  0
7  1  0  0  0  0  1  0  0  0
8  0  1  0  0  0  0  0  0  0

# Realization 1336
S_plus:
   1   2   3   4   5   6   7   8   9   10  11
1   2   0   0   1   1   0   0   0   1   0   1
2   0   0   0   0   0   1   1   0   0   0   0
3   0   0   0   0   1   0   0   0   0   0   0
4   0   0   0   0   0   0   1   0   0   0   0
5   0   1   0   0   0   0   0   0   0   1   0
6   0   0   1   1   0   1   0   0   0   0   0
7   0   0   1   0   0   0   0   1   0   0   0

S_minus:
   1   2   3   4   5   6   7   8   9   10  11
1   0   1   1   0   0   0   0   0   0   0   0
2   1   0   0   0   0   0   0   0   0   1   1
3   0   0   0   0   0   1   1   1   0   0   0
4   0   0   1   1   0   0   0   0   1   1   0
5   0   0   0   0   0   0   1   1   0   0   0
6   0   1   0   0   1   0   0   0   0   0   0
7   0   0   0   0   1   0   0   0   0   0   0

# Realization 1337
S_plus:
   1  2  3  4  5
1  0  0  1  0  0
2  2  1  0  0  0
3  0  0  1  1  1
4  0  0  0  1  0

S_minus:
   1  2  3  4  5
1  1  0  0  1  0
2  0  0  1  0  2
3  1  0  0  0  0
4  0  1  1  0  0

# Realization 1338
S_plus:
   1  2  3  4  5  6
1  0  0  0  0  0  1
2  0  0  1  0  0  0
3  1  0  0  0  0  0
4  1  0  0  1  0  0
5  0  1  0  0  2  1

S_minus:
   1  2  3  4  5  6
1  0  1  0  1  0  0
2  1  1  0  0  0  0
3  0  0  1  0  1  1
4  0  0  0  0  1  1
5  0  0  1  0  0  0

# Realization 1339
S_plus:
   1  2  3  4  5
1  1  0  0  2  0
2  0  1  0  0  0
3  0  0  1  0  2

S_minus:
   1  2  3  4  5
1  0  1  1  0  0
2  1  0  0  1  2
3  1  1  0  1  0

# Realization 1340
S_plus:
   1  2  3  4  5  6
1  0  1  0  0  0  1
2  0  0  0  1  0  0
3  0  0  1  0  0  0
4  0  0  1  1  1  1
5  1  0  0  0  0  0

S_minus:
   1  2  3  4  5  6
1  0  0  0  1  0  0
2  1  0  1  0  0  1
3  0  1  0  1  0  0
4  1  0  0  0  0  0
5  0  0  1  0  1  0

# Realization 1341
S_plus:
   1  2  3  4
1  0  0  0  2
2  0  0  1  0
3  0  1  0  0
4  1  0  1  0

S_minus:
   1  2  3  4
1  1  0  1  0
2  1  1  0  1
3  0  0  1  0
4  0  0  0  1

# Realization 1342
S_plus:
   1  2  3  4  5  6
1  0  0  0  0  1  0
2  0  0  2  0  0  0
3  0  0  0  0  0  1
4  1  1  0  2  0  0

S_minus:
   1  2  3  4  5  6
1  0  0  0  1  0  1
2  0  1  0  0  2  0
3  1  0  2  1  0  0
4  0  0  0  0  0  1

# Realization 1343
S_plus:
   1   2   3   4   5   6   7   8   9   10  11  12
1   0   1   1   0   1   0   1   0   0   0   1   0
2   0   1   1   1   0   0   0   1   0   0   1   1
3   1   0   0   0   0   0   0   0   0   0   0   1
4   0   0   0   1   1   2   0   0   2   1   0   0

S_minus:
   1   2   3   4   5   6   7   8   9   10  11  12
1   1   0   0   0   0   0   0   1   0   0   0   2
2   0   0   0   0   1   1   0   0   0   0   0   0
3   0   1   0   1   1   1   1   0   1   1   1   0
4   1   0   2   0   0   0   0   0   0   0   1   0

# Realization 1344
S_plus:
   1   2   3   4   5   6   7   8   9   10  11  12
1   0   0   0   0   1   0   0   0   0   0   0   0
2   1   0   0   0   0   0   0   0   0   0   0   2
3   0   1   0   0   0   0   1   0   1   0   0   0
4   0   0   0   1   0   0   0   0   0   0   0   0
5   0   0   1   0   0   1   0   1   1   1   0   0
6   0   0   0   0   0   1   0   0   0   0   1   0
7   0   0   0   1   1   0   0   0   0   0   1   0

S_minus:
   1   2   3   4   5   6   7   8   9   10  11  12
1   0   0   0   0   0   0   2   0   0   0   0   0
2   0   1   1   1   0   1   0   0   0   0   1   0
3   0   0   1   1   0   0   0   0   0   0   0   1
4   2   1   0   0   0   0   0   0   2   0   0   1
5   0   0   0   0   0   0   0   0   0   0   1   0
6   0   0   0   0   1   0   0   0   0   1   0   0
7   0   0   0   0   0   1   0   1   0   1   0   0

# Realization 1345
S_plus:
   1   2   3   4   5   6   7   8   9   10  11
1   0   0   0   0   0   0   0   0   1   0   0
2   0   1   0   0   0   0   0   0   0   0   0
3   0   0   0   0   0   0   0   0   0   1   1
4   0   0   0   0   1   0   0   0   0   0   0
5   0   0   1   0   0   0   0   0   0   0   0
6   1   0   0   2   0   1   1   0   0   0   0
7   1   0   0   0   0   0   0   0   0   0   0
8   0   0   0   0   0   0   0   0   1   1   0
9   0   0   0   0   0   0   0   1   0   0   0

S_minus:
   1   2   3   4   5   6   7   8   9   10  11
1   0   0   0   0   0   0   0   0   0   1   0
2   0   0   1   0   0   0   1   0   0   0   0
3   0   0   0   0   1   0   1   0   0   0   0
4   0   1   0   0   0   0   0   0   0   0   0
5   2   0   0   0   0   1   0   0   1   0   1
6   0   0   0   0   0   0   0   0   1   0   0
7   0   0   0   0   0   1   0   1   0   0   0
8   0   0   0   0   0   0   0   0   0   0   1
9   0   0   0   1   0   0   0   0   0   0   0

# Realization 1346
S_plus:
   1  2  3  4  5  6  7  8
1  0  0  1  0  0  0  0  0
2  0  0  0  1  1  0  0  0
3  0  1  0  0  0  1  1  1
4  1  0  0  0  0  0  0  0
5  0  0  0  1  0  1  0  0

S_minus:
   1  2  3  4  5  6  7  8
1  1  0  0  0  0  1  1  0
2  0  0  1  0  0  0  0  0
3  0  0  1  1  1  0  0  0
4  0  0  0  1  1  1  1  1
5  0  1  0  0  0  0  0  0

# Realization 1347
S_plus:
   1  2  3  4  5  6  7
1  0  0  0  0  1  0  0
2  0  2  0  0  0  1  0
3  0  0  0  0  1  0  0
4  1  0  0  1  0  0  0
5  0  0  1  0  0  1  1

S_minus:
   1  2  3  4  5  6  7
1  0  0  1  0  0  0  0
2  1  0  0  1  1  0  0
3  0  0  1  0  0  1  1
4  0  1  0  0  1  1  0
5  0  1  0  1  0  0  0

# Realization 1348
S_plus:
   1   2   3   4   5   6   7   8   9   10
1   0   0   0   1   0   0   1   0   0   0
2   0   1   0   0   0   0   0   0   0   0
3   1   0   0   0   0   0   1   0   0   1
4   0   1   1   0   0   0   0   1   0   0
5   0   0   1   0   0   0   0   0   1   0
6   0   0   0   0   0   1   0   0   0   1
7   0   0   0   0   1   0   0   0   0   0
8   0   0   0   1   0   0   0   0   0   0

S_minus:
   1   2   3   4   5   6   7   8   9   10
1   1   1   0   0   0   0   0   0   0   0
2   0   0   0   0   0   2   0   0   0   0
3   0   1   0   0   0   0   0   1   0   0
4   0   0   0   0   0   0   0   0   1   0
5   1   0   0   1   1   0   0   0   0   0
6   0   0   1   1   0   0   1   0   0   0
7   0   0   0   0   0   0   0   1   0   0
8   0   0   1   0   0   0   0   0   1   2

# Realization 1349
S_plus:
   1  2  3  4  5  6  7  8  9
1  0  0  0  0  0  0  1  0  1
2  1  2  0  0  0  0  0  1  0
3  1  0  0  0  0  0  0  0  0
4  0  0  0  1  0  1  0  0  0
5  0  0  0  0  1  0  0  0  0
6  0  0  1  1  0  0  0  0  1

S_minus:
   1  2  3  4  5  6  7  8  9
1  0  1  0  0  1  0  0  0  0
2  0  0  0  1  0  0  0  0  1
3  0  0  0  0  0  1  0  0  0
4  1  0  0  0  1  0  0  1  1
5  0  0  1  1  0  0  2  0  0
6  1  1  0  0  0  0  0  0  0

# Realization 1350
S_plus:
   1  2  3
1  1  0  0
2  0  0  1
3  0  1  0

S_minus:
   1  2  3
1  0  1  0
2  1  1  0
3  0  0  1

# Realization 1351
S_plus:
   1  2  3  4  5  6
1  0  0  0  1  0  1
2  0  0  0  0  1  0
3  0  0  1  0  0  0
4  1  1  0  1  0  0

S_minus:
   1  2  3  4  5  6
1  1  0  0  0  0  0
2  0  2  1  1  0  2
3  1  0  0  0  1  0
4  0  0  0  0  1  0

# Realization 1352
S_plus:
   1  2  3  4  5  6  7
1  0  0  0  0  1  0  1
2  0  0  1  1  0  0  0
3  1  0  0  0  1  0  0
4  0  1  0  0  0  0  0
5  0  0  0  1  0  2  0

S_minus:
   1  2  3  4  5  6  7
1  1  0  1  1  0  1  0
2  1  0  0  0  0  0  0
3  0  1  0  0  0  0  0
4  0  0  0  0  2  1  1
5  0  0  1  0  0  0  0

# Realization 1353
S_plus:
   1  2  3  4  5  6  7  8
1  0  0  1  0  0  0  1  1
2  0  0  0  1  1  0  0  0
3  2  1  0  0  0  0  0  0
4  0  0  0  1  0  1  0  0
5  0  0  0  0  1  0  0  1

S_minus:
   1  2  3  4  5  6  7  8
1  1  1  0  1  0  0  0  0
2  0  0  0  0  0  0  1  0
3  0  0  1  1  1  2  0  0
4  1  0  0  0  0  0  0  2
5  0  1  0  0  0  0  1  0

# Realization 1354
S_plus:
   1  2  3  4  5  6  7
1  0  0  0  0  1  0  0
2  1  0  0  1  0  1  2
3  0  0  1  0  0  0  0
4  0  1  0  0  0  0  0
5  0  0  0  1  0  0  0

S_minus:
   1  2  3  4  5  6  7
1  1  0  0  1  0  0  0
2  0  0  0  0  1  0  0
3  0  2  0  0  1  0  0
4  0  0  1  1  0  1  1
5  1  0  0  0  0  0  1

# Realization 1355
S_plus:
   1  2  3  4  5  6  7  8  9
1  0  0  2  0  1  0  0  0  0
2  1  0  0  0  0  0  0  0  0
3  0  0  0  0  0  0  2  0  0
4  1  0  0  0  0  0  0  1  0
5  0  0  0  1  0  1  0  1  0
6  0  1  0  0  0  1  0  0  1

S_minus:
   1  2  3  4  5  6  7  8  9
1  1  1  0  0  0  0  0  0  0
2  0  0  0  0  0  1  1  2  0
3  0  0  1  1  1  0  0  0  1
4  0  0  0  0  1  1  0  0  0
5  0  0  1  0  0  0  0  0  0
6  1  0  0  1  0  0  1  0  0

# Realization 1356
S_plus:
   1  2  3  4  5  6
1  1  0  0  1  0  0
2  0  0  0  0  1  0
3  0  0  0  0  0  1
4  0  1  1  0  0  0
5  0  0  0  0  1  0

S_minus:
   1  2  3  4  5  6
1  0  0  1  0  1  1
2  0  0  1  0  0  0
3  1  0  0  0  0  0
4  0  0  0  1  1  0
5  0  1  0  0  0  1

# Realization 1357
S_plus:
   1  2  3
1  2  0  0
2  0  0  1
3  0  1  0

S_minus:
   1  2  3
1  0  0  1
2  1  1  0
3  1  0  1

# Realization 1358
S_plus:
   1  2  3  4
1  1  0  0  1
2  1  0  0  1
3  0  1  0  0
4  0  0  1  0

S_minus:
   1  2  3  4
1  0  0  2  0
2  0  1  0  0
3  1  0  0  0
4  1  0  0  1

# Realization 1359
S_plus:
   1  2  3  4  5  6  7  8  9
1  0  0  0  0  1  1  0  0  0
2  0  0  0  0  0  0  1  0  0
3  0  1  0  0  0  0  0  0  2
4  1  0  0  0  0  0  0  0  0
5  0  0  0  0  0  0  0  1  0
6  0  1  0  1  0  0  0  0  0
7  0  0  1  0  1  0  0  0  0

S_minus:
   1  2  3  4  5  6  7  8  9
1  0  0  1  0  0  0  0  0  0
2  0  0  0  0  1  1  0  0  1
3  0  0  0  0  0  0  0  1  0
4  0  0  0  0  0  0  0  1  0
5  0  1  0  0  0  0  1  0  1
6  0  0  1  0  0  1  0  0  0
7  2  0  0  1  0  0  0  0  0

# Realization 1360
S_plus:
   1  2  3  4  5  6  7  8  9
1  0  1  0  0  0  0  0  0  0
2  1  0  0  0  1  0  0  0  0
3  0  0  0  1  0  1  2  1  1
4  0  0  0  0  1  1  0  0  0
5  0  0  2  1  0  0  0  0  0

S_minus:
   1  2  3  4  5  6  7  8  9
1  1  0  0  0  1  1  0  0  1
2  0  1  1  1  0  0  0  1  0
3  1  0  0  0  0  0  0  0  0
4  0  0  0  0  0  0  0  1  1
5  0  0  0  0  1  1  2  0  0

# Realization 1361
S_plus:
   1  2  3  4  5
1  0  0  0  0  1
2  0  1  1  0  0
3  0  0  0  0  1
4  0  1  0  1  0
5  1  0  0  0  0

S_minus:
   1  2  3  4  5
1  0  0  1  0  0
2  1  0  0  0  0
3  1  0  0  1  0
4  0  0  0  0  2
5  0  1  1  1  0

# Realization 1362
S_plus:
   1   2   3   4   5   6   7   8   9   10  11
1   0   0   1   0   0   0   0   0   0   0   0
2   0   0   0   1   0   0   0   0   0   0   0
3   0   1   1   0   1   0   0   1   0   0   1
4   0   0   0   0   0   1   0   0   0   0   0
5   1   0   0   0   0   0   0   0   2   0   0
6   1   0   0   0   0   0   0   0   0   0   0
7   0   0   0   0   0   0   1   0   0   1   0

S_minus:
   1   2   3   4   5   6   7   8   9   10  11
1   0   1   0   1   0   1   0   1   0   0   0
2   0   0   1   0   0   0   0   0   1   0   0
3   0   0   0   1   0   0   1   0   0   0   0
4   2   0   0   0   0   0   1   0   0   0   0
5   0   0   0   0   1   0   0   1   0   0   0
6   0   0   0   0   0   0   0   0   0   2   1
7   0   0   1   0   1   0   0   0   0   0   0

# Realization 1363
S_plus:
   1  2  3  4  5  6  7
1  1  0  0  0  0  0  1
2  0  0  1  0  0  0  0
3  0  0  0  1  1  0  0
4  1  0  0  0  1  0  0
5  0  2  0  0  0  1  0

S_minus:
   1  2  3  4  5  6  7
1  0  0  0  0  0  1  0
2  2  1  0  0  1  0  0
3  0  0  0  0  0  1  1
4  0  0  2  0  0  0  0
5  0  0  0  1  1  0  0

# Realization 1364
S_plus:
   1  2  3
1  0  1  0
2  0  0  1
3  2  0  0

S_minus:
   1  2  3
1  1  0  0
2  1  2  0
3  0  0  1

# Realization 1365
S_plus:
   1  2  3  4  5  6
1  0  1  0  0  0  0
2  0  0  2  0  0  1
3  1  0  0  1  2  0

S_minus:
   1  2  3  4  5  6
1  1  0  1  0  1  1
2  0  2  0  1  0  0
3  0  0  1  0  0  0

# Realization 1366
S_plus:
   1  2  3  4  5  6  7  8  9
1  0  0  0  1  1  0  0  1  0
2  0  0  0  1  0  1  0  0  0
3  0  0  0  0  0  0  0  1  0
4  0  0  0  0  0  0  1  0  0
5  0  0  0  0  1  0  0  0  0
6  1  0  1  0  0  0  0  0  0
7  0  1  0  0  0  0  0  0  1

S_minus:
   1  2  3  4  5  6  7  8  9
1  0  0  0  0  0  0  1  0  0
2  0  0  0  0  0  0  0  0  1
3  0  0  1  0  0  0  0  0  0
4  1  1  0  1  0  1  0  0  0
5  0  1  0  0  0  0  0  0  0
6  0  0  0  0  0  1  0  1  0
7  0  0  1  1  1  0  1  0  0

# Realization 1367
S_plus:
   1  2  3  4  5  6  7
1  0  1  0  1  0  0  0
2  0  0  0  0  1  1  0
3  0  0  0  1  1  0  0
4  1  0  2  0  0  0  2

S_minus:
   1  2  3  4  5  6  7
1  0  0  2  0  1  0  0
2  2  0  0  0  0  0  1
3  0  2  0  0  0  1  1
4  0  0  0  2  1  1  0

# Realization 1368
S_plus:
   1  2  3  4  5
1  0  1  0  0  0
2  1  0  0  1  0
3  0  0  0  0  1
4  0  0  1  0  1

S_minus:
   1  2  3  4  5
1  1  0  0  1  0
2  0  1  1  0  2
3  1  0  0  0  0
4  0  1  0  1  0

# Realization 1369
S_plus:
   1  2  3  4
1  0  1  0  2
2  1  0  0  0
3  0  0  1  0

S_minus:
   1  2  3  4
1  0  0  1  0
2  0  1  0  1
3  2  0  0  1

# Realization 1370
S_plus:
   1   2   3   4   5   6   7   8   9   10  11  12
1   0   0   0   0   1   0   1   1   0   0   0   0
2   0   0   0   0   0   2   0   0   0   0   0   0
3   0   0   0   0   0   0   0   0   0   1   1   1
4   0   0   0   1   0   0   0   0   0   0   0   0
5   0   0   0   0   0   0   0   0   1   0   0   0
6   0   1   1   0   0   0   0   0   0   0   0   0
7   0   0   1   0   1   0   0   1   0   0   0   0
8   1   1   0   1   0   0   0   0   0   0   0   0

S_minus:
   1   2   3   4   5   6   7   8   9   10  11  12
1   0   0   1   0   0   0   0   0   0   0   0   0
2   1   1   1   0   1   0   0   1   0   1   0   0
3   0   1   0   0   1   0   0   0   0   0   0   0
4   0   0   0   0   0   1   0   1   2   0   1   0
5   0   0   0   0   0   1   0   0   0   0   0   0
6   0   0   0   1   0   0   0   0   0   0   1   2
7   1   0   0   0   0   0   0   0   0   0   0   0
8   0   0   0   0   0   0   1   0   0   1   0   0

# Realization 1371
S_plus:
   1   2   3   4   5   6   7   8   9   10  11  12
1   0   0   0   0   1   0   0   1   0   0   0   0
2   0   0   0   0   0   0   0   0   0   0   0   1
3   0   0   0   1   0   0   1   0   0   0   0   0
4   0   0   0   0   1   0   0   0   0   1   0   0
5   1   0   0   0   0   0   0   0   0   0   1   0
6   0   1   0   0   0   0   0   0   0   0   0   0
7   0   0   0   1   0   0   0   0   1   0   0   0
8   1   0   1   0   0   1   0   0   1   0   1   0

S_minus:
   1   2   3   4   5   6   7   8   9   10  11  12
1   1   1   0   0   0   0   0   0   0   1   0   0
2   1   0   0   0   0   1   0   0   0   0   1   0
3   0   0   0   0   1   0   0   1   1   0   0   1
4   0   0   0   1   0   0   1   0   0   0   0   0
5   0   1   0   0   0   0   0   0   1   0   0   0
6   0   0   0   1   0   0   0   0   0   0   0   1
7   0   0   1   0   0   0   1   0   0   0   0   0
8   0   0   0   0   1   0   0   0   0   0   0   0

# Realization 1372
S_plus:
   1  2  3  4  5  6
1  0  1  0  0  0  0
2  0  0  1  0  0  1
3  1  0  0  0  0  0
4  0  0  0  1  1  0
5  1  0  0  0  1  0

S_minus:
   1  2  3  4  5  6
1  0  0  1  0  1  1
2  1  1  0  0  1  0
3  0  0  0  1  0  0
4  0  1  1  0  0  0
5  0  0  0  1  0  0

# Realization 1373
S_plus:
   1  2  3  4
1  1  0  2  0
2  0  0  0  1
3  1  1  0  0

S_minus:
   1  2  3  4
1  0  0  0  1
2  2  1  1  0
3  0  0  0  1

# Realization 1374
S_plus:
   1  2  3  4  5  6  7
1  0  1  0  0  0  0  0
2  1  0  1  0  0  1  0
3  0  1  1  0  0  0  0
4  0  0  0  1  0  0  0
5  0  0  0  1  2  0  2

S_minus:
   1  2  3  4  5  6  7
1  0  0  0  1  0  1  1
2  0  0  0  0  0  0  1
3  0  0  0  1  1  0  0
4  0  2  0  0  1  1  0
5  1  0  1  0  0  0  0

# Realization 1375
S_plus:
   1   2   3   4   5   6   7   8   9   10  11
1   0   0   1   0   0   0   1   1   0   1   0
2   0   0   0   0   0   0   0   1   1   0   1
3   0   0   0   1   0   1   0   0   0   0   0
4   1   1   0   0   2   1   1   0   0   0   0
5   0   1   0   0   0   0   0   0   0   0   0

S_minus:
   1   2   3   4   5   6   7   8   9   10  11
1   1   0   0   2   0   1   0   0   1   0   0
2   0   1   1   0   0   1   0   0   0   1   0
3   0   1   0   0   0   0   0   0   0   0   0
4   0   0   1   0   0   0   0   0   0   0   0
5   0   0   0   0   1   0   1   1   1   0   1

# Realization 1376
S_plus:
   1  2  3  4  5  6  7  8  9
1  0  0  1  0  1  1  0  1  0
2  1  1  0  0  1  0  0  0  0
3  0  0  1  0  0  0  0  1  1
4  0  0  0  0  0  0  1  0  0
5  0  0  0  1  0  0  0  0  0

S_minus:
   1  2  3  4  5  6  7  8  9
1  0  1  0  0  0  0  1  0  0
2  0  0  0  0  0  0  0  1  0
3  1  0  0  1  0  0  0  0  0
4  0  1  2  1  0  0  0  0  0
5  1  0  0  0  1  1  0  1  2

# Realization 1377
S_plus:
   1  2  3
1  1  0  1
2  0  1  1
3  0  1  0

S_minus:
   1  2  3
1  0  2  0
2  1  0  0
3  1  0  1

# Realization 1378
S_plus:
   1  2  3  4  5  6  7  8  9
1  0  2  0  0  1  0  0  0  1
2  2  0  1  0  1  1  2  1  0
3  0  0  0  1  0  0  0  0  0

S_minus:
   1  2  3  4  5  6  7  8  9
1  1  0  1  2  0  0  0  0  0
2  0  1  0  0  0  0  0  0  0
3  0  1  0  0  2  2  2  1  2

# Realization 1379
S_plus:
   1  2  3  4  5
1  1  1  0  1  0
2  0  0  2  1  0
3  0  0  0  0  1

S_minus:
   1  2  3  4  5
1  0  0  1  0  1
2  1  0  0  0  0
3  1  2  0  2  0

# Realization 1380
S_plus:
   1   2   3   4   5   6   7   8   9   10  11
1   0   2   0   0   1   0   0   0   0   1   1
2   0   0   0   1   0   0   0   1   0   0   0
3   0   0   0   0   1   0   0   0   2   0   0
4   1   0   0   0   0   0   1   0   0   0   0
5   1   0   1   0   0   0   0   0   0   0   0
6   0   0   1   0   0   0   0   0   0   1   0
7   0   0   0   0   0   1   0   0   0   0   0

S_minus:
   1   2   3   4   5   6   7   8   9   10  11
1   0   0   1   1   0   0   2   0   0   0   0
2   0   0   0   0   0   1   0   0   0   1   0
3   1   0   0   0   0   0   0   0   0   0   0
4   0   0   0   1   0   0   0   2   0   1   1
5   0   0   0   0   0   1   0   0   1   0   0
6   1   1   0   0   0   0   0   0   0   0   1
7   0   1   0   0   1   0   0   0   0   0   0

# Realization 1381
S_plus:
   1   2   3   4   5   6   7   8   9   10  11
1   1   0   1   0   0   0   0   0   1   2   0
2   0   0   0   0   0   1   0   0   0   0   0
3   0   0   0   2   0   0   0   0   0   0   1
4   0   0   1   0   0   0   1   1   0   0   0
5   0   1   0   0   1   0   0   0   0   0   0

S_minus:
   1   2   3   4   5   6   7   8   9   10  11
1   0   0   0   1   0   0   0   0   0   0   2
2   0   1   0   1   0   0   0   2   0   0   0
3   0   1   1   0   1   0   1   0   1   0   0
4   2   0   0   0   0   2   0   0   0   1   0
5   0   0   1   0   0   0   1   0   0   1   0

# Realization 1382
S_plus:
   1  2  3  4  5  6  7
1  0  0  0  0  0  1  0
2  0  0  1  1  0  0  2
3  2  0  0  0  2  0  0
4  0  2  0  0  0  0  0

S_minus:
   1  2  3  4  5  6  7
1  1  1  1  1  0  0  1
2  0  1  0  0  2  1  0
3  0  0  0  0  0  0  1
4  0  0  0  1  0  1  0

# Realization 1383
S_plus:
   1  2  3  4  5
1  0  1  2  0  0
2  0  0  0  1  0
3  1  0  0  0  1

S_minus:
   1  2  3  4  5
1  0  0  0  0  1
2  2  2  0  0  1
3  0  0  1  1  0

# Realization 1384
S_plus:
   1   2   3   4   5   6   7   8   9   10
1   0   0   0   1   0   0   0   1   1   0
2   0   0   0   0   0   1   0   0   0   0
3   1   1   0   0   0   0   0   0   0   0
4   0   0   1   0   2   0   1   1   0   1

S_minus:
   1   2   3   4   5   6   7   8   9   10
1   1   0   0   0   0   1   0   0   0   1
2   1   1   1   0   1   0   1   0   0   0
3   0   0   1   1   0   1   0   1   0   1
4   0   1   0   1   0   0   0   0   2   0

# Realization 1385
S_plus:
   1  2  3  4  5  6  7  8
1  1  0  0  1  0  0  2  0
2  0  1  0  0  0  0  0  0
3  0  0  1  0  1  1  0  0
4  0  0  0  0  1  0  0  0
5  0  0  0  0  0  0  0  1

S_minus:
   1  2  3  4  5  6  7  8
1  0  0  0  0  0  0  0  1
2  0  0  1  0  1  0  0  0
3  0  0  0  2  0  0  0  0
4  1  1  1  0  0  0  1  0
5  0  0  0  0  1  1  0  0

# Realization 1386
S_plus:
   1  2  3  4  5  6
1  0  0  0  1  0  0
2  0  0  1  0  1  0
3  0  1  0  0  0  1
4  1  1  0  0  0  0

S_minus:
   1  2  3  4  5  6
1  0  1  1  0  0  0
2  0  1  0  0  0  2
3  1  0  0  1  1  0
4  0  0  0  1  1  0

# Realization 1387
S_plus:
   1  2  3  4
1  1  1  1  0
2  1  0  0  0
3  0  1  0  0
4  0  0  0  1

S_minus:
   1  2  3  4
1  0  0  0  1
2  0  1  0  0
3  1  0  1  1
4  1  1  0  0

# Realization 1388
S_plus:
   1  2  3  4  5  6
1  0  1  0  1  0  0
2  0  0  0  0  0  1
3  2  0  1  0  1  0

S_minus:
   1  2  3  4  5  6
1  0  0  1  0  2  2
2  2  1  1  1  0  0
3  0  1  0  0  0  0

# Realization 1389
S_plus:
   1  2  3
1  0  0  2
2  0  1  0
3  1  0  0

S_minus:
   1  2  3
1  1  1  0
2  1  0  1
3  0  1  1

# Realization 1390
S_plus:
   1  2  3  4
1  0  0  0  1
2  1  2  0  1
3  0  0  1  0

S_minus:
   1  2  3  4
1  0  1  1  0
2  0  0  1  0
3  1  1  0  2

# Realization 1391
S_plus:
   1  2  3  4  5  6  7  8
1  1  2  0  0  0  1  0  2
2  0  0  1  0  1  0  0  0
3  0  0  0  0  0  0  1  0
4  0  0  0  1  0  0  0  0

S_minus:
   1  2  3  4  5  6  7  8
1  0  0  1  1  1  0  0  0
2  1  0  0  0  0  2  2  1
3  1  0  0  1  0  0  0  1
4  0  1  0  0  1  0  0  0

# Realization 1392
S_plus:
   1  2  3  4  5
1  0  0  0  1  1
2  0  0  1  0  0
3  1  1  0  0  0

S_minus:
   1  2  3  4  5
1  1  2  1  0  0
2  1  0  0  2  1
3  0  0  1  0  1

# Realization 1393
S_plus:
    1  2  3  4  5  6  7  8  9
1   0  0  0  0  0  0  0  0  1
2   1  0  1  0  1  0  0  0  0
3   0  0  0  0  0  0  0  1  0
4   0  0  0  1  0  0  0  0  0
5   0  0  0  0  0  1  0  0  0
6   0  0  0  1  0  0  0  0  0
7   1  0  0  0  0  0  0  0  0
8   0  2  0  0  0  0  0  0  0
9   0  0  0  0  0  1  0  0  1
10  0  0  0  0  0  0  1  0  0

S_minus:
    1  2  3  4  5  6  7  8  9
1   1  0  0  0  0  0  0  0  0
2   0  0  0  1  0  0  0  0  0
3   0  1  0  0  0  0  0  0  0
4   0  1  0  0  0  0  1  0  0
5   0  0  1  0  0  0  0  0  1
6   0  0  0  0  0  0  1  0  1
7   0  0  0  1  0  1  0  0  0
8   0  0  0  0  1  0  0  0  0
9   0  0  0  0  1  0  0  1  0
10  0  0  0  0  0  1  0  0  0

# Realization 1394
S_plus:
   1  2  3  4  5  6  7
1  1  0  0  1  0  0  0
2  0  1  0  0  0  0  1
3  0  0  0  0  0  1  0
4  1  1  1  0  2  0  0

S_minus:
   1  2  3  4  5  6  7
1  0  1  1  0  0  0  1
2  1  0  1  1  1  1  0
3  1  1  0  0  0  0  0
4  0  0  0  1  0  1  1

# Realization 1395
S_plus:
   1   2   3   4   5   6   7   8   9   10  11  12
1   0   0   0   0   0   0   0   1   0   0   0   1
2   0   0   0   0   0   0   0   0   0   0   0   1
3   0   0   1   0   0   1   0   0   0   0   0   0
4   1   1   0   0   0   1   1   0   0   0   0   0
5   0   0   0   0   0   0   1   0   1   0   2   0
6   1   0   0   2   2   0   0   0   0   0   0   0
7   0   0   0   0   0   0   0   0   1   1   0   0
8   0   0   1   0   0   0   0   0   0   0   0   0

S_minus:
   1   2   3   4   5   6   7   8   9   10  11  12
1   0   0   0   0   0   0   1   0   0   0   0   0
2   0   0   0   0   0   0   0   0   0   1   1   0
3   1   0   0   0   0   0   0   0   0   0   0   0
4   0   0   0   0   0   0   0   0   2   0   0   0
5   0   0   0   0   1   1   0   0   0   0   0   1
6   0   0   0   0   0   0   0   0   0   0   1   0
7   1   1   1   0   0   1   1   1   0   0   0   0
8   0   0   0   1   0   0   0   0   0   1   0   1

# Realization 1396
S_plus:
   1  2  3
1  0  1  0
2  2  0  0
3  0  1  0
4  0  0  1

S_minus:
   1  2  3
1  1  0  1
2  0  1  0
3  0  0  1
4  1  1  0

# Realization 1397
S_plus:
   1   2   3   4   5   6   7   8   9   10  11  12
1   0   0   0   1   0   0   0   0   0   0   0   0
2   2   0   0   0   0   0   1   0   1   0   1   1
3   0   1   0   0   0   0   0   0   0   0   1   0
4   0   0   1   0   0   0   0   0   0   0   0   0
5   0   0   0   0   0   1   0   0   0   1   0   0
6   0   0   0   0   1   0   0   1   0   0   0   0

S_minus:
   1   2   3   4   5   6   7   8   9   10  11  12
1   0   1   0   0   0   0   1   1   0   1   1   0
2   0   0   0   0   2   0   0   0   0   0   0   0
3   0   0   1   1   0   1   0   0   0   0   0   0
4   1   0   0   1   0   0   0   0   0   0   1   1
5   0   0   0   0   0   0   1   0   0   0   0   0
6   1   1   0   0   0   0   0   0   1   1   0   0

# Realization 1398
S_plus:
   1  2  3  4  5  6  7  8  9
1  0  0  0  0  1  1  1  1  0
2  2  0  1  0  0  0  0  0  0
3  0  1  1  0  0  0  0  0  0
4  0  0  0  1  0  0  0  0  0
5  0  0  0  0  0  0  0  1  2

S_minus:
   1  2  3  4  5  6  7  8  9
1  0  1  0  0  0  0  0  0  1
2  0  1  0  0  1  1  0  0  0
3  1  0  0  1  0  0  0  1  0
4  0  0  1  0  0  1  0  1  1
5  0  0  1  0  1  0  1  0  0

# Realization 1399
S_plus:
   1   2   3   4   5   6   7   8   9   10
1   0   0   0   1   0   0   0   0   0   0
2   0   0   0   0   0   0   0   1   0   0
3   0   0   0   0   1   0   0   1   0   0
4   1   1   2   0   0   1   0   0   0   0
5   0   0   0   0   0   0   1   0   2   0
6   0   1   0   0   0   1   0   0   0   1

S_minus:
   1   2   3   4   5   6   7   8   9   10
1   2   1   1   0   0   1   1   0   0   0
2   0   0   0   1   0   1   0   0   0   1
3   0   0   0   0   0   0   0   0   1   0
4   0   0   0   1   0   0   1   0   1   1
5   0   1   0   0   0   0   0   2   0   0
6   0   0   1   0   1   0   0   0   0   0

# Realization 1400
S_plus:
   1  2  3  4  5
1  1  0  1  0  0
2  0  0  0  1  0
3  0  0  0  1  1
4  0  1  0  0  0

S_minus:
   1  2  3  4  5
1  0  1  0  2  0
2  0  0  1  0  1
3  0  1  1  0  0
4  1  0  0  0  0

# Realization 1401
S_plus:
   1  2  3  4
1  0  0  0  1
2  0  1  0  1
3  1  0  1  0

S_minus:
   1  2  3  4
1  1  0  1  0
2  1  0  0  0
3  0  2  0  2

# Realization 1402
S_plus:
   1  2  3  4  5
1  0  1  1  0  0
2  0  1  0  0  0
3  1  0  0  0  2
4  0  0  0  1  0

S_minus:
   1  2  3  4  5
1  1  0  0  1  0
2  0  0  0  1  0
3  0  1  1  0  0
4  0  1  1  0  1

# Realization 1403
S_plus:
    1  2  3  4  5  6  7  8  9
1   0  0  0  0  0  0  0  0  1
2   0  0  0  0  0  0  0  1  0
3   1  0  0  0  0  0  0  0  0
4   0  0  0  0  0  0  0  1  0
5   0  0  0  0  1  0  0  0  0
6   0  0  0  1  0  0  0  0  0
7   0  0  0  0  0  0  1  0  0
8   0  0  1  0  0  0  0  0  0
9   0  0  0  0  1  0  1  0  1
10  0  0  0  0  0  1  0  0  0
11  0  1  0  0  0  0  0  0  0

S_minus:
    1  2  3  4  5  6  7  8  9
1   0  1  1  0  0  0  0  1  0
2   0  0  1  0  0  0  0  0  0
3   0  1  0  0  0  0  0  0  0
4   0  0  0  0  0  0  0  0  1
5   0  0  0  1  0  0  0  0  0
6   1  0  0  0  0  1  0  0  0
7   0  0  0  0  1  0  0  0  0
8   0  0  0  0  0  1  0  1  0
9   1  0  0  0  0  0  0  0  0
10  0  0  0  0  1  0  0  0  0
11  0  0  0  0  0  0  1  0  0

# Realization 1404
S_plus:
   1  2  3  4
1  0  1  0  2
2  1  0  1  0
3  0  0  1  0
4  1  0  0  0

S_minus:
   1  2  3  4
1  1  0  0  0
2  0  1  0  0
3  1  1  0  0
4  0  0  2  1

# Realization 1405
S_plus:
   1  2  3
1  0  0  1
2  0  1  0
3  1  0  0

S_minus:
   1  2  3
1  0  1  0
2  1  0  1
3  0  1  0

# Realization 1406
S_plus:
    1   2   3   4   5   6   7   8   9   10  11  12
1    0   0   0   0   0   0   1   0   0   1   1   0
2    0   0   1   1   0   0   0   1   0   1   0   0
3    0   0   0   0   0   0   0   0   0   0   0   1
4    0   0   0   0   0   1   0   0   0   0   0   0
5    1   0   1   0   0   0   0   0   0   0   0   0
6    0   1   0   0   0   0   0   0   0   0   0   0
7    0   1   0   0   0   0   0   0   0   0   0   0
8    0   0   0   0   0   0   0   0   0   0   0   1
9    0   0   0   0   0   1   0   0   0   0   0   0
10   1   0   0   0   1   0   1   0   1   0   0   0

S_minus:
    1   2   3   4   5   6   7   8   9   10  11  12
1    0   0   1   0   0   0   0   0   0   0   0   2
2    0   0   0   0   0   1   0   0   0   0   0   0
3    0   2   0   0   1   0   1   0   0   1   0   0
4    2   0   0   0   0   0   0   0   0   0   1   0
5    0   0   0   1   0   0   0   0   0   0   0   0
6    0   0   0   1   0   0   0   0   0   0   0   0
7    0   0   0   0   0   0   1   1   0   0   0   0
8    0   0   0   0   0   0   0   1   0   0   0   0
9    0   0   0   0   0   0   0   0   2   0   1   0
10   0   0   0   0   0   1   0   0   0   0   0   0

# Realization 1407
S_plus:
   1  2  3  4  5
1  2  0  0  0  1
2  0  0  0  1  0
3  0  0  1  0  1
4  0  2  0  0  0

S_minus:
   1  2  3  4  5
1  0  1  1  0  0
2  2  0  0  0  1
3  0  1  0  2  0
4  0  0  1  0  0

# Realization 1408
S_plus:
   1  2  3  4  5  6  7
1  1  0  0  0  1  0  0
2  0  1  0  0  0  0  0
3  0  0  2  1  0  0  1
4  0  0  0  1  0  2  0

S_minus:
   1  2  3  4  5  6  7
1  0  0  0  1  0  1  1
2  1  0  1  1  0  1  0
3  0  1  0  0  1  0  0
4  0  1  1  0  1  0  1

# Realization 1409
S_plus:
   1  2  3  4  5  6  7
1  0  0  1  0  0  0  0
2  0  1  1  1  1  0  1
3  0  0  0  0  0  1  0
4  1  0  0  0  1  1  0

S_minus:
   1  2  3  4  5  6  7
1  1  0  0  1  2  1  0
2  1  0  0  0  0  0  0
3  0  1  0  0  0  0  2
4  0  1  2  0  0  0  0

# Realization 1410
S_plus:
   1  2  3  4  5  6
1  1  0  0  0  0  0
2  0  0  0  2  0  1
3  0  0  1  0  1  0
4  1  1  0  0  0  0

S_minus:
   1  2  3  4  5  6
1  0  1  1  1  1  0
2  1  0  0  0  0  0
3  1  0  0  0  0  0
4  0  0  1  0  0  2

# Realization 1411
S_plus:
   1  2  3  4  5  6
1  0  1  0  0  0  0
2  0  0  1  0  1  0
3  0  0  0  1  1  0
4  1  0  0  0  0  2

S_minus:
   1  2  3  4  5  6
1  0  0  0  0  0  1
2  0  1  0  2  0  0
3  2  1  0  0  0  1
4  0  0  1  0  2  0

# Realization 1412
S_plus:
   1  2  3  4  5  6  7  8
1  0  0  0  0  0  1  0  0
2  0  0  1  0  0  0  0  0
3  1  0  0  0  0  0  1  1
4  0  0  1  0  0  0  0  1
5  0  0  0  1  0  0  0  0
6  0  1  0  0  1  0  0  0

S_minus:
   1  2  3  4  5  6  7  8
1  0  0  1  0  0  0  0  0
2  1  0  0  1  0  0  0  2
3  0  0  1  0  0  1  0  0
4  0  1  0  0  0  1  0  0
5  0  0  0  0  1  0  1  0
6  0  0  0  1  0  0  0  0

# Realization 1413
S_plus:
   1  2  3  4  5  6  7  8  9
1  0  1  0  0  0  0  1  0  0
2  0  0  0  1  1  0  0  0  0
3  0  0  0  1  0  0  0  0  0
4  1  0  0  0  0  1  0  0  0
5  0  0  0  0  1  0  0  2  1
6  0  0  1  0  0  0  0  0  0

S_minus:
   1  2  3  4  5  6  7  8  9
1  1  0  0  0  0  1  0  0  0
2  0  0  0  0  0  0  0  1  0
3  0  0  0  0  1  0  1  0  1
4  0  1  1  1  0  0  1  0  0
5  0  1  0  0  0  0  0  0  0
6  1  0  0  0  0  0  0  0  0

# Realization 1414
S_plus:
   1  2  3  4
1  0  0  0  1
2  0  1  2  0
3  1  0  0  0

S_minus:
   1  2  3  4
1  0  1  1  0
2  1  0  0  1
3  0  0  1  1

# Realization 1415
S_plus:
   1  2  3  4  5
1  0  0  0  1  0
2  0  0  0  1  1
3  2  1  1  0  0
4  0  1  0  0  1
5  0  0  1  0  0

S_minus:
   1  2  3  4  5
1  1  0  0  0  2
2  1  1  0  0  0
3  0  0  0  1  0
4  0  0  1  0  0
5  0  1  0  1  0

# Realization 1416
S_plus:
   1  2  3  4  5  6  7  8
1  0  0  0  1  0  0  2  0
2  0  0  0  0  1  0  0  1
3  1  0  1  1  1  0  0  1
4  0  1  0  0  0  0  0  0
5  0  0  0  0  0  1  0  0

S_minus:
   1  2  3  4  5  6  7  8
1  1  0  1  0  0  0  0  1
2  1  0  0  1  0  0  1  0
3  0  0  0  0  0  1  0  0
4  0  0  0  0  1  1  0  1
5  0  1  0  1  0  0  0  0

# Realization 1417
S_plus:
   1  2  3  4  5
1  1  0  0  1  0
2  0  1  1  0  0
3  1  0  1  0  1

S_minus:
   1  2  3  4  5
1  0  1  2  0  2
2  2  0  0  1  0
3  0  1  0  1  0

# Realization 1418
S_plus:
   1  2  3  4
1  1  0  1  0
2  1  1  0  0
3  0  0  0  1

S_minus:
   1  2  3  4
1  0  0  0  1
2  0  0  0  1
3  2  2  1  0

# Realization 1419
S_plus:
   1  2  3  4  5
1  0  0  1  0  0
2  1  1  1  0  0
3  1  0  0  0  1
4  0  1  0  1  0

S_minus:
   1  2  3  4  5
1  0  1  0  1  1
2  0  0  0  1  0
3  0  1  1  0  0
4  1  0  1  0  0

# Realization 1420
S_plus:
   1  2  3  4  5  6  7  8
1  0  0  1  0  0  0  0  1
2  0  0  0  1  0  0  0  0
3  0  1  0  0  0  0  0  1
4  0  1  0  0  1  0  0  0
5  0  0  0  0  0  0  1  0
6  0  0  0  1  0  2  0  0
7  1  0  0  0  0  0  0  0

S_minus:
   1  2  3  4  5  6  7  8
1  0  0  0  1  0  0  0  0
2  0  0  0  0  0  0  1  0
3  0  0  0  0  0  0  1  0
4  0  0  2  0  0  0  0  0
5  2  1  0  0  1  2  0  1
6  0  1  0  0  0  0  0  0
7  0  0  0  1  0  0  0  0

# Realization 1421
S_plus:
   1  2  3  4  5
1  1  1  0  0  1
2  0  0  1  0  0
3  0  1  0  1  0

S_minus:
   1  2  3  4  5
1  0  0  0  1  0
2  2  2  0  1  1
3  0  0  1  0  1

# Realization 1422
S_plus:
   1  2  3  4
1  0  1  0  1
2  1  0  0  1
3  0  0  2  0
4  1  0  0  0

S_minus:
   1  2  3  4
1  1  0  1  0
2  0  0  1  0
3  1  0  0  1
4  0  1  0  1

# Realization 1423
S_plus:
   1  2  3  4  5
1  0  0  1  0  0
2  1  0  0  1  0
3  0  0  0  0  1
4  0  1  0  1  1

S_minus:
   1  2  3  4  5
1  0  0  0  0  1
2  0  0  1  0  0
3  0  1  1  1  0
4  2  0  0  0  0

# Realization 1424
S_plus:
   1  2  3  4  5
1  0  1  0  1  0
2  1  0  1  1  0
3  0  0  0  0  2

S_minus:
   1  2  3  4  5
1  0  0  1  0  0
2  0  0  0  0  2
3  2  1  1  2  0

# Realization 1425
S_plus:
   1  2  3  4  5  6  7  8
1  0  0  0  1  0  0  0  0
2  0  0  0  0  0  1  0  0
3  1  0  1  1  0  0  0  0
4  0  0  0  0  1  1  0  1
5  0  2  0  0  0  0  1  0

S_minus:
   1  2  3  4  5  6  7  8
1  0  0  0  0  1  0  0  0
2  2  1  1  0  0  0  0  2
3  0  1  0  0  0  0  1  0
4  0  0  0  0  0  0  1  0
5  0  0  1  2  1  1  0  0

# Realization 1426
S_plus:
   1   2   3   4   5   6   7   8   9   10  11
1   0   0   1   0   0   1   0   0   1   0   0
2   0   1   0   1   0   0   0   1   0   0   0
3   1   0   0   0   1   1   0   0   0   0   0
4   1   0   0   0   0   0   1   0   0   0   1
5   0   1   0   0   0   0   0   0   0   1   0

S_minus:
   1   2   3   4   5   6   7   8   9   10  11
1   0   0   0   0   1   0   1   1   0   0   0
2   0   0   0   0   0   1   1   0   1   0   1
3   0   2   0   0   0   0   0   0   1   0   1
4   0   0   0   1   0   0   0   1   0   1   0
5   2   0   1   0   1   1   0   0   0   0   0

# Realization 1427
S_plus:
   1  2  3  4  5  6  7  8
1  0  0  0  1  0  0  0  0
2  0  0  0  0  1  1  1  0
3  0  0  0  0  1  0  0  0
4  0  1  0  0  0  0  0  1
5  1  0  2  0  0  1  0  0

S_minus:
   1  2  3  4  5  6  7  8
1  0  1  1  0  1  1  0  0
2  1  0  0  0  0  0  0  0
3  0  0  0  1  0  0  0  1
4  0  0  1  0  0  1  1  0
5  0  0  0  1  1  0  0  0

# Realization 1428
S_plus:
   1   2   3   4   5   6   7   8   9   10  11  12
1   0   1   0   0   0   0   0   1   0   0   0   0
2   0   0   0   1   0   0   0   0   0   0   0   0
3   1   0   0   0   0   0   0   0   0   0   1   0
4   0   0   1   0   0   0   0   1   0   0   0   0
5   0   0   1   0   0   0   0   0   1   1   0   0
6   0   0   0   0   0   0   1   0   0   0   0   0
7   0   0   0   0   0   0   1   0   0   0   1   0
8   0   0   0   0   0   0   0   0   0   0   0   1
9   0   0   0   0   1   2   0   0   1   1   0   0

S_minus:
   1   2   3   4   5   6   7   8   9   10  11  12
1   0   0   1   0   0   0   0   0   0   0   0   1
2   0   0   0   0   1   0   0   0   0   0   0   1
3   0   0   0   0   0   0   1   1   1   1   0   0
4   0   0   0   2   0   0   0   0   0   1   0   0
5   0   1   0   0   0   0   0   0   0   0   1   0
6   0   1   1   0   0   1   0   0   0   0   0   0
7   0   0   0   0   0   1   0   0   0   0   0   0
8   1   0   0   0   0   0   1   0   1   0   0   0
9   0   0   0   0   0   0   0   1   0   0   1   0

# Realization 1429
S_plus:
   1  2  3  4  5  6  7  8
1  1  0  0  1  0  0  0  0
2  0  1  0  0  0  1  0  0
3  0  0  1  0  1  0  0  0
4  0  0  0  0  0  0  1  0
5  0  0  0  0  0  0  0  1

S_minus:
   1  2  3  4  5  6  7  8
1  0  0  1  0  1  0  0  0
2  0  0  0  1  0  0  2  1
3  1  0  0  0  0  1  0  0
4  1  0  0  0  0  0  0  1
5  0  1  1  0  0  1  0  0

# Realization 1430
S_plus:
   1  2  3  4  5  6  7  8
1  0  0  1  0  0  0  0  0
2  0  0  0  0  0  1  1  0
3  0  0  0  0  1  0  0  0
4  0  1  0  0  0  0  0  1
5  0  0  1  2  0  0  0  0
6  1  0  0  0  0  1  0  0

S_minus:
   1  2  3  4  5  6  7  8
1  0  0  0  0  0  0  0  1
2  0  0  1  0  1  0  0  1
3  0  0  1  1  0  1  0  0
4  1  0  0  1  1  0  0  0
5  1  1  0  0  0  0  1  0
6  0  1  0  0  0  0  0  0

# Realization 1431
S_plus:
   1  2  3  4  5  6  7
1  2  1  1  0  1  0  1
2  0  0  0  0  0  1  0
3  0  1  0  0  0  0  0
4  0  0  0  1  0  0  1

S_minus:
   1  2  3  4  5  6  7
1  0  0  0  1  0  0  0
2  0  1  1  1  1  0  1
3  0  0  0  0  1  2  1
4  1  0  0  0  0  0  0

# Realization 1432
S_plus:
   1  2  3  4  5  6  7  8  9
1  0  0  0  0  0  0  1  0  0
2  0  0  0  0  1  0  0  0  0
3  1  0  0  0  0  0  0  0  0
4  0  0  0  2  0  1  0  1  1
5  0  0  1  0  1  0  0  0  0
6  0  0  0  0  0  0  1  0  0
7  0  0  0  0  0  1  0  0  0
8  0  1  0  0  0  0  0  1  0

S_minus:
   1  2  3  4  5  6  7  8  9
1  0  0  0  1  0  0  0  0  0
2  0  0  0  0  0  0  1  0  0
3  0  0  1  0  0  0  1  1  1
4  1  1  1  0  1  0  0  0  0
5  0  0  0  0  0  1  0  0  0
6  0  0  0  1  0  1  0  0  0
7  1  1  0  0  0  0  0  1  0
8  0  0  0  0  1  0  0  0  0

# Realization 1433
S_plus:
   1   2   3   4   5   6   7   8   9   10  11
1   1   1   1   0   0   0   1   0   0   0   0
2   0   1   0   0   1   0   0   0   0   0   0
3   0   0   0   0   0   0   0   1   0   0   0
4   0   0   0   0   1   1   0   0   0   0   1
5   0   0   0   0   0   0   0   0   0   1   0
6   1   0   1   0   0   1   0   0   0   0   0
7   0   0   0   1   0   0   0   0   1   0   1

S_minus:
   1   2   3   4   5   6   7   8   9   10  11
1   0   0   0   1   0   0   0   0   0   1   1
2   0   0   1   0   0   0   0   0   1   1   0
3   0   1   0   0   0   1   1   0   0   0   0
4   0   0   0   1   0   0   1   0   0   0   0
5   1   1   0   0   1   0   0   0   0   0   1
6   0   0   0   0   1   0   0   1   0   0   0
7   0   0   0   0   0   0   0   1   0   0   0

# Realization 1434
S_plus:
   1   2   3   4   5   6   7   8   9   10  11
1   0   1   0   1   0   0   0   0   0   0   0
2   0   0   0   0   0   0   0   0   0   0   1
3   1   0   0   0   1   0   0   0   1   1   0
4   1   0   2   0   0   1   0   1   0   0   0
5   0   0   0   0   0   0   1   0   0   0   0

S_minus:
   1   2   3   4   5   6   7   8   9   10  11
1   0   0   0   0   1   0   0   1   0   1   0
2   0   1   2   0   0   0   1   1   0   0   0
3   0   1   0   1   0   1   0   0   0   0   0
4   0   0   0   0   0   0   1   0   0   1   0
5   2   0   0   0   1   0   0   0   1   0   1

# Realization 1435
S_plus:
   1  2  3  4  5
1  0  1  1  0  0
2  0  0  0  1  1
3  1  1  0  0  0

S_minus:
   1  2  3  4  5
1  1  0  0  1  0
2  1  2  1  0  0
3  0  0  0  1  1

# Realization 1436
S_plus:
   1  2  3
1  1  0  1
2  0  1  1
3  0  1  0

S_minus:
   1  2  3
1  0  2  0
2  1  0  0
3  1  0  1

# Realization 1437
S_plus:
   1  2  3  4
1  1  0  0  0
2  0  0  1  2
3  0  1  0  0

S_minus:
   1  2  3  4
1  0  1  1  1
2  1  1  0  0
3  1  0  0  0

# Realization 1438
S_plus:
   1  2  3  4  5
1  0  0  0  1  0
2  0  0  1  0  0
3  1  1  0  0  1

S_minus:
   1  2  3  4  5
1  0  1  2  0  1
2  1  1  0  1  0
3  0  0  0  1  0

# Realization 1439
S_plus:
   1  2  3  4  5  6  7  8  9
1  0  0  0  0  0  0  0  0  1
2  2  0  0  1  0  1  0  0  0
3  0  2  0  0  1  0  0  0  0
4  0  0  2  0  0  0  1  1  0

S_minus:
   1  2  3  4  5  6  7  8  9
1  0  1  0  2  1  1  0  0  0
2  0  0  1  0  0  0  0  1  0
3  1  0  1  0  0  0  2  0  2
4  1  1  0  0  0  1  0  0  0

# Realization 1440
S_plus:
   1  2  3  4  5  6
1  0  2  0  0  1  0
2  0  0  0  1  0  0
3  1  0  1  0  0  2

S_minus:
   1  2  3  4  5  6
1  0  0  1  2  0  1
2  1  1  1  0  1  0
3  0  1  0  0  1  0

# Realization 1441
S_plus:
   1   2   3   4   5   6   7   8   9   10  11  12
1   0   0   0   0   0   0   0   0   1   1   0   0
2   1   0   0   0   1   0   1   0   0   1   1   1
3   0   1   2   0   0   0   0   0   1   0   0   0
4   0   0   0   1   0   1   0   0   0   0   0   0
5   0   0   0   0   0   0   0   1   0   0   0   0
6   0   0   0   0   1   1   0   0   0   0   0   0

S_minus:
   1   2   3   4   5   6   7   8   9   10  11  12
1   1   0   0   0   0   0   0   0   0   0   0   0
2   0   0   0   0   0   1   0   0   0   0   0   0
3   0   0   0   0   0   0   0   0   0   0   0   1
4   0   0   0   0   1   0   0   1   0   0   1   0
5   1   1   1   1   1   1   1   0   1   1   1   0
6   0   0   0   1   0   0   0   0   1   1   0   1

# Realization 1442
S_plus:
   1  2  3  4  5  6  7
1  0  0  0  0  1  0  1
2  1  0  0  0  0  1  0
3  0  0  0  0  0  1  0
4  1  0  1  2  0  0  0
5  0  0  0  0  1  0  0
6  0  2  1  0  0  0  0

S_minus:
   1  2  3  4  5  6  7
1  0  0  2  1  0  2  0
2  0  1  0  0  0  0  0
3  0  1  0  1  1  0  0
4  0  0  0  0  0  0  1
5  1  0  0  0  0  0  0
6  1  0  0  0  1  0  1

# Realization 1443
S_plus:
   1  2  3  4
1  2  0  0  0
2  0  0  1  0
3  0  2  0  2

S_minus:
   1  2  3  4
1  0  1  2  0
2  1  1  0  1
3  1  0  0  0

# Realization 1444
S_plus:
   1   2   3   4   5   6   7   8   9   10  11
1   0   0   0   0   0   1   0   0   0   0   2
2   0   1   1   0   0   1   0   0   0   0   0
3   0   0   0   0   0   0   1   0   0   0   0
4   1   0   1   0   0   0   0   1   0   0   0
5   0   0   0   1   1   0   0   0   0   0   0
6   0   0   0   0   0   0   0   0   1   1   0

S_minus:
   1   2   3   4   5   6   7   8   9   10  11
1   0   0   0   1   0   0   0   0   0   1   0
2   1   0   0   0   0   0   1   1   0   0   0
3   0   0   1   1   0   0   0   1   0   0   0
4   0   1   0   0   1   0   0   0   0   1   0
5   0   0   0   0   0   1   0   0   1   0   0
6   0   1   0   0   1   1   1   0   0   0   1

# Realization 1445
S_plus:
   1   2   3   4   5   6   7   8   9   10  11
1   0   0   0   0   0   1   0   1   0   1   0
2   0   2   0   0   1   0   0   0   0   0   0
3   1   0   1   1   0   0   1   0   0   0   1
4   0   0   1   1   1   0   0   0   1   0   0

S_minus:
   1   2   3   4   5   6   7   8   9   10  11
1   1   1   1   1   2   0   0   0   0   0   0
2   1   0   0   1   0   1   1   1   1   0   1
3   0   0   0   0   0   0   0   1   1   0   0
4   0   1   0   0   0   1   1   0   0   2   0

# Realization 1446
S_plus:
   1  2  3  4  5  6  7  8
1  0  0  0  0  0  1  0  0
2  0  0  0  0  0  0  1  1
3  1  0  1  0  1  0  0  1
4  0  0  0  0  0  0  1  0
5  0  1  0  0  0  0  0  0
6  1  0  0  1  1  0  0  0
7  0  0  1  0  0  1  0  0

S_minus:
   1  2  3  4  5  6  7  8
1  0  0  1  0  0  0  0  0
2  0  0  0  0  1  0  0  0
3  0  1  0  0  0  1  1  0
4  1  0  1  1  0  0  0  0
5  1  0  0  0  0  0  1  0
6  0  1  0  0  0  1  0  1
7  0  0  0  0  1  0  0  0

# Realization 1447
S_plus:
   1  2  3  4  5  6  7  8  9
1  0  0  0  0  0  0  0  0  1
2  1  0  1  0  1  1  0  0  0
3  1  0  0  1  0  0  0  0  0
4  0  1  0  0  0  0  0  1  0
5  0  0  0  0  0  1  0  1  1
6  0  0  1  0  0  0  1  0  0

S_minus:
   1  2  3  4  5  6  7  8  9
1  0  1  1  0  0  0  0  1  0
2  0  0  0  1  0  0  0  0  0
3  0  0  1  0  0  0  2  1  2
4  1  0  0  1  0  1  0  0  0
5  0  1  0  0  1  0  0  0  0
6  1  0  0  0  0  0  0  0  0

# Realization 1448
S_plus:
   1  2  3  4  5  6  7  8
1  1  0  0  1  0  0  0  0
2  1  1  0  0  0  0  1  0
3  0  0  0  0  1  0  0  1
4  0  0  0  0  0  1  0  0
5  0  0  0  0  0  0  0  1
6  0  0  1  0  0  0  0  0

S_minus:
   1  2  3  4  5  6  7  8
1  0  0  0  0  1  0  0  0
2  0  0  0  1  0  0  0  0
3  1  0  1  0  0  0  0  0
4  0  0  1  0  0  0  0  0
5  0  1  0  0  0  1  0  0
6  1  0  0  0  0  1  1  1

# Realization 1449
S_plus:
   1   2   3   4   5   6   7   8   9   10  11
1   0   0   0   0   0   0   0   0   1   0   0
2   0   0   0   0   0   0   0   0   0   1   1
3   1   0   1   0   1   0   0   1   1   0   0
4   0   1   1   0   0   1   1   0   0   1   0
5   1   0   0   1   0   0   0   0   0   0   0

S_minus:
   1   2   3   4   5   6   7   8   9   10  11
1   0   0   0   0   0   0   1   0   0   0   1
2   2   0   0   1   0   1   0   1   0   0   0
3   0   0   0   0   0   1   0   0   0   1   0
4   0   0   0   1   0   0   0   0   1   0   0
5   0   1   1   0   1   0   0   0   1   1   0

# Realization 1450
S_plus:
   1  2  3  4  5  6  7  8
1  0  0  0  0  0  0  0  1
2  1  0  1  0  1  1  0  0
3  0  0  0  1  1  0  1  0
4  0  1  1  0  0  0  1  0

S_minus:
   1  2  3  4  5  6  7  8
1  1  0  1  1  2  1  1  0
2  0  1  0  0  0  0  1  0
3  0  0  0  0  0  0  0  1
4  0  0  0  0  0  1  0  1

# Realization 1451
S_plus:
   1   2   3   4   5   6   7   8   9   10
1   0   0   1   1   0   0   0   0   0   0
2   1   0   0   0   0   0   1   0   0   0
3   0   0   0   0   1   2   1   0   1   0
4   0   1   0   0   0   0   0   0   0   1
5   0   0   1   1   0   0   0   0   1   0
6   0   0   0   0   0   0   0   1   0   0

S_minus:
   1   2   3   4   5   6   7   8   9   10
1   0   0   0   0   0   0   1   0   0   0
2   0   1   1   0   1   1   0   1   0   0
3   0   0   0   1   0   0   0   1   0   0
4   0   0   1   1   0   0   1   0   1   0
5   1   0   0   0   0   1   0   0   0   0
6   0   1   0   0   0   0   0   0   0   2

# Realization 1452
S_plus:
   1   2   3   4   5   6   7   8   9   10  11
1   1   0   0   1   0   0   0   0   0   0   0
2   0   0   1   0   0   1   0   0   0   0   0
3   0   1   0   0   0   0   0   0   1   1   0
4   1   0   0   0   2   0   2   0   0   0   1
5   0   0   0   1   0   0   0   1   0   0   0

S_minus:
   1   2   3   4   5   6   7   8   9   10  11
1   0   0   1   0   0   0   0   1   1   0   0
2   1   2   0   0   1   0   0   0   0   1   0
3   0   0   1   2   0   2   1   1   0   0   1
4   0   0   0   0   0   0   0   0   0   1   0
5   0   0   0   0   0   0   1   0   0   0   0

# Realization 1453
S_plus:
   1   2   3   4   5   6   7   8   9   10
1   0   0   2   0   1   0   1   0   0   0
2   0   0   0   0   0   0   0   0   1   0
3   0   1   0   0   0   0   0   0   1   1
4   0   0   0   1   0   0   0   0   0   0
5   0   0   0   0   0   1   0   1   0   1
6   1   0   0   0   0   1   1   0   0   0

S_minus:
   1   2   3   4   5   6   7   8   9   10
1   0   0   0   0   0   1   0   0   0   0
2   0   0   0   0   0   0   1   0   0   0
3   0   0   0   0   0   0   0   1   0   0
4   0   2   1   0   1   1   1   0   0   1
5   1   0   1   1   0   0   0   0   0   0
6   0   0   0   1   1   0   0   1   1   0

# Realization 1454
S_plus:
   1  2  3  4  5  6  7  8  9
1  0  0  0  1  1  0  0  0  1
2  0  0  0  0  0  1  0  1  0
3  0  0  0  0  0  1  2  0  0
4  0  0  1  0  0  0  0  0  0
5  1  1  1  0  0  0  0  0  1

S_minus:
   1  2  3  4  5  6  7  8  9
1  0  0  0  0  0  1  0  0  0
2  2  1  1  1  0  0  1  0  0
3  0  0  1  0  0  0  0  0  1
4  0  0  0  0  2  1  0  1  1
5  0  0  0  0  0  0  1  0  0

# Realization 1455
S_plus:
   1   2   3   4   5   6   7   8   9   10
1   0   0   0   1   0   0   1   0   1   0
2   0   0   0   0   0   0   0   0   0   1
3   0   0   1   0   0   0   1   0   0   0
4   0   1   1   1   0   0   0   0   0   0
5   0   0   0   0   0   0   0   0   1   0
6   1   0   0   0   0   0   0   1   0   1
7   0   0   0   0   2   1   0   0   0   0

S_minus:
   1   2   3   4   5   6   7   8   9   10
1   1   0   0   0   0   0   0   0   0   0
2   0   1   1   1   0   1   0   0   0   0
3   0   0   0   1   1   0   0   0   0   0
4   1   0   0   0   0   0   0   0   1   0
5   0   0   0   0   0   0   1   1   0   2
6   0   1   0   0   1   1   1   0   0   0
7   0   0   1   0   0   0   0   1   1   0

# Realization 1456
S_plus:
   1  2  3  4
1  1  0  0  1
2  0  1  0  0
3  0  0  1  1
4  0  0  1  0

S_minus:
   1  2  3  4
1  0  0  1  0
2  1  0  1  1
3  0  1  0  0
4  0  1  0  0

# Realization 1457
S_plus:
   1   2   3   4   5   6   7   8   9   10  11
1   0   1   1   1   1   0   0   0   0   2   0
2   0   0   0   0   0   1   0   1   1   0   0
3   1   0   1   0   0   0   1   0   1   0   2
4   0   0   0   0   0   0   0   1   0   0   0

S_minus:
   1   2   3   4   5   6   7   8   9   10  11
1   1   0   0   0   0   0   0   2   1   0   1
2   0   0   1   2   0   0   1   0   0   0   0
3   0   1   0   0   0   2   0   0   0   1   0
4   1   1   1   0   2   0   1   0   1   1   1

# Realization 1458
S_plus:
   1   2   3   4   5   6   7   8   9   10
1   0   0   1   0   0   0   0   1   1   0
2   1   0   1   0   0   0   0   0   0   0
3   1   1   0   0   0   0   0   0   1   0
4   0   0   0   1   1   1   2   0   0   0
5   0   0   0   0   1   0   0   0   0   0
6   0   0   0   0   0   0   0   0   0   1

S_minus:
   1   2   3   4   5   6   7   8   9   10
1   0   1   0   0   1   0   0   0   0   0
2   0   0   0   0   1   1   1   0   0   0
3   0   0   0   2   0   0   0   0   0   0
4   0   1   0   0   0   0   0   0   0   0
5   1   0   0   0   0   0   1   1   1   2
6   0   0   1   0   0   0   0   0   0   0

# Realization 1459
S_plus:
   1  2  3  4
1  1  0  0  0
2  1  0  0  1
3  0  1  1  0

S_minus:
   1  2  3  4
1  0  0  1  0
2  0  1  1  0
3  2  0  0  2

# Realization 1460
S_plus:
   1  2  3  4  5  6  7  8
1  0  0  0  0  1  0  0  0
2  1  1  0  0  0  1  0  0
3  0  0  0  0  0  1  0  1
4  0  0  1  1  0  0  1  0

S_minus:
   1  2  3  4  5  6  7  8
1  0  0  2  1  0  2  0  1
2  0  0  0  0  0  0  0  1
3  1  1  0  1  1  0  1  0
4  1  0  0  0  1  0  0  0

# Realization 1461
S_plus:
   1  2  3  4
1  2  0  1  0
2  0  1  0  0
3  0  0  0  1

S_minus:
   1  2  3  4
1  0  1  0  0
2  0  0  0  1
3  2  1  1  0

# Realization 1462
S_plus:
   1   2   3   4   5   6   7   8   9   10
1   0   0   1   0   0   0   0   0   2   1
2   0   0   0   0   0   0   1   0   0   0
3   1   1   0   1   0   0   0   1   0   0
4   1   0   0   0   1   1   0   1   0   0

S_minus:
   1   2   3   4   5   6   7   8   9   10
1   0   0   0   0   2   0   0   1   0   0
2   2   1   0   0   0   1   0   1   1   0
3   0   0   0   0   0   0   2   0   0   1
4   0   0   1   1   0   0   0   0   1   0

# Realization 1463
S_plus:
   1  2  3  4  5  6
1  0  0  2  0  1  0
2  1  0  0  0  0  0
3  1  2  0  2  0  0
4  0  0  0  0  1  2

S_minus:
   1  2  3  4  5  6
1  2  1  0  0  0  0
2  0  0  1  1  1  1
3  0  0  0  0  0  1
4  0  0  1  0  0  0

# Realization 1464
S_plus:
   1   2   3   4   5   6   7   8   9   10
1   1   0   0   0   0   1   0   0   0   1
2   0   0   0   1   0   0   0   0   0   0
3   0   0   0   0   0   0   0   0   0   1
4   1   0   1   0   0   0   0   0   0   0
5   0   1   0   0   0   0   1   1   0   0
6   0   0   0   0   0   0   0   0   1   0
7   0   0   0   0   1   0   0   0   0   0
8   0   1   1   1   0   1   0   0   0   0

S_minus:
   1   2   3   4   5   6   7   8   9   10
1   0   0   1   0   0   0   0   0   1   0
2   1   0   0   0   0   0   0   0   0   0
3   0   0   0   1   1   0   0   1   0   0
4   0   1   0   0   0   1   0   0   1   0
5   0   0   1   0   0   0   0   0   0   2
6   0   1   0   0   0   0   1   0   0   0
7   0   0   0   0   0   1   0   1   0   0
8   1   0   0   0   0   0   0   0   0   0

# Realization 1465
S_plus:
   1  2  3  4  5  6  7  8
1  0  0  0  2  1  0  0  0
2  0  1  0  0  0  0  1  0
3  0  0  1  0  0  0  0  1
4  2  0  0  0  0  0  1  0
5  0  0  0  0  0  1  0  0

S_minus:
   1  2  3  4  5  6  7  8
1  1  1  0  0  0  0  0  1
2  0  0  0  0  0  1  0  0
3  0  0  0  0  0  1  1  0
4  0  0  0  1  0  0  0  1
5  1  0  1  1  1  0  0  0

# Realization 1466
S_plus:
   1  2  3  4  5  6  7
1  0  2  2  1  0  0  0
2  0  0  0  0  1  0  0
3  0  0  0  0  1  0  0
4  1  0  0  0  0  1  1

S_minus:
   1  2  3  4  5  6  7
1  0  0  0  0  1  1  0
2  1  2  1  0  0  1  0
3  1  0  0  1  0  0  2
4  0  0  0  1  1  0  0

# Realization 1467
S_plus:
   1  2  3  4  5  6  7  8
1  1  0  1  0  0  0  1  0
2  0  0  1  1  1  0  1  0
3  0  2  0  0  0  1  0  0
4  0  0  0  1  0  0  0  0
5  0  0  0  0  0  0  0  1

S_minus:
   1  2  3  4  5  6  7  8
1  0  0  0  1  1  0  0  1
2  0  0  0  0  0  1  0  0
3  1  0  1  0  0  0  0  0
4  1  1  1  0  0  0  0  1
5  0  0  0  0  0  1  1  0

# Realization 1468
S_plus:
   1  2  3  4  5  6  7  8
1  1  1  0  0  1  0  0  0
2  0  0  0  0  0  0  1  0
3  0  0  2  1  0  2  0  1

S_minus:
   1  2  3  4  5  6  7  8
1  0  0  2  0  0  0  1  1
2  1  1  0  1  2  1  0  0
3  0  1  0  0  0  0  1  0

# Realization 1469
S_plus:
   1   2   3   4   5   6   7   8   9   10
1   1   0   1   0   1   0   1   0   1   0
2   1   2   0   1   0   2   0   0   0   1
3   0   0   0   0   0   0   0   1   0   0

S_minus:
   1   2   3   4   5   6   7   8   9   10
1   0   0   0   1   0   0   0   2   0   0
2   0   0   2   0   1   0   0   0   0   0
3   1   1   0   0   1   2   1   0   2   1

# Realization 1470
S_plus:
   1  2  3  4  5  6
1  0  0  2  0  1  0
2  1  2  0  1  0  0
3  0  0  0  0  0  1

S_minus:
   1  2  3  4  5  6
1  0  1  0  2  0  1
2  0  0  1  0  0  1
3  2  1  1  0  1  0

# Realization 1471
S_plus:
   1  2  3  4  5
1  0  0  0  0  1
2  1  1  0  0  0
3  0  0  0  1  0
4  0  0  1  1  0

S_minus:
   1  2  3  4  5
1  1  1  0  1  0
2  0  0  1  1  0
3  0  1  1  0  0
4  1  0  0  0  1

# Realization 1472
S_plus:
   1  2  3  4  5  6  7
1  1  1  0  0  0  0  0
2  1  0  0  0  1  0  0
3  0  0  2  2  0  1  0
4  0  0  0  0  1  0  0
5  0  0  0  0  0  1  1

S_minus:
   1  2  3  4  5  6  7
1  0  0  0  0  1  2  0
2  0  0  0  1  0  0  0
3  0  0  0  0  0  0  1
4  0  1  1  0  0  0  1
5  1  0  0  0  1  0  0

# Realization 1473
S_plus:
   1  2  3  4  5
1  0  0  0  1  0
2  1  0  0  0  0
3  0  1  1  0  2

S_minus:
   1  2  3  4  5
1  1  1  1  0  1
2  0  0  1  1  1
3  0  0  0  1  0

# Realization 1474
S_plus:
   1  2  3  4
1  0  0  1  0
2  2  0  0  0
3  0  1  0  1

S_minus:
   1  2  3  4
1  1  1  0  0
2  0  1  1  2
3  1  0  0  0

# Realization 1475
S_plus:
   1  2  3  4  5  6  7  8  9
1  1  0  0  0  0  0  0  0  0
2  0  1  0  1  0  0  1  0  1
3  0  0  1  0  1  2  0  0  0
4  0  0  0  0  0  0  0  1  1

S_minus:
   1  2  3  4  5  6  7  8  9
1  0  1  1  0  1  1  0  1  1
2  0  0  0  0  0  1  0  0  0
3  2  0  0  1  0  0  2  1  0
4  0  0  1  0  0  0  0  0  0

# Realization 1476
S_plus:
   1   2   3   4   5   6   7   8   9   10  11
1   0   0   0   0   0   1   0   0   0   0   0
2   0   1   1   0   0   0   0   1   0   0   0
3   0   0   0   0   0   0   0   0   1   1   0
4   0   0   0   1   0   0   1   0   0   0   0
5   0   0   0   1   0   0   0   0   1   0   0
6   1   1   0   0   1   1   0   0   0   0   1

S_minus:
   1   2   3   4   5   6   7   8   9   10  11
1   0   1   1   1   0   0   1   0   1   1   0
2   1   0   0   0   0   1   0   0   0   0   0
3   0   0   0   1   0   0   0   0   0   0   1
4   0   1   1   0   1   0   0   1   0   0   0
5   0   0   0   0   0   1   0   0   0   1   0
6   0   0   0   0   0   0   1   0   0   0   0

# Realization 1477
S_plus:
   1  2  3  4  5  6  7  8  9
1  0  0  1  1  0  0  0  1  0
2  0  1  0  0  0  0  0  0  0
3  0  0  0  0  0  1  1  0  0
4  0  0  0  0  1  0  0  0  0
5  0  1  0  0  0  0  1  0  1
6  1  0  0  0  0  0  0  1  1

S_minus:
   1  2  3  4  5  6  7  8  9
1  1  0  0  0  0  1  0  0  0
2  0  0  0  1  1  0  1  0  0
3  0  0  1  0  1  0  0  0  1
4  1  0  0  0  0  1  1  2  0
5  0  0  0  1  0  0  0  0  0
6  0  1  0  0  0  0  0  0  0

# Realization 1478
S_plus:
   1   2   3   4   5   6   7   8   9   10  11  12
1   0   0   1   0   0   0   0   0   0   0   1   1
2   0   0   1   0   0   0   0   0   0   0   0   0
3   1   2   0   1   0   1   0   0   1   0   0   0
4   1   0   0   0   0   1   0   0   0   0   0   0
5   0   0   0   0   0   0   2   1   0   0   0   1
6   0   0   0   0   0   0   0   0   0   1   0   0
7   0   0   0   0   1   0   0   0   0   0   0   0

S_minus:
   1   2   3   4   5   6   7   8   9   10  11  12
1   1   1   0   0   0   0   0   1   0   0   0   0
2   0   0   0   0   1   0   0   0   1   1   1   1
3   0   0   0   0   0   0   1   0   0   0   0   0
4   0   0   0   1   0   0   0   0   0   0   0   0
5   0   1   0   0   0   0   0   0   0   0   0   0
6   0   0   1   0   0   0   0   0   1   0   0   0
7   0   0   1   0   0   1   0   0   0   0   1   1

# Realization 1479
S_plus:
   1  2  3  4
1  0  0  1  0
2  1  1  0  0
3  0  0  0  2

S_minus:
   1  2  3  4
1  1  0  0  1
2  0  0  1  1
3  1  1  1  0

# Realization 1480
S_plus:
   1  2  3  4  5  6
1  0  0  0  1  0  0
2  0  1  1  0  0  0
3  2  0  0  0  2  1
4  0  1  0  0  0  1

S_minus:
   1  2  3  4  5  6
1  0  1  1  0  0  1
2  1  0  0  1  1  0
3  0  1  1  1  0  0
4  0  0  0  0  1  0

# Realization 1481
S_plus:
   1  2  3  4  5  6  7
1  0  0  0  1  0  0  0
2  2  1  0  0  0  1  0
3  0  0  2  0  2  0  1

S_minus:
   1  2  3  4  5  6  7
1  1  1  1  0  1  2  0
2  0  0  1  1  0  0  1
3  1  1  0  1  0  0  0

# Realization 1482
S_plus:
   1  2  3  4  5  6  7
1  0  1  1  0  0  0  0
2  1  0  1  0  0  1  0
3  1  0  0  2  0  0  1
4  0  0  0  0  1  0  0

S_minus:
   1  2  3  4  5  6  7
1  0  0  0  0  2  0  1
2  0  0  0  1  0  0  0
3  0  1  2  0  0  0  0
4  2  1  0  1  0  2  1

# Realization 1483
S_plus:
   1  2  3
1  1  1  0
2  1  0  0
3  0  0  1

S_minus:
   1  2  3
1  0  0  2
2  0  1  0
3  1  1  0

# Realization 1484
S_plus:
   1  2  3  4  5  6  7  8
1  0  0  1  0  0  0  1  0
2  0  0  0  0  0  1  0  0
3  1  0  0  1  0  0  0  1
4  0  1  0  0  0  0  0  0
5  0  1  1  0  1  0  0  0
6  0  0  0  0  0  1  0  0

S_minus:
   1  2  3  4  5  6  7  8
1  0  1  0  0  1  0  0  1
2  1  0  0  0  0  0  0  0
3  0  0  0  0  0  0  1  0
4  0  0  1  0  1  1  0  0
5  0  0  0  1  0  0  0  0
6  0  1  1  1  0  0  1  0

# Realization 1485
S_plus:
   1   2   3   4   5   6   7   8   9   10  11  12
1   0   0   0   0   0   0   1   0   0   0   0   0
2   0   0   0   0   0   0   0   0   0   1   1   0
3   0   0   0   0   0   1   0   0   2   0   0   0
4   0   0   1   0   0   0   0   0   0   0   0   0
5   0   0   0   0   1   0   0   0   0   0   1   1
6   0   2   0   0   0   0   0   0   0   1   0   1
7   1   0   0   0   0   0   0   0   0   0   0   0
8   0   0   0   1   0   0   0   0   0   0   0   0
9   0   0   0   1   0   0   1   1   0   0   0   0

S_minus:
   1   2   3   4   5   6   7   8   9   10  11  12
1   0   0   0   1   0   0   0   1   0   0   0   0
2   0   0   1   1   0   0   0   0   0   0   0   0
3   1   0   0   0   0   0   0   0   0   0   0   0
4   1   0   0   0   0   0   0   0   0   0   0   0
5   0   0   1   0   0   0   0   0   0   0   0   0
6   0   0   0   0   0   2   0   0   0   0   0   0
7   0   1   0   0   0   0   1   0   1   1   0   0
8   0   0   0   0   1   0   0   0   1   0   1   1
9   0   0   0   0   0   0   0   0   0   0   0   1

# Realization 1486
S_plus:
   1   2   3   4   5   6   7   8   9   10
1   0   0   1   0   0   0   0   0   0   1
2   0   0   1   0   0   0   1   0   0   0
3   0   0   0   1   0   0   0   0   1   0
4   1   1   0   0   0   0   1   1   0   0
5   0   0   0   0   0   2   0   0   0   0
6   0   0   0   0   1   0   0   0   1   0
7   0   1   0   0   0   0   0   0   0   0

S_minus:
   1   2   3   4   5   6   7   8   9   10
1   0   0   0   0   0   0   0   1   0   0
2   1   0   0   1   1   0   0   0   0   0
3   0   0   1   0   0   1   0   0   0   0
4   0   0   0   0   1   0   0   0   1   0
5   0   0   0   0   0   0   1   1   0   1
6   0   2   0   1   0   1   0   0   0   1
7   0   0   0   0   0   0   1   0   1   0

# Realization 1487
S_plus:
   1  2  3  4  5  6  7  8
1  2  1  0  0  0  0  1  0
2  0  0  0  0  0  1  0  0
3  0  0  0  1  0  0  1  1
4  0  0  1  1  0  0  0  0
5  0  0  0  0  1  1  0  1

S_minus:
   1  2  3  4  5  6  7  8
1  0  0  0  1  0  1  0  1
2  0  1  0  1  1  0  1  0
3  1  0  2  0  0  0  0  0
4  1  0  0  0  0  1  0  0
5  0  0  0  0  0  0  1  0

# Realization 1488
S_plus:
   1  2  3
1  2  0  0
2  0  1  0
3  0  0  1

S_minus:
   1  2  3
1  0  1  1
2  1  0  1
3  1  0  0

# Realization 1489
S_plus:
   1  2  3  4  5  6  7  8
1  1  0  0  0  1  0  0  0
2  0  0  1  0  0  1  0  0
3  0  0  1  0  0  0  1  0
4  0  0  0  2  0  0  0  1
5  0  2  0  0  0  0  0  0

S_minus:
   1  2  3  4  5  6  7  8
1  0  1  0  0  0  1  0  0
2  2  1  0  1  1  0  1  1
3  0  0  0  1  0  1  0  0
4  0  0  1  0  0  0  1  0
5  0  0  1  0  0  0  0  0

# Realization 1490
S_plus:
   1  2  3  4  5  6  7  8
1  2  0  1  1  0  0  0  0
2  0  1  0  0  1  0  0  0
3  0  0  1  0  0  0  0  0
4  0  0  0  0  0  1  0  2
5  0  0  0  0  0  0  1  0

S_minus:
   1  2  3  4  5  6  7  8
1  0  1  0  0  0  0  0  0
2  0  0  0  1  0  0  1  0
3  1  0  0  0  0  0  1  1
4  1  1  1  0  0  0  0  0
5  0  0  0  1  1  1  0  1

# Realization 1491
S_plus:
   1  2  3  4  5
1  0  0  0  1  0
2  0  0  1  0  0
3  0  0  0  0  1
4  1  1  0  0  0

S_minus:
   1  2  3  4  5
1  1  1  1  0  0
2  0  1  0  0  1
3  0  0  0  2  0
4  0  0  0  0  1

# Realization 1492
S_plus:
   1  2  3  4  5  6  7
1  1  0  0  0  1  1  0
2  0  1  0  0  0  0  0
3  1  0  0  1  0  0  1
4  0  0  0  0  0  1  0
5  0  0  1  0  1  0  0

S_minus:
   1  2  3  4  5  6  7
1  0  1  1  0  0  0  0
2  0  0  0  0  1  1  1
3  0  0  0  0  1  1  0
4  1  1  0  1  0  0  1
5  1  0  0  1  0  0  0

# Realization 1493
S_plus:
   1  2  3  4  5  6
1  0  1  0  0  0  0
2  0  0  0  0  0  1
3  0  0  0  1  1  0
4  0  1  1  0  0  0
5  1  0  0  0  0  0
6  1  0  0  0  0  0

S_minus:
   1  2  3  4  5  6
1  0  0  0  1  0  0
2  0  0  0  0  1  0
3  0  1  2  0  0  0
4  1  0  0  0  0  0
5  0  0  0  0  1  2
6  0  1  0  1  0  0

# Realization 1494
S_plus:
   1  2  3  4  5  6
1  0  0  0  0  0  1
2  1  0  0  2  1  0
3  0  0  1  0  0  0
4  0  2  0  0  0  0

S_minus:
   1  2  3  4  5  6
1  1  1  0  1  2  0
2  0  0  1  0  0  1
3  0  0  0  1  0  0
4  1  0  1  0  0  0

# Realization 1495
S_plus:
   1   2   3   4   5   6   7   8   9   10
1   0   0   1   0   0   1   0   0   0   1
2   0   1   0   0   1   0   0   2   0   0
3   1   0   0   0   0   0   2   0   0   1
4   0   0   0   0   1   0   0   0   0   0
5   0   0   0   1   0   0   0   0   0   0
6   1   0   0   0   0   0   0   0   1   0

S_minus:
   1   2   3   4   5   6   7   8   9   10
1   1   0   0   0   1   0   1   1   1   0
2   0   0   0   2   0   0   0   0   0   1
3   0   1   2   0   0   0   0   0   0   0
4   0   0   0   0   0   0   0   0   1   0
5   0   0   0   0   0   1   0   0   0   1
6   0   0   0   0   0   1   1   1   0   0

# Realization 1496
S_plus:
   1  2  3  4  5  6  7  8  9
1  0  0  0  0  0  0  0  0  1
2  0  0  0  0  0  0  1  1  0
3  0  1  0  0  0  0  0  0  0
4  1  0  1  0  1  0  1  0  0
5  0  0  0  0  0  1  0  0  0
6  0  0  1  1  0  0  0  1  0

S_minus:
   1  2  3  4  5  6  7  8  9
1  0  0  0  1  1  1  0  0  0
2  0  1  1  0  1  0  0  0  0
3  2  0  1  0  0  0  1  0  0
4  0  1  0  0  0  0  0  1  1
5  0  0  0  0  0  0  1  0  0
6  0  0  0  0  0  1  0  0  0

# Realization 1497
S_plus:
   1  2  3  4
1  1  0  0  0
2  0  1  0  0
3  0  0  1  0
4  0  0  0  1

S_minus:
   1  2  3  4
1  0  1  0  0
2  0  0  1  1
3  0  0  0  1
4  2  0  0  0

# Realization 1498
S_plus:
   1  2  3  4  5
1  0  0  1  0  2
2  0  1  0  0  0
3  1  0  0  1  0

S_minus:
   1  2  3  4  5
1  0  0  0  1  0
2  1  0  1  0  1
3  0  2  1  0  1

# Realization 1499
S_plus:
   1  2  3  4  5  6  7  8
1  0  1  0  0  0  1  0  0
2  1  0  0  0  0  0  1  0
3  0  0  0  0  1  1  0  0
4  0  0  1  1  0  0  0  0
5  0  0  0  0  1  0  0  1

S_minus:
   1  2  3  4  5  6  7  8
1  0  0  0  0  0  0  1  1
2  0  1  1  1  2  1  0  0
3  1  0  1  0  0  0  0  1
4  1  0  0  0  0  0  0  0
5  0  0  0  0  0  0  1  0

# Realization 1500
S_plus:
   1  2  3  4  5  6  7
1  0  0  1  1  1  0  0
2  1  0  0  0  0  0  0
3  0  2  0  0  0  1  0
4  0  0  0  1  0  0  1

S_minus:
   1  2  3  4  5  6  7
1  0  0  0  0  0  1  0
2  0  2  0  1  1  0  0
3  1  0  1  1  0  0  1
4  1  0  1  0  0  1  0

# Realization 1501
S_plus:
   1   2   3   4   5   6   7   8   9   10  11  12
1   0   0   0   1   0   0   0   0   0   0   1   0
2   0   0   1   0   0   0   0   0   0   0   0   0
3   0   0   0   0   0   1   0   0   0   0   0   0
4   1   2   1   1   2   1   1   0   0   0   0   1
5   0   0   0   0   0   0   1   1   1   1   0   0

S_minus:
   1   2   3   4   5   6   7   8   9   10  11  12
1   0   0   1   0   0   1   0   1   0   0   0   2
2   0   0   0   1   0   1   0   0   0   0   0   0
3   1   2   1   0   1   0   2   1   1   0   0   0
4   0   0   0   0   0   0   0   0   1   2   0   0
5   0   0   0   1   1   0   0   0   0   0   1   0

# Realization 1502
S_plus:
   1  2  3  4  5  6  7
1  0  0  1  1  2  1  0
2  0  0  0  0  0  1  0
3  1  0  0  0  0  0  0
4  0  1  0  0  0  0  0
5  0  1  1  0  0  0  2

S_minus:
   1  2  3  4  5  6  7
1  0  1  0  0  0  0  0
2  1  0  0  0  0  0  0
3  0  1  0  1  0  1  2
4  0  0  1  1  0  0  0
5  1  0  0  0  1  0  0

# Realization 1503
S_plus:
   1  2  3  4
1  0  0  1  1
2  1  0  0  0
3  0  2  0  0

S_minus:
   1  2  3  4
1  1  1  0  0
2  0  1  0  1
3  1  0  1  1

# Realization 1504
S_plus:
   1  2  3  4  5  6  7
1  0  1  0  1  1  1  0
2  0  0  2  0  0  0  0
3  1  0  0  0  0  1  0
4  0  0  0  0  0  0  1

S_minus:
   1  2  3  4  5  6  7
1  1  0  0  0  0  0  0
2  1  1  0  0  0  1  0
3  0  0  1  0  1  0  2
4  0  1  1  1  0  0  0

# Realization 1505
S_plus:
   1   2   3   4   5   6   7   8   9   10  11  12
1   0   0   0   1   0   1   1   0   1   0   1   0
2   1   1   1   0   0   0   0   1   0   0   0   1
3   0   0   0   0   0   0   0   0   0   2   0   0
4   0   0   0   0   1   0   0   0   0   0   0   0
5   0   0   0   1   0   0   0   0   0   0   0   0
6   0   0   0   0   0   0   0   1   0   0   0   0

S_minus:
   1   2   3   4   5   6   7   8   9   10  11  12
1   0   0   1   0   0   0   0   0   0   0   0   0
2   0   0   0   1   0   0   0   0   1   0   0   0
3   0   0   1   0   1   0   0   0   1   0   0   2
4   1   1   0   0   0   1   1   1   0   1   1   0
5   1   0   0   0   1   0   1   0   0   1   0   0
6   0   0   0   0   0   1   0   0   0   0   0   0

# Realization 1506
S_plus:
    1   2   3   4   5   6   7   8   9   10  11  12
1    0   0   0   1   0   0   0   0   0   0   0   0
2    0   0   1   0   0   0   1   0   0   0   0   0
3    0   0   0   0   1   0   0   0   0   0   0   1
4    0   0   0   0   0   2   0   1   0   0   0   0
5    0   0   0   0   0   0   0   0   0   0   1   0
6    1   0   0   0   0   0   0   0   0   0   0   0
7    0   1   0   0   0   0   0   0   0   0   0   0
8    1   0   0   1   0   0   0   0   0   0   0   0
9    0   0   0   0   0   0   0   0   1   0   0   0
10   0   1   0   0   1   0   0   0   1   1   1   1

S_minus:
    1   2   3   4   5   6   7   8   9   10  11  12
1    0   1   0   0   0   0   1   0   0   0   0   0
2    1   0   0   0   0   0   0   0   0   0   0   0
3    0   0   0   1   0   1   0   0   0   0   0   0
4    0   0   0   1   1   0   0   0   1   0   1   0
5    1   0   0   0   0   0   0   0   0   0   0   1
6    0   1   0   0   1   0   0   1   0   0   0   0
7    0   0   1   0   0   0   0   0   0   1   0   0
8    0   0   0   0   0   0   0   0   1   0   0   0
9    0   0   0   0   0   1   0   0   0   0   0   0
10   0   0   0   0   0   0   0   1   0   0   0   0

# Realization 1507
S_plus:
   1  2  3  4  5  6  7  8  9
1  0  0  0  0  0  0  1  0  0
2  1  1  0  1  1  0  1  1  0
3  0  1  0  1  1  1  0  0  0
4  0  0  1  0  0  0  0  0  1

S_minus:
   1  2  3  4  5  6  7  8  9
1  1  1  1  0  1  1  0  2  1
2  0  0  0  0  0  0  0  0  1
3  0  0  0  0  0  0  1  0  0
4  0  1  0  1  0  0  1  0  0

# Realization 1508
S_plus:
   1  2  3  4  5  6  7  8  9
1  0  0  0  0  1  0  0  1  0
2  0  0  1  0  0  0  0  0  0
3  0  0  0  0  0  0  0  0  1
4  1  0  0  0  0  0  0  0  0
5  0  0  0  1  0  1  1  1  0
6  0  0  0  0  1  0  0  0  0
7  0  1  0  0  0  0  1  0  0

S_minus:
   1  2  3  4  5  6  7  8  9
1  0  0  0  1  0  0  0  0  1
2  1  1  0  0  0  0  0  1  0
3  1  0  0  0  0  0  0  0  0
4  0  0  0  0  1  0  0  1  0
5  0  0  0  0  0  0  0  0  1
6  0  0  2  0  0  1  1  0  0
7  0  0  0  1  0  0  0  0  0

# Realization 1509
S_plus:
   1  2  3  4  5
1  1  0  0  0  1
2  0  0  0  0  1
3  0  1  1  0  0
4  0  0  0  1  0

S_minus:
   1  2  3  4  5
1  0  1  1  1  0
2  1  0  0  0  0
3  1  0  0  1  0
4  0  0  1  0  2

# Realization 1510
S_plus:
   1  2  3  4  5
1  0  1  0  1  0
2  1  0  1  1  0
3  0  0  0  0  1
4  1  0  0  0  0

S_minus:
   1  2  3  4  5
1  0  0  1  0  1
2  0  1  0  0  0
3  2  1  0  1  0
4  0  0  1  1  1

# Realization 1511
S_plus:
   1  2  3  4  5  6  7
1  0  0  1  0  2  0  2
2  0  0  0  1  0  0  0
3  2  1  1  0  0  2  0

S_minus:
   1  2  3  4  5  6  7
1  0  2  0  1  0  1  0
2  2  0  2  0  2  1  1
3  0  0  0  1  0  0  0

# Realization 1512
S_plus:
   1  2  3  4  5
1  1  0  0  0  0
2  0  0  1  0  0
3  0  0  1  2  2
4  0  1  0  0  0

S_minus:
   1  2  3  4  5
1  0  1  1  1  0
2  0  1  0  0  0
3  1  0  0  0  0
4  1  0  1  0  1

# Realization 1513
S_plus:
   1  2  3  4  5  6  7  8  9
1  0  1  0  0  0  0  0  0  0
2  0  0  1  0  2  0  1  1  2
3  1  0  0  1  0  0  0  0  0
4  0  0  1  0  0  1  0  0  0
5  1  0  0  1  0  0  0  0  0

S_minus:
   1  2  3  4  5  6  7  8  9
1  1  0  0  1  0  1  2  1  0
2  1  0  0  0  0  0  0  0  0
3  0  1  2  0  0  0  0  1  0
4  0  1  0  0  1  0  0  0  2
5  0  0  0  0  1  0  0  0  0

# Realization 1514
S_plus:
   1   2   3   4   5   6   7   8   9   10  11
1   0   0   0   1   2   1   0   0   0   1   0
2   0   0   0   0   0   0   0   0   1   0   0
3   0   0   0   0   0   0   0   1   0   0   1
4   0   0   1   0   0   0   0   0   0   0   0
5   1   0   0   0   0   0   0   0   0   0   0
6   0   0   1   0   0   0   1   1   0   0   0
7   0   0   0   1   0   0   0   0   0   0   0
8   0   1   0   0   0   1   0   0   0   0   0

S_minus:
   1   2   3   4   5   6   7   8   9   10  11
1   0   0   1   0   0   0   0   1   0   0   0
2   0   0   0   1   0   1   0   1   0   0   0
3   0   0   0   0   0   0   0   0   2   0   0
4   1   1   0   0   0   0   0   0   0   0   0
5   0   0   0   1   0   0   1   0   0   0   0
6   0   0   0   0   0   0   0   0   0   1   1
7   0   1   0   0   1   0   0   0   0   1   1
8   1   0   0   0   1   0   0   0   0   0   0

# Realization 1515
S_plus:
   1  2  3  4  5  6  7
1  0  0  1  0  0  0  1
2  0  0  1  0  1  1  0
3  0  0  0  0  1  0  1
4  0  1  0  1  0  0  0
5  1  0  0  0  0  1  0

S_minus:
   1  2  3  4  5  6  7
1  0  0  0  1  0  2  0
2  0  1  0  0  0  0  1
3  1  0  0  0  0  0  0
4  1  0  1  0  1  0  0
5  0  1  1  0  0  0  1

# Realization 1516
S_plus:
   1  2  3  4  5  6
1  0  0  0  0  0  1
2  0  1  0  0  0  0
3  0  0  0  1  0  0
4  1  0  0  0  0  0
5  1  0  1  0  0  0
6  0  1  0  0  1  1

S_minus:
   1  2  3  4  5  6
1  1  0  0  0  1  0
2  0  0  0  0  0  1
3  0  0  1  0  0  1
4  0  0  1  1  0  0
5  0  2  0  0  0  0
6  1  0  0  0  0  0

# Realization 1517
S_plus:
   1  2  3
1  1  0  2
2  0  1  0
3  1  0  0

S_minus:
   1  2  3
1  0  2  0
2  2  0  0
3  0  0  1

# Realization 1518
S_plus:
   1  2  3  4  5  6  7  8  9
1  0  0  0  1  0  0  0  0  0
2  0  0  0  0  0  0  1  1  0
3  0  0  0  0  0  0  1  0  0
4  1  0  0  0  0  0  0  0  0
5  1  1  0  0  2  1  0  0  0
6  0  1  0  0  0  0  0  0  0
7  0  0  1  0  0  0  0  0  0
8  0  0  0  1  0  0  0  0  1

S_minus:
   1  2  3  4  5  6  7  8  9
1  0  0  0  0  0  0  0  1  0
2  0  0  0  1  1  0  0  0  0
3  0  1  0  0  0  0  0  0  0
4  0  0  0  0  0  1  0  0  1
5  0  0  0  0  0  0  0  1  0
6  0  0  1  1  1  0  1  0  0
7  1  1  0  0  0  0  1  0  1
8  0  0  1  0  0  0  0  0  0

# Realization 1519
S_plus:
   1  2  3  4  5  6
1  0  2  1  1  0  0
2  2  0  0  0  2  0
3  0  0  0  0  0  1

S_minus:
   1  2  3  4  5  6
1  1  0  0  0  0  2
2  0  2  0  0  0  0
3  1  0  2  1  2  0

# Realization 1520
S_plus:
   1   2   3   4   5   6   7   8   9   10  11  12
1   0   0   0   1   0   0   0   0   1   0   1   0
2   0   0   0   0   1   0   0   1   0   0   0   0
3   0   0   0   0   0   2   0   0   1   0   0   0
4   0   0   0   1   0   0   1   0   0   0   0   0
5   1   1   0   0   0   0   0   0   0   0   0   0
6   0   0   0   0   1   0   0   0   0   1   0   1
7   1   0   2   0   0   0   1   1   0   0   0   0

S_minus:
   1   2   3   4   5   6   7   8   9   10  11  12
1   1   0   1   0   1   1   0   0   0   0   0   0
2   1   0   0   1   0   1   0   0   1   1   0   0
3   0   1   0   0   1   0   1   0   0   0   0   0
4   0   0   0   0   0   0   0   1   0   0   0   1
5   0   0   0   0   0   0   1   1   1   0   1   0
6   0   0   1   1   0   0   0   0   0   0   0   0
7   0   0   0   0   0   0   0   0   0   0   0   1

# Realization 1521
S_plus:
   1  2  3  4  5  6  7  8
1  1  1  1  0  0  0  0  0
2  0  0  0  0  0  1  0  0
3  0  0  1  2  1  0  2  1

S_minus:
   1  2  3  4  5  6  7  8
1  0  0  0  1  1  2  1  0
2  1  1  1  0  1  0  1  1
3  0  1  0  0  0  0  0  0

# Realization 1522
S_plus:
   1   2   3   4   5   6   7   8   9   10  11
1   0   1   0   0   0   1   0   0   0   0   0
2   0   0   1   0   0   1   0   0   0   0   0
3   0   0   0   0   1   0   1   0   0   0   0
4   0   0   0   0   1   0   0   0   1   0   0
5   1   0   0   0   0   0   0   0   0   1   0
6   0   0   0   1   0   0   0   0   0   0   1
7   0   0   0   0   0   0   0   1   0   0   0
8   1   0   0   0   0   0   1   0   1   0   0

S_minus:
   1   2   3   4   5   6   7   8   9   10  11
1   0   0   0   0   0   0   0   0   1   0   0
2   0   0   0   1   1   0   1   0   0   1   0
3   1   0   0   0   0   0   0   0   0   1   2
4   0   1   0   1   0   0   1   0   0   0   0
5   0   0   1   0   0   1   0   1   0   0   0
6   0   0   1   0   0   1   0   0   0   0   0
7   0   0   0   0   0   0   0   0   1   0   0
8   0   1   0   0   0   0   0   1   0   0   0

# Realization 1523
S_plus:
   1  2  3  4  5  6
1  1  0  2  0  1  0
2  0  1  0  0  1  0
3  0  0  0  1  0  1
4  1  0  0  0  0  0

S_minus:
   1  2  3  4  5  6
1  0  1  0  0  0  1
2  2  0  0  1  0  0
3  0  1  0  0  1  0
4  0  0  2  0  1  1

# Realization 1524
S_plus:
   1  2  3  4  5  6  7  8  9
1  0  0  0  0  1  0  0  0  0
2  0  0  0  0  0  1  0  0  1
3  1  0  1  0  0  1  0  0  0
4  0  0  0  1  0  0  0  0  0
5  1  0  0  0  0  0  0  0  0
6  0  0  0  0  0  0  1  0  0
7  0  1  0  0  0  0  0  0  1
8  0  0  0  0  0  0  0  1  0

S_minus:
   1  2  3  4  5  6  7  8  9
1  1  1  0  0  0  0  0  0  0
2  0  0  1  0  1  0  0  0  0
3  0  1  0  0  0  0  1  0  0
4  0  0  0  0  0  0  0  1  0
5  0  0  1  0  0  0  0  0  0
6  0  0  0  1  0  0  0  0  1
7  0  0  0  1  1  0  1  0  0
8  0  0  0  0  0  1  0  0  0

# Realization 1525
S_plus:
   1  2  3  4  5
1  0  2  0  0  0
2  1  0  0  0  0
3  0  0  1  2  0
4  0  0  0  0  1

S_minus:
   1  2  3  4  5
1  1  0  1  0  0
2  0  1  1  1  1
3  0  1  0  0  1
4  0  0  0  1  0

# Realization 1526
S_plus:
   1  2  3  4  5  6  7  8
1  1  0  1  0  0  1  0  0
2  0  0  0  0  1  0  0  0
3  0  1  0  1  1  1  2  2

S_minus:
   1  2  3  4  5  6  7  8
1  0  0  0  0  2  0  0  1
2  1  2  2  1  0  2  1  0
3  1  0  0  0  0  0  0  0

# Realization 1527
S_plus:
   1   2   3   4   5   6   7   8   9   10  11
1   0   0   0   1   1   1   1   0   0   0   0
2   0   1   0   0   0   0   0   0   0   0   0
3   0   0   0   0   0   1   0   0   0   0   1
4   0   0   0   0   0   0   0   1   0   0   1
5   1   0   0   0   0   0   0   0   0   0   0
6   0   0   0   0   1   0   0   0   0   1   0
7   1   0   1   0   0   0   0   0   1   0   0

S_minus:
   1   2   3   4   5   6   7   8   9   10  11
1   0   1   0   0   0   0   0   1   0   0   0
2   0   0   0   0   1   0   1   0   0   0   0
3   1   0   2   0   0   0   0   1   0   1   0
4   0   0   0   0   0   0   0   0   1   0   0
5   0   0   0   0   0   1   0   0   0   0   1
6   1   1   0   0   0   1   0   0   0   0   1
7   0   0   0   1   1   0   0   0   0   0   0

# Realization 1528
S_plus:
   1  2  3  4  5  6  7  8
1  0  1  0  1  0  1  0  1
2  0  0  1  0  2  0  1  0
3  1  0  0  0  0  0  0  0
4  0  1  0  0  0  1  0  0

S_minus:
   1  2  3  4  5  6  7  8
1  0  0  0  0  1  0  0  0
2  2  1  0  0  0  2  0  0
3  0  0  2  0  1  0  1  1
4  0  0  0  1  0  0  1  0

# Realization 1529
S_plus:
   1  2  3  4
1  0  0  0  1
2  0  1  2  1
3  1  0  0  0

S_minus:
   1  2  3  4
1  1  0  0  0
2  1  0  0  0
3  0  1  2  2

# Realization 1530
S_plus:
   1  2  3  4  5
1  1  1  2  1  0
2  0  0  0  1  0
3  0  1  0  0  1

S_minus:
   1  2  3  4  5
1  0  0  0  0  1
2  2  1  2  0  1
3  0  0  0  2  0

# Realization 1531
S_plus:
   1   2   3   4   5   6   7   8   9   10  11  12
1   0   0   0   0   1   0   0   0   0   0   1   0
2   1   0   0   0   0   2   0   0   2   0   0   0
3   0   1   0   0   0   0   0   0   0   1   0   0
4   1   0   0   1   0   0   1   1   0   0   0   0
5   0   0   1   0   0   0   0   0   0   0   0   2

S_minus:
   1   2   3   4   5   6   7   8   9   10  11  12
1   0   0   1   1   0   1   0   0   1   0   0   1
2   0   0   0   0   0   0   0   1   0   1   0   0
3   1   0   0   1   0   0   1   0   0   0   1   0
4   0   0   0   0   0   0   0   0   1   0   1   1
5   0   1   0   0   2   0   0   1   0   1   0   0

# Realization 1532
S_plus:
   1  2  3  4  5  6
1  0  0  0  1  1  0
2  0  1  0  0  1  0
3  1  0  0  0  0  1
4  0  0  1  0  0  0
5  1  0  0  0  0  0

S_minus:
   1  2  3  4  5  6
1  1  1  1  0  0  1
2  1  0  0  2  0  0
3  0  0  0  0  1  0
4  0  0  0  0  1  0
5  0  0  0  0  0  1

# Realization 1533
S_plus:
   1  2  3  4
1  1  0  1  1
2  0  0  0  1
3  0  0  1  0
4  0  1  0  0

S_minus:
   1  2  3  4
1  0  1  0  0
2  0  1  1  0
3  0  0  0  1
4  1  0  0  1

# Realization 1534
S_plus:
   1  2  3  4  5  6
1  1  0  0  0  2  0
2  0  1  1  1  0  0
3  0  0  0  0  0  1

S_minus:
   1  2  3  4  5  6
1  0  1  2  1  0  0
2  1  0  0  0  1  2
3  1  1  0  0  1  0

# Realization 1535
S_plus:
   1   2   3   4   5   6   7   8   9   10  11  12
1   0   0   2   0   1   0   0   0   0   0   0   1
2   1   0   0   1   0   0   0   0   1   1   1   0
3   1   1   0   0   0   1   0   0   0   0   0   0
4   0   0   0   1   0   0   0   0   0   1   0   0
5   0   0   0   0   0   0   0   1   1   0   0   0
6   0   0   0   0   0   0   2   1   0   0   0   0

S_minus:
   1   2   3   4   5   6   7   8   9   10  11  12
1   0   0   0   0   0   1   0   0   0   0   0   0
2   0   0   0   0   0   0   0   1   0   0   0   1
3   0   0   1   0   0   0   1   1   1   1   0   0
4   0   0   0   0   0   0   0   0   0   0   1   1
5   0   0   1   0   2   1   1   0   0   0   1   0
6   2   2   0   1   0   0   0   0   0   0   0   0

# Realization 1536
S_plus:
   1  2  3  4  5  6  7
1  0  0  0  0  0  1  0
2  1  0  1  0  0  0  0
3  0  0  0  0  1  0  0
4  0  0  0  0  0  1  0
5  0  0  1  1  1  0  1
6  0  1  0  0  0  0  0

S_minus:
   1  2  3  4  5  6  7
1  0  1  0  1  1  0  0
2  0  0  0  0  0  0  1
3  0  0  0  0  0  0  1
4  0  0  1  0  0  0  0
5  1  1  0  0  0  1  0
6  0  0  1  1  1  0  0

# Realization 1537
S_plus:
   1  2  3  4  5  6  7  8  9
1  0  1  0  0  1  1  0  2  1
2  1  0  0  2  0  0  1  0  0
3  0  0  1  0  0  0  0  0  0

S_minus:
   1  2  3  4  5  6  7  8  9
1  1  0  2  1  0  0  2  0  0
2  0  2  0  0  0  1  0  1  0
3  1  0  0  1  1  1  0  1  2

# Realization 1538
S_plus:
   1  2  3  4  5  6  7
1  0  0  0  0  1  0  0
2  0  0  1  0  0  0  0
3  0  1  0  0  0  0  0
4  0  0  0  1  0  0  0
5  0  0  1  0  0  2  0
6  1  0  0  0  0  0  1

S_minus:
   1  2  3  4  5  6  7
1  0  0  1  0  0  0  0
2  0  0  0  1  0  0  0
3  0  0  0  0  1  0  1
4  1  1  1  0  0  1  0
5  1  0  0  0  1  0  0
6  0  1  0  0  0  0  0

# Realization 1539
S_plus:
   1  2  3  4  5  6  7
1  1  1  0  0  0  0  1
2  0  1  0  0  0  1  0
3  0  0  0  1  0  0  0
4  0  0  2  1  2  0  0

S_minus:
   1  2  3  4  5  6  7
1  0  0  1  2  0  0  0
2  0  0  1  0  1  0  0
3  1  1  0  0  0  1  1
4  0  1  0  0  0  0  1

# Realization 1540
S_plus:
   1  2  3  4  5
1  0  0  1  0  0
2  1  0  0  0  0
3  0  0  0  0  1
4  0  1  0  1  0

S_minus:
   1  2  3  4  5
1  1  1  0  0  0
2  0  1  1  0  0
3  0  0  0  1  0
4  0  0  1  0  2

# Realization 1541
S_plus:
   1   2   3   4   5   6   7   8   9   10
1   1   0   1   0   0   0   0   0   0   1
2   0   0   0   0   0   1   0   0   0   0
3   0   1   0   0   0   0   0   0   0   0
4   0   0   0   0   0   1   0   0   2   0
5   0   0   0   0   0   0   1   0   0   0
6   1   0   0   0   0   0   0   1   0   0
7   0   0   0   0   0   0   0   0   0   1
8   0   0   1   1   1   0   0   1   0   0

S_minus:
   1   2   3   4   5   6   7   8   9   10
1   0   0   0   0   0   0   0   0   1   0
2   0   0   0   0   0   0   0   0   0   1
3   0   0   0   0   0   0   1   0   1   0
4   2   0   0   0   0   0   0   1   0   0
5   0   0   1   1   0   1   0   0   0   0
6   0   0   0   0   0   0   0   0   0   1
7   0   0   0   0   1   0   0   1   0   0
8   0   2   0   0   0   0   0   0   0   0

# Realization 1542
S_plus:
   1   2   3   4   5   6   7   8   9   10  11
1   1   1   1   1   0   0   0   0   0   0   0
2   0   0   0   0   0   0   0   0   1   0   0
3   0   0   0   0   0   0   1   1   0   0   0
4   0   1   0   1   1   0   0   0   0   0   1
5   0   0   0   0   1   1   1   0   0   1   1

S_minus:
   1   2   3   4   5   6   7   8   9   10  11
1   0   0   0   0   1   1   0   0   0   0   0
2   0   0   0   1   0   0   1   0   0   0   1
3   0   1   0   0   1   0   0   0   1   0   0
4   1   0   0   0   0   1   1   1   0   2   0
5   0   0   1   0   0   0   0   1   1   0   0

# Realization 1543
S_plus:
   1  2  3  4  5
1  0  0  1  0  0
2  1  0  0  0  2
3  0  1  0  0  0
4  0  0  0  1  0

S_minus:
   1  2  3  4  5
1  0  1  0  1  1
2  0  0  0  1  0
3  1  0  1  0  1
4  0  1  1  0  0

# Realization 1544
S_plus:
   1   2   3   4   5   6   7   8   9   10  11
1   0   0   1   0   0   0   0   0   1   0   0
2   0   0   0   0   1   0   0   0   1   0   0
3   0   1   1   0   0   0   0   0   0   1   0
4   1   0   0   1   0   0   1   0   0   1   0
5   0   0   0   0   0   1   0   2   0   0   1

S_minus:
   1   2   3   4   5   6   7   8   9   10  11
1   0   1   0   1   0   0   1   0   0   0   0
2   1   0   1   0   0   1   0   0   0   1   0
3   1   0   0   1   1   0   0   0   0   0   0
4   0   0   0   0   0   0   0   2   0   0   1
5   0   0   0   0   1   0   1   0   2   1   0

# Realization 1545
S_plus:
   1  2  3  4  5
1  1  0  0  0  1
2  0  1  1  1  0
3  0  1  0  0  0
4  0  0  1  0  0

S_minus:
   1  2  3  4  5
1  0  1  1  0  0
2  0  0  0  0  1
3  1  0  0  0  1
4  0  1  0  1  0

# Realization 1546
S_plus:
   1  2  3  4  5  6  7
1  0  0  0  0  0  1  0
2  0  0  0  1  0  0  0
3  0  0  0  1  0  1  2
4  0  0  0  0  1  0  0
5  1  0  0  0  0  0  0
6  0  1  0  0  1  0  0
7  0  0  1  0  0  0  0

S_minus:
   1  2  3  4  5  6  7
1  1  1  0  1  1  0  0
2  1  0  0  0  1  0  0
3  0  0  1  0  0  0  0
4  0  0  0  0  0  0  1
5  0  0  0  0  0  1  0
6  0  0  1  0  0  0  0
7  0  1  0  0  0  0  1

# Realization 1547
S_plus:
   1   2   3   4   5   6   7   8   9   10
1   0   0   1   0   1   1   1   1   0   1
2   0   0   0   0   0   0   1   0   0   0
3   0   0   0   2   0   0   0   0   1   0
4   1   0   0   0   0   0   0   0   0   0
5   1   0   0   0   1   0   0   0   0   0
6   0   1   0   0   0   0   0   1   0   0

S_minus:
   1   2   3   4   5   6   7   8   9   10
1   0   1   0   0   0   0   0   0   0   0
2   1   0   1   0   0   0   0   0   0   0
3   0   0   0   0   0   1   1   0   0   0
4   0   0   0   0   1   0   0   1   0   0
5   0   1   1   1   0   0   1   0   0   0
6   1   0   0   1   0   0   0   0   1   2

# Realization 1548
S_plus:
   1   2   3   4   5   6   7   8   9   10  11  12
1   0   0   0   0   0   0   0   1   0   0   0   0
2   1   0   1   0   0   0   0   0   1   0   1   0
3   0   0   0   1   1   0   1   0   1   1   1   0
4   0   1   0   1   0   1   0   0   0   0   0   1

S_minus:
   1   2   3   4   5   6   7   8   9   10  11  12
1   1   1   0   0   0   0   0   0   0   0   2   0
2   0   0   0   1   0   2   1   0   0   2   0   1
3   0   1   0   0   0   0   0   1   0   0   0   0
4   1   0   2   0   1   0   0   1   2   0   0   0

# Realization 1549
S_plus:
   1   2   3   4   5   6   7   8   9   10  11  12
1   0   0   0   0   1   1   0   0   0   0   0   0
2   0   0   0   1   1   0   0   0   0   0   0   0
3   0   0   0   0   0   0   0   0   0   1   0   0
4   0   0   0   0   0   0   0   0   1   0   1   0
5   0   0   0   1   0   0   2   1   0   0   0   0
6   0   0   0   0   0   0   0   0   0   1   0   0
7   0   1   0   0   0   1   0   0   1   0   0   0
8   1   0   1   0   0   0   0   0   0   0   0   1

S_minus:
   1   2   3   4   5   6   7   8   9   10  11  12
1   0   1   0   0   0   0   0   0   0   1   0   0
2   0   0   0   0   0   0   0   0   0   0   1   0
3   1   0   1   0   0   2   0   0   0   0   0   0
4   0   1   0   1   1   0   1   0   0   0   0   1
5   0   0   0   0   0   0   0   0   1   1   0   0
6   0   0   0   0   1   0   1   1   0   0   1   0
7   1   0   0   0   0   0   0   0   0   0   0   0
8   0   0   0   0   0   0   0   0   1   0   0   0

# Realization 1550
S_plus:
   1   2   3   4   5   6   7   8   9   10  11  12
1   0   0   0   0   0   0   0   0   0   0   0   1
2   0   0   1   0   0   0   0   1   0   0   0   0
3   0   0   0   1   0   0   0   0   0   0   0   0
4   0   0   0   0   0   0   1   1   0   0   0   0
5   0   0   0   0   0   0   0   0   1   1   0   0
6   0   1   0   0   0   1   0   0   0   0   0   0
7   1   1   0   0   0   0   0   0   0   0   1   0
8   0   0   0   0   1   0   0   0   0   0   0   1

S_minus:
   1   2   3   4   5   6   7   8   9   10  11  12
1   0   0   0   0   0   0   0   0   0   1   1   0
2   0   0   0   1   0   0   0   0   0   0   0   0
3   0   1   0   0   0   0   0   0   0   0   1   0
4   0   0   0   0   0   1   0   0   1   0   0   0
5   0   0   1   0   0   0   1   0   0   0   0   0
6   0   0   0   0   0   0   0   1   0   0   0   1
7   0   0   0   1   2   0   1   1   0   1   0   1
8   1   0   0   0   0   0   0   0   0   0   0   0

# Realization 1551
S_plus:
   1   2   3   4   5   6   7   8   9   10  11
1   0   0   0   0   1   0   0   0   1   0   0
2   1   1   0   0   0   1   1   0   0   0   0
3   1   0   1   0   1   0   0   0   0   0   1
4   0   0   0   1   0   0   0   0   0   0   0
5   0   1   0   0   0   1   0   1   0   0   0
6   0   0   0   0   0   0   0   0   0   1   1

S_minus:
   1   2   3   4   5   6   7   8   9   10  11
1   0   0   0   2   0   0   0   1   0   0   0
2   0   0   1   0   0   0   0   0   1   1   0
3   0   1   0   0   0   0   1   0   0   0   0
4   0   0   0   0   0   1   1   0   0   1   2
5   0   0   0   0   1   0   0   0   0   0   0
6   1   1   0   0   1   0   0   0   0   0   0

# Realization 1552
S_plus:
   1  2  3  4  5  6  7  8  9
1  0  0  0  0  0  1  0  0  1
2  1  1  1  0  0  0  1  1  0
3  1  0  0  0  0  0  0  0  0
4  0  0  0  2  2  0  1  1  1

S_minus:
   1  2  3  4  5  6  7  8  9
1  1  1  0  1  0  0  0  1  0
2  0  0  0  1  0  0  0  0  0
3  0  0  0  0  2  1  1  0  2
4  1  0  1  0  0  1  0  0  0

# Realization 1553
S_plus:
   1  2  3  4  5
1  1  0  0  1  0
2  0  1  1  0  0
3  0  0  0  0  1
4  0  0  1  0  0

S_minus:
   1  2  3  4  5
1  0  2  0  0  1
2  2  0  0  1  0
3  0  0  1  1  0
4  0  0  0  0  1

# Realization 1554
S_plus:
   1  2  3  4  5
1  1  0  0  0  1
2  0  0  2  0  0
3  0  0  0  1  0
4  0  1  0  0  0

S_minus:
   1  2  3  4  5
1  0  1  1  1  0
2  2  0  0  0  1
3  0  1  1  0  1
4  0  0  0  1  0

# Realization 1555
S_plus:
   1  2  3  4  5  6  7  8
1  0  0  0  0  2  0  0  0
2  0  2  0  0  0  0  1  1
3  1  0  0  1  0  0  0  0
4  0  0  2  0  0  1  0  1

S_minus:
   1  2  3  4  5  6  7  8
1  1  0  0  1  0  0  1  1
2  1  0  1  0  0  1  0  0
3  0  1  0  0  2  0  0  0
4  0  0  0  1  0  0  0  0

# Realization 1556
S_plus:
   1  2  3  4  5  6
1  0  0  0  0  1  0
2  1  2  0  0  0  1
3  0  0  1  0  0  0
4  0  0  1  1  0  0
5  1  0  0  0  0  0

S_minus:
   1  2  3  4  5  6
1  1  0  0  0  0  0
2  0  0  0  1  1  0
3  1  1  0  0  1  0
4  0  1  0  0  0  1
5  0  0  2  1  0  0

# Realization 1557
S_plus:
   1  2  3  4  5  6  7  8
1  0  0  0  0  0  0  0  1
2  0  0  1  0  0  0  0  0
3  1  1  0  0  1  0  1  0
4  0  0  0  1  1  1  0  0

S_minus:
   1  2  3  4  5  6  7  8
1  0  1  1  1  0  0  0  0
2  0  0  0  0  2  1  0  0
3  0  0  0  0  0  1  0  1
4  2  0  0  0  0  0  1  1

# Realization 1558
S_plus:
   1  2  3  4  5  6  7
1  0  0  1  0  1  0  0
2  0  0  0  0  1  0  1
3  1  1  0  0  0  0  1
4  0  0  0  1  0  1  0
5  1  0  0  0  0  0  0

S_minus:
   1  2  3  4  5  6  7
1  0  0  0  1  0  0  1
2  1  1  1  0  0  0  0
3  0  0  1  0  0  1  0
4  1  0  0  0  0  0  1
5  0  0  0  1  1  1  0

# Realization 1559
S_plus:
   1  2  3  4  5
1  0  0  1  0  0
2  1  0  0  0  0
3  0  0  0  1  0
4  1  1  0  0  1

S_minus:
   1  2  3  4  5
1  1  0  0  0  0
2  0  1  1  0  1
3  1  0  0  0  1
4  0  0  1  1  0

# Realization 1560
S_plus:
   1  2  3  4  5  6
1  0  1  1  0  0  1
2  0  0  0  1  0  0
3  1  0  0  0  0  1
4  0  0  0  0  1  0

S_minus:
   1  2  3  4  5  6
1  1  0  0  0  0  0
2  0  0  0  0  0  1
3  0  0  1  0  1  0
4  1  1  0  2  0  1

# Realization 1561
S_plus:
   1   2   3   4   5   6   7   8   9   10  11
1   0   0   0   0   0   1   0   0   2   1   0
2   2   0   1   1   1   0   0   0   0   0   0
3   0   0   1   0   0   0   0   0   0   0   1
4   0   0   0   1   0   0   0   1   0   0   0
5   0   1   0   0   0   0   1   0   0   1   0

S_minus:
   1   2   3   4   5   6   7   8   9   10  11
1   0   1   1   1   0   0   0   0   0   0   0
2   0   0   0   0   0   1   1   1   0   0   1
3   1   0   0   1   1   0   0   1   0   1   0
4   0   1   1   0   0   0   1   0   1   0   1
5   1   0   0   0   1   1   0   0   0   0   0

# Realization 1562
S_plus:
   1   2   3   4   5   6   7   8   9   10  11
1   0   1   0   0   1   0   0   0   0   0   0
2   0   0   0   0   0   1   1   2   1   0   0
3   0   0   0   2   0   0   0   0   0   1   2
4   1   0   1   0   0   0   0   0   0   0   0

S_minus:
   1   2   3   4   5   6   7   8   9   10  11
1   1   0   1   1   0   0   1   1   0   0   0
2   1   0   0   0   0   0   0   0   0   1   1
3   0   1   1   0   0   0   0   1   1   0   0
4   0   1   0   1   2   1   0   0   1   0   0

# Realization 1563
S_plus:
   1  2  3  4  5  6
1  0  0  1  0  0  0
2  0  0  0  1  0  0
3  1  0  0  0  0  1
4  0  1  0  1  1  0

S_minus:
   1  2  3  4  5  6
1  0  0  0  1  0  2
2  0  0  1  0  1  0
3  0  1  0  1  1  0
4  2  0  0  0  0  0

# Realization 1564
S_plus:
   1   2   3   4   5   6   7   8   9   10  11
1   0   0   0   0   0   0   1   0   1   0   0
2   0   0   0   0   0   0   0   0   0   1   0
3   0   0   0   1   0   0   0   0   0   0   1
4   0   0   0   0   1   0   0   2   0   0   0
5   1   1   2   1   0   1   0   0   0   0   1

S_minus:
   1   2   3   4   5   6   7   8   9   10  11
1   0   1   0   1   0   0   0   0   0   0   1
2   1   0   0   1   0   0   0   1   0   0   0
3   0   0   1   0   1   2   1   0   1   1   0
4   0   0   0   0   0   0   0   0   1   0   1
5   0   0   0   0   1   0   0   1   0   0   0

# Realization 1565
S_plus:
   1   2   3   4   5   6   7   8   9   10  11  12
1   0   0   0   1   0   0   0   0   0   0   0   0
2   0   0   1   0   0   0   0   0   0   1   0   0
3   0   1   0   0   0   0   0   0   0   0   1   0
4   1   0   0   0   0   0   0   0   0   0   0   0
5   0   0   0   0   0   1   0   1   0   0   0   0
6   0   0   0   1   1   0   1   1   1   0   0   1

S_minus:
   1   2   3   4   5   6   7   8   9   10  11  12
1   0   0   0   0   0   0   0   1   0   0   0   1
2   1   2   0   0   0   0   0   0   0   0   1   0
3   0   0   0   0   0   0   0   0   1   0   0   0
4   0   0   0   1   0   2   2   0   0   0   0   1
5   1   0   1   0   1   0   0   0   1   1   1   0
6   0   0   0   0   0   0   0   0   0   1   0   0

# Realization 1566
S_plus:
   1  2  3  4  5  6  7  8  9
1  0  0  1  0  0  0  0  1  0
2  0  0  0  0  1  0  0  0  0
3  0  1  0  1  0  0  0  0  1
4  1  0  1  0  0  0  0  0  0
5  0  0  0  0  0  0  0  0  1
6  0  0  0  0  0  1  0  0  0
7  0  0  0  0  0  0  1  0  0

S_minus:
   1  2  3  4  5  6  7  8  9
1  0  0  0  0  0  0  2  0  0
2  1  0  0  1  0  0  0  0  0
3  0  0  1  0  0  0  0  0  0
4  0  0  0  0  0  0  0  0  1
5  0  0  1  0  1  1  0  0  0
6  1  1  0  0  0  0  0  1  1
7  0  0  0  0  1  1  0  0  0

# Realization 1567
S_plus:
   1  2  3  4  5  6  7  8
1  0  0  0  0  0  0  1  0
2  0  0  0  0  0  1  0  1
3  1  0  0  1  0  0  0  0
4  0  0  0  0  0  0  1  0
5  0  0  1  0  1  0  0  0
6  0  2  0  0  0  0  0  0

S_minus:
   1  2  3  4  5  6  7  8
1  0  0  0  0  0  1  0  1
2  0  0  1  1  0  0  0  0
3  0  0  0  0  0  0  1  0
4  0  1  0  0  2  0  0  1
5  1  1  0  0  0  0  1  0
6  0  0  0  0  0  1  0  0

# Realization 1568
S_plus:
   1  2  3  4  5  6  7  8
1  0  0  0  0  0  1  0  0
2  0  1  1  1  0  1  0  1
3  1  0  0  0  1  0  1  1
4  0  0  0  0  0  0  1  0

S_minus:
   1  2  3  4  5  6  7  8
1  2  0  0  1  0  0  2  1
2  0  0  0  0  1  0  0  0
3  0  0  1  1  0  1  0  0
4  0  1  1  0  1  1  0  1

# Realization 1569
S_plus:
   1  2  3  4  5  6  7  8  9
1  0  0  0  2  1  0  0  1  0
2  1  0  1  0  0  0  1  0  1
3  1  0  0  0  0  0  1  0  1
4  0  0  0  0  1  0  0  0  0
5  0  2  0  0  0  1  0  0  0

S_minus:
   1  2  3  4  5  6  7  8  9
1  0  0  0  0  0  0  1  0  0
2  0  0  0  1  0  0  0  0  0
3  0  1  2  0  1  1  0  0  0
4  1  0  0  0  0  1  1  1  1
5  1  0  0  0  1  0  0  1  0

# Realization 1570
S_plus:
   1  2  3  4  5  6  7  8
1  0  0  0  0  1  0  1  0
2  0  0  0  0  0  1  0  0
3  2  2  0  1  1  0  0  0
4  0  0  1  0  0  0  0  1

S_minus:
   1  2  3  4  5  6  7  8
1  0  0  0  1  0  2  0  1
2  1  1  0  0  1  0  2  0
3  0  0  2  0  0  0  0  0
4  0  1  0  0  1  0  0  0

# Realization 1571
S_plus:
   1  2  3  4  5  6  7  8  9
1  0  1  0  0  0  1  0  0  0
2  0  0  0  0  0  0  0  1  0
3  0  1  0  0  0  0  0  0  2
4  1  0  0  0  0  0  0  0  0
5  0  0  1  1  2  0  1  0  0

S_minus:
   1  2  3  4  5  6  7  8  9
1  0  0  0  0  1  0  0  0  0
2  1  0  0  1  1  0  2  0  1
3  0  0  1  1  0  1  0  0  0
4  0  0  0  0  0  0  0  1  0
5  1  2  0  0  0  1  0  1  0

# Realization 1572
S_plus:
   1  2  3  4  5  6  7  8
1  0  0  1  0  0  0  0  0
2  1  0  0  0  0  0  0  0
3  0  0  0  1  0  0  0  0
4  0  2  1  0  1  0  0  0
5  0  0  0  0  1  0  1  1
6  0  0  0  0  0  2  0  0

S_minus:
   1  2  3  4  5  6  7  8
1  0  1  0  0  0  0  0  1
2  0  0  2  1  0  0  0  0
3  1  0  0  0  2  0  0  0
4  0  0  0  0  0  1  0  0
5  0  1  0  0  0  0  0  0
6  1  0  0  0  0  0  2  0

# Realization 1573
S_plus:
   1  2  3  4  5  6  7  8  9
1  0  0  1  0  0  0  0  0  0
2  1  0  0  0  0  0  0  0  0
3  0  0  0  1  1  0  0  0  0
4  0  0  0  0  0  0  0  1  0
5  0  0  0  0  0  0  0  0  1
6  0  1  0  0  0  0  0  1  0
7  0  0  0  0  0  0  1  0  0
8  0  0  1  0  0  1  1  0  0

S_minus:
   1  2  3  4  5  6  7  8  9
1  0  0  0  0  1  0  0  0  0
2  0  1  0  1  0  1  0  0  0
3  0  0  0  0  0  0  1  0  0
4  1  1  0  0  0  0  0  0  0
5  0  0  0  0  0  0  1  0  0
6  0  0  0  0  0  0  0  0  1
7  0  0  1  1  0  0  0  1  0
8  0  0  0  0  1  0  0  1  0

# Realization 1574
S_plus:
   1  2  3  4  5  6  7  8
1  0  1  0  0  0  0  1  0
2  0  0  0  1  0  0  0  0
3  0  0  0  0  1  0  0  1
4  1  0  0  0  0  0  0  0
5  0  0  0  0  0  0  1  0
6  0  0  1  1  1  1  0  0

S_minus:
   1  2  3  4  5  6  7  8
1  0  0  0  0  0  0  0  1
2  0  0  0  0  1  0  1  1
3  0  0  1  0  0  2  0  0
4  0  0  0  0  0  0  1  0
5  2  0  1  1  0  0  0  0
6  0  2  0  0  0  0  0  0

# Realization 1575
S_plus:
   1   2   3   4   5   6   7   8   9   10  11
1   0   1   0   0   0   1   0   0   0   0   0
2   1   0   0   0   0   0   1   0   0   1   0
3   0   0   1   0   0   0   1   0   0   0   0
4   0   0   1   0   1   0   0   1   1   0   0
5   1   0   0   0   0   0   0   0   0   0   0
6   0   0   0   1   0   0   0   0   0   0   1

S_minus:
   1   2   3   4   5   6   7   8   9   10  11
1   0   0   0   0   0   0   1   0   0   0   0
2   0   0   0   0   2   0   0   1   0   0   1
3   0   1   0   1   0   0   0   0   1   1   1
4   0   0   0   1   0   2   0   0   0   0   0
5   0   0   1   0   0   0   1   0   0   0   0
6   1   0   1   0   0   0   0   1   0   0   0

# Realization 1576
S_plus:
   1  2  3  4  5  6  7
1  0  1  0  0  0  1  0
2  2  0  0  1  1  0  0
3  0  0  0  0  0  0  1
4  0  1  0  0  0  0  1
5  0  0  1  0  0  0  0

S_minus:
   1  2  3  4  5  6  7
1  0  0  0  1  0  0  0
2  0  0  1  0  0  0  0
3  0  1  1  0  0  0  0
4  0  0  0  0  1  1  0
5  2  0  0  0  1  1  2

# Realization 1577
S_plus:
    1  2  3  4  5  6  7  8  9
1   0  0  0  0  0  0  1  0  1
2   0  0  0  0  0  1  0  0  0
3   0  0  0  1  0  1  0  0  0
4   0  0  1  0  0  0  0  0  0
5   1  0  0  0  1  0  0  0  0
6   0  0  0  1  0  0  0  0  0
7   0  1  0  0  0  0  0  0  0
8   0  0  1  0  0  0  0  0  0
9   0  0  0  0  0  0  0  1  1
10  0  0  0  0  1  0  0  0  0

S_minus:
    1  2  3  4  5  6  7  8  9
1   0  0  1  1  1  1  0  0  0
2   1  0  0  0  0  0  0  0  0
3   0  0  1  0  0  0  0  0  0
4   0  0  0  0  0  0  1  0  0
5   0  1  0  0  0  0  0  0  0
6   1  0  0  0  0  0  1  0  0
7   0  0  0  0  0  0  0  0  1
8   0  1  0  0  0  0  0  0  0
9   0  0  0  1  0  0  0  0  0
10  0  0  0  0  0  1  0  1  0

# Realization 1578
S_plus:
   1  2  3  4  5
1  0  0  0  0  1
2  1  2  1  0  0
3  1  0  0  1  0

S_minus:
   1  2  3  4  5
1  2  1  1  1  0
2  0  0  0  1  1
3  0  1  1  0  1

# Realization 1579
S_plus:
   1   2   3   4   5   6   7   8   9   10
1   1   0   0   1   1   0   0   0   0   0
2   1   1   0   0   0   2   2   0   1   1
3   0   1   1   0   0   0   0   1   0   0

S_minus:
   1   2   3   4   5   6   7   8   9   10
1   0   2   1   0   0   1   0   2   1   0
2   0   0   0   1   0   0   0   0   0   0
3   2   0   0   1   2   1   2   0   0   2

# Realization 1580
S_plus:
   1  2  3  4  5  6
1  1  0  1  0  0  0
2  0  1  0  0  0  0
3  0  1  0  0  0  1
4  0  0  0  1  1  0

S_minus:
   1  2  3  4  5  6
1  0  1  0  0  2  0
2  2  0  0  1  0  0
3  0  0  0  1  0  0
4  0  1  1  0  0  2

# Realization 1581
S_plus:
   1  2  3  4  5  6  7  8
1  2  0  0  1  0  1  1  1
2  0  0  1  0  0  0  0  0
3  0  0  0  0  1  1  1  0
4  0  1  0  1  1  0  0  0

S_minus:
   1  2  3  4  5  6  7  8
1  0  1  1  0  1  0  0  0
2  0  0  0  1  1  1  2  1
3  2  1  0  1  0  0  0  0
4  0  0  1  0  0  0  0  0

# Realization 1582
S_plus:
   1  2  3  4  5
1  0  1  2  0  2
2  1  1  0  0  0
3  0  0  0  1  0
4  0  0  0  1  0

S_minus:
   1  2  3  4  5
1  0  0  0  1  0
2  0  0  0  1  0
3  2  2  1  0  0
4  0  0  1  0  1

# Realization 1583
S_plus:
   1  2  3  4  5  6
1  0  0  0  1  0  0
2  0  1  0  1  1  0
3  1  0  1  0  1  2

S_minus:
   1  2  3  4  5  6
1  1  1  1  0  1  2
2  1  0  0  0  0  0
3  0  0  0  2  0  0

# Realization 1584
S_plus:
   1  2  3  4  5  6  7
1  2  1  1  0  1  0  0
2  0  0  0  0  1  1  0
3  0  0  0  1  0  0  1

S_minus:
   1  2  3  4  5  6  7
1  0  0  0  2  0  0  0
2  1  2  0  0  0  0  1
3  1  0  2  0  2  2  0

# Realization 1585
S_plus:
   1   2   3   4   5   6   7   8   9   10  11
1   0   0   0   0   0   1   0   0   0   0   0
2   0   0   0   1   0   0   0   0   0   0   0
3   1   0   0   0   0   0   0   0   0   0   0
4   0   1   2   0   0   0   1   0   1   0   1
5   0   0   0   0   0   0   0   2   0   1   0
6   1   0   0   1   2   0   0   0   1   1   0

S_minus:
   1   2   3   4   5   6   7   8   9   10  11
1   0   1   0   1   1   0   0   0   0   0   0
2   0   0   0   0   0   0   0   1   0   2   1
3   0   0   0   0   1   1   0   0   1   0   1
4   0   0   0   1   0   0   0   0   0   0   0
5   1   0   1   0   0   1   1   0   0   0   0
6   0   0   0   0   0   0   1   1   0   0   0

# Realization 1586
S_plus:
   1   2   3   4   5   6   7   8   9   10  11
1   0   0   0   1   1   0   0   0   0   1   0
2   0   1   1   0   0   0   1   0   0   0   0
3   1   0   0   0   1   1   1   1   1   0   1

S_minus:
   1   2   3   4   5   6   7   8   9   10  11
1   1   2   1   0   0   0   2   1   2   0   0
2   0   0   0   0   2   1   0   1   0   2   2
3   0   0   1   2   0   0   0   0   0   0   0

# Realization 1587
S_plus:
   1  2  3  4  5  6
1  0  0  0  0  0  1
2  0  1  1  1  0  1
3  2  0  0  0  1  0

S_minus:
   1  2  3  4  5  6
1  2  1  1  2  1  0
2  0  0  0  0  1  0
3  0  1  0  0  0  2

# Realization 1588
S_plus:
   1  2  3  4  5  6  7  8
1  0  1  0  0  0  0  1  1
2  1  0  0  0  0  0  0  0
3  0  0  0  0  1  0  0  0
4  0  0  0  0  0  0  1  0
5  0  0  1  0  0  0  0  0
6  0  0  0  0  0  1  0  1
7  0  1  1  1  0  0  0  0

S_minus:
   1  2  3  4  5  6  7  8
1  1  0  0  0  0  0  0  0
2  0  0  0  1  0  1  1  0
3  1  0  0  0  0  0  0  0
4  0  1  2  0  0  0  0  0
5  0  0  0  1  0  1  0  0
6  0  1  0  0  1  0  0  0
7  0  0  0  0  0  0  0  1

# Realization 1589
S_plus:
   1  2  3  4
1  1  0  0  0
2  0  1  2  0
3  0  0  0  1

S_minus:
   1  2  3  4
1  0  1  0  2
2  2  0  0  0
3  0  0  1  0

# Realization 1590
S_plus:
   1   2   3   4   5   6   7   8   9   10  11
1   0   0   1   0   1   0   0   0   0   0   0
2   0   1   0   1   0   0   0   0   0   0   0
3   1   0   0   0   0   1   1   0   0   0   0
4   0   0   0   0   0   0   0   1   0   0   0
5   0   1   1   0   0   0   0   0   0   0   1
6   0   0   0   0   1   0   0   1   1   0   0
7   1   0   0   0   0   0   0   0   0   0   0
8   0   0   0   1   0   0   1   0   0   1   0

S_minus:
   1   2   3   4   5   6   7   8   9   10  11
1   1   0   0   0   0   0   0   0   1   1   0
2   0   0   2   0   0   1   2   0   0   0   0
3   0   1   0   0   0   0   0   0   0   0   0
4   0   1   0   1   1   1   0   0   0   0   0
5   0   0   0   1   0   0   0   0   0   1   0
6   0   0   0   0   0   0   0   0   0   0   1
7   0   0   0   0   1   0   0   1   0   0   0
8   0   0   0   0   0   0   0   1   1   0   0

# Realization 1591
S_plus:
   1  2  3  4
1  0  0  2  0
2  0  0  0  1
3  2  1  0  0
4  0  1  0  0

S_minus:
   1  2  3  4
1  0  1  0  0
2  1  1  1  0
3  0  0  0  2
4  1  0  0  0

# Realization 1592
S_plus:
   1  2  3
1  1  0  1
2  0  1  0
3  1  0  0

S_minus:
   1  2  3
1  0  1  0
2  2  0  1
3  0  1  1

# Realization 1593
S_plus:
   1  2  3  4
1  0  0  1  0
2  2  0  0  0
3  0  1  0  2

S_minus:
   1  2  3  4
1  2  0  0  1
2  0  1  1  1
3  0  0  1  0

# Realization 1594
S_plus:
   1  2  3  4  5
1  0  1  0  0  0
2  0  0  1  1  1
3  2  0  0  0  1

S_minus:
   1  2  3  4  5
1  1  0  1  1  1
2  1  0  0  0  0
3  0  2  0  1  0

# Realization 1595
S_plus:
   1  2  3  4  5  6  7
1  0  0  0  0  0  1  0
2  0  0  1  0  1  0  0
3  1  0  0  0  1  0  0
4  0  1  0  0  0  0  0
5  0  0  0  1  0  0  1

S_minus:
   1  2  3  4  5  6  7
1  1  0  0  0  1  0  1
2  0  0  0  1  0  0  0
3  0  2  0  0  0  1  1
4  0  0  0  1  1  1  0
5  0  0  1  0  0  0  0

# Realization 1596
S_plus:
   1  2  3  4  5  6  7  8  9
1  2  0  0  1  0  1  1  1  1
2  0  0  0  0  0  0  0  0  1
3  0  1  1  0  1  1  0  0  0

S_minus:
   1  2  3  4  5  6  7  8  9
1  0  2  1  0  0  0  0  0  0
2  1  0  1  0  2  2  1  2  0
3  0  0  0  1  0  0  0  0  2

# Realization 1597
S_plus:
   1  2  3  4  5  6  7  8
1  0  1  0  1  0  0  1  0
2  0  0  0  0  0  2  0  0
3  1  0  2  0  2  0  0  1
4  0  0  0  0  0  0  1  0
5  0  1  0  0  0  0  0  0

S_minus:
   1  2  3  4  5  6  7  8
1  0  0  1  0  0  1  0  0
2  1  1  0  0  1  0  0  1
3  0  0  0  1  0  0  0  0
4  0  1  0  0  1  0  0  0
5  0  0  0  1  0  0  2  1

# Realization 1598
S_plus:
   1  2  3  4
1  1  0  0  0
2  0  0  1  2
3  0  1  0  0

S_minus:
   1  2  3  4
1  0  1  1  1
2  1  0  0  0
3  1  0  1  1

# Realization 1599
S_plus:
   1  2  3  4  5  6  7
1  1  1  0  0  0  0  1
2  0  0  2  0  0  1  1
3  0  0  0  1  0  0  0
4  0  0  0  0  1  0  0

S_minus:
   1  2  3  4  5  6  7
1  0  0  1  0  0  0  0
2  0  0  0  0  1  0  0
3  0  1  0  0  1  0  0
4  2  1  1  1  0  1  1

# Realization 1600
S_plus:
   1  2  3  4  5
1  0  1  0  0  0
2  1  0  0  2  0
3  0  0  2  0  1

S_minus:
   1  2  3  4  5
1  1  0  1  1  2
2  0  0  1  0  0
3  1  2  0  0  0

# Realization 1601
S_plus:
   1   2   3   4   5   6   7   8   9   10  11
1   0   0   0   0   0   0   0   1   0   1   0
2   0   0   0   0   0   0   0   0   1   0   0
3   1   0   1   0   0   0   0   0   0   0   0
4   0   0   0   1   1   1   1   1   0   0   1
5   0   0   0   0   0   0   0   0   0   0   1
6   0   0   0   1   1   0   0   0   1   0   0
7   0   1   0   0   0   0   0   0   0   0   0

S_minus:
   1   2   3   4   5   6   7   8   9   10  11
1   1   0   0   0   0   1   0   0   0   0   1
2   0   1   1   0   1   0   0   0   0   1   0
3   0   0   0   1   1   0   0   0   1   0   0
4   0   1   0   0   0   0   0   0   1   0   0
5   0   0   0   0   0   1   0   0   0   0   0
6   1   0   0   0   0   0   0   0   0   0   1
7   0   0   1   0   0   0   1   1   0   0   0

# Realization 1602
S_plus:
   1  2  3  4  5
1  0  1  0  0  0
2  0  0  1  0  0
3  0  0  0  1  0
4  0  0  1  0  0
5  1  0  0  0  0
6  0  0  0  1  1

S_minus:
   1  2  3  4  5
1  0  0  1  0  1
2  0  1  0  1  0
3  0  1  0  0  0
4  0  0  0  1  0
5  0  0  1  0  0
6  1  0  0  0  0

# Realization 1603
S_plus:
   1  2  3  4  5
1  1  1  0  0  0
2  0  0  0  1  1
3  0  0  2  0  0

S_minus:
   1  2  3  4  5
1  0  0  1  0  1
2  1  1  1  0  0
3  0  1  0  2  1

# Realization 1604
S_plus:
   1  2  3  4  5
1  0  2  0  0  1
2  0  0  1  1  0
3  1  0  0  0  0

S_minus:
   1  2  3  4  5
1  0  0  2  1  0
2  2  0  0  0  1
3  0  2  0  1  0

# Realization 1605
S_plus:
   1   2   3   4   5   6   7   8   9   10  11
1   1   0   0   0   0   0   2   1   0   0   0
2   0   1   0   0   1   0   0   0   0   0   1
3   0   0   0   0   0   0   0   0   0   0   1
4   0   0   2   0   0   0   0   0   0   0   0
5   0   1   0   0   0   2   0   0   1   0   0
6   0   0   0   1   0   0   0   0   0   0   0
7   1   0   0   0   1   0   0   0   0   1   0

S_minus:
   1   2   3   4   5   6   7   8   9   10  11
1   0   0   0   0   0   0   0   0   0   1   0
2   0   0   0   0   0   1   0   1   0   0   0
3   1   0   2   0   1   0   1   0   1   0   0
4   0   1   0   0   0   0   0   0   0   1   2
5   1   0   0   0   0   0   0   0   0   0   0
6   0   0   0   0   1   0   1   0   0   0   0
7   0   1   0   1   0   0   0   0   0   0   0

# Realization 1606
S_plus:
   1  2  3
1  1  0  0
2  0  0  2
3  0  1  0

S_minus:
   1  2  3
1  0  1  1
2  1  1  0
3  0  0  1

# Realization 1607
S_plus:
   1  2  3  4  5  6  7  8
1  0  0  0  1  1  0  1  0
2  1  0  0  1  0  1  0  0
3  0  1  0  0  0  0  0  0
4  0  0  0  0  0  0  1  0
5  0  0  1  0  0  0  0  1
6  0  0  1  0  0  0  0  0

S_minus:
   1  2  3  4  5  6  7  8
1  0  0  1  0  0  1  0  0
2  0  0  1  0  0  0  0  0
3  0  0  0  2  0  0  1  0
4  0  0  0  0  1  0  0  0
5  1  0  0  0  1  0  1  0
6  0  2  0  0  0  0  0  1

# Realization 1608
S_plus:
   1  2  3  4  5  6  7  8  9
1  1  0  0  0  0  1  0  0  0
2  0  0  0  0  1  0  1  0  0
3  0  0  1  0  0  0  0  1  1
4  0  1  0  1  0  0  0  0  0

S_minus:
   1  2  3  4  5  6  7  8  9
1  0  0  0  0  0  0  1  1  2
2  0  0  0  1  0  0  0  1  0
3  1  1  0  1  1  0  1  0  0
4  1  0  2  0  0  1  0  0  0

# Realization 1609
S_plus:
   1  2  3  4  5  6  7
1  0  0  0  0  0  1  0
2  0  0  0  0  0  0  1
3  0  2  0  1  1  0  0
4  1  0  2  0  1  1  0

S_minus:
   1  2  3  4  5  6  7
1  1  0  0  0  0  0  1
2  0  2  1  0  1  1  0
3  0  0  0  0  0  1  1
4  0  0  0  1  0  0  0

# Realization 1610
S_plus:
   1  2  3  4  5  6
1  1  0  1  0  2  0
2  0  1  1  2  0  1
3  0  0  0  0  0  1

S_minus:
   1  2  3  4  5  6
1  0  2  0  2  0  2
2  1  0  0  0  0  0
3  1  0  2  0  2  0

# Realization 1611
S_plus:
   1  2  3  4  5  6  7  8  9
1  0  0  1  0  0  0  0  0  1
2  0  0  0  1  0  0  0  0  0
3  0  0  0  0  2  1  0  0  0
4  0  1  0  0  0  1  0  0  0
5  0  0  0  0  0  0  0  1  0
6  1  1  0  0  0  0  1  0  0

S_minus:
   1  2  3  4  5  6  7  8  9
1  1  0  0  0  0  1  0  0  0
2  0  1  0  0  0  0  0  0  1
3  0  1  1  1  0  0  1  0  0
4  0  0  0  1  1  0  0  0  0
5  0  0  1  0  1  0  1  0  1
6  0  0  0  0  0  1  0  1  0

# Realization 1612
S_plus:
   1  2  3  4  5  6  7
1  0  0  0  0  1  0  0
2  2  0  1  0  1  1  0
3  0  0  1  1  0  0  0
4  0  1  0  0  0  1  1

S_minus:
   1  2  3  4  5  6  7
1  1  1  1  1  0  1  0
2  0  1  0  1  0  0  0
3  0  0  0  0  0  1  1
4  0  0  1  0  2  0  0

# Realization 1613
S_plus:
   1  2  3  4  5  6
1  0  0  0  0  1  0
2  0  0  0  1  0  0
3  0  0  1  0  0  1
4  1  0  0  0  1  0
5  0  0  1  0  0  0
6  0  1  0  0  0  0

S_minus:
   1  2  3  4  5  6
1  0  1  0  0  0  0
2  0  0  0  0  1  1
3  0  1  0  1  0  0
4  0  0  2  0  0  1
5  0  0  0  1  1  0
6  1  0  0  0  0  0

# Realization 1614
S_plus:
   1  2  3  4  5  6  7
1  0  0  0  0  0  0  1
2  1  0  0  0  0  1  0
3  1  0  0  1  2  0  0
4  0  0  1  0  0  0  0
5  0  0  0  1  0  0  0
6  0  1  0  0  0  0  0
7  0  0  0  0  0  1  0

S_minus:
   1  2  3  4  5  6  7
1  0  0  0  1  0  1  0
2  0  1  0  0  0  0  0
3  0  0  0  0  0  0  1
4  1  0  0  0  0  0  1
5  0  0  0  0  1  0  0
6  1  0  1  1  0  0  0
7  0  1  0  0  0  0  0

# Realization 1615
S_plus:
   1   2   3   4   5   6   7   8   9   10  11
1   2   0   0   1   0   0   0   0   0   0   0
2   0   0   0   0   0   1   0   0   0   0   0
3   0   0   1   0   0   0   0   0   1   1   0
4   0   0   0   0   0   0   0   0   1   0   1
5   0   0   1   0   0   0   0   0   0   0   0
6   0   1   0   0   2   0   0   0   0   0   0
7   0   0   0   0   0   0   1   1   0   1   0

S_minus:
   1   2   3   4   5   6   7   8   9   10  11
1   0   0   0   0   0   0   0   0   1   0   0
2   0   1   0   0   0   0   1   1   0   0   1
3   1   0   0   1   1   0   1   0   0   0   0
4   0   1   0   0   0   1   0   0   0   0   0
5   1   0   0   0   0   1   0   0   1   2   0
6   0   0   1   0   0   0   0   0   0   0   1
7   0   0   1   0   0   0   0   0   0   0   0

# Realization 1616
S_plus:
   1  2  3  4  5  6
1  0  0  0  0  0  2
2  1  1  0  0  0  0
3  0  0  1  0  2  0
4  0  0  0  1  0  0

S_minus:
   1  2  3  4  5  6
1  0  0  0  1  1  0
2  0  0  1  1  1  1
3  0  2  0  0  0  0
4  1  0  0  0  0  1

# Realization 1617
S_plus:
   1  2  3  4  5  6
1  1  1  0  0  0  0
2  1  0  1  1  1  0
3  0  0  0  0  0  1

S_minus:
   1  2  3  4  5  6
1  0  0  2  1  0  0
2  0  1  0  0  0  2
3  1  1  0  1  1  0

# Realization 1618
S_plus:
   1  2  3  4  5  6  7  8
1  0  0  0  0  0  1  0  0
2  0  0  0  0  0  0  0  1
3  0  1  0  0  0  0  0  0
4  1  0  0  0  1  0  0  0
5  0  0  0  0  0  0  1  0
6  0  1  1  1  0  0  0  0
7  0  0  1  0  0  0  0  0

S_minus:
   1  2  3  4  5  6  7  8
1  1  0  0  0  0  0  0  0
2  0  1  0  0  1  0  0  0
3  1  0  1  0  0  1  1  0
4  0  0  1  1  0  0  0  0
5  0  0  0  0  0  0  0  1
6  0  0  0  0  1  1  0  0
7  0  0  0  0  0  0  1  0

# Realization 1619
S_plus:
   1  2  3  4
1  0  1  0  1
2  0  0  1  0
3  2  0  0  0

S_minus:
   1  2  3  4
1  1  0  2  0
2  1  1  0  0
3  0  0  0  1

# Realization 1620
S_plus:
   1  2  3  4  5  6  7  8  9
1  0  1  0  0  0  0  0  0  0
2  1  0  1  0  0  0  0  0  0
3  0  0  0  1  0  1  0  0  0
4  1  0  0  1  1  0  1  0  1
5  0  0  1  0  0  0  0  1  1

S_minus:
   1  2  3  4  5  6  7  8  9
1  1  0  0  1  0  0  0  0  0
2  0  1  0  1  1  1  1  1  0
3  0  1  0  0  0  0  0  1  1
4  0  0  2  0  0  0  0  0  0
5  1  0  0  0  1  1  0  0  0

# Realization 1621
S_plus:
   1  2  3  4
1  0  0  1  1
2  1  0  0  0
3  0  1  0  0

S_minus:
   1  2  3  4
1  0  1  0  0
2  0  1  0  1
3  1  0  2  0

# Realization 1622
S_plus:
   1   2   3   4   5   6   7   8   9   10  11  12
1   1   1   1   0   0   0   0   0   0   1   0   0
2   0   0   0   0   1   0   2   0   1   0   0   0
3   0   0   0   1   0   0   0   0   0   0   0   0
4   1   0   0   0   0   1   0   0   0   0   1   0
5   0   0   0   0   0   0   0   1   0   0   1   1
6   0   1   0   0   0   1   0   0   0   0   0   0

S_minus:
   1   2   3   4   5   6   7   8   9   10  11  12
1   0   0   0   0   0   0   0   0   0   0   1   0
2   1   0   0   0   0   1   0   0   0   1   1   1
3   0   1   0   0   1   0   1   0   0   1   0   1
4   0   0   0   0   1   0   0   1   1   0   0   0
5   0   1   1   2   0   1   0   0   0   0   0   0
6   0   0   1   0   0   0   1   1   1   0   0   0

# Realization 1623
S_plus:
   1   2   3   4   5   6   7   8   9   10
1   0   1   0   0   0   0   0   0   0   0
2   1   0   0   0   0   0   0   0   1   0
3   0   0   0   0   0   0   0   0   0   1
4   1   0   0   0   1   0   0   0   1   0
5   0   1   0   0   0   0   0   0   0   0
6   0   0   0   0   0   0   0   1   0   0
7   0   0   1   1   1   0   1   0   0   0
8   0   0   0   0   0   1   0   0   0   1

S_minus:
   1   2   3   4   5   6   7   8   9   10
1   0   0   0   0   1   0   0   0   0   0
2   0   0   0   1   0   1   0   0   0   0
3   0   0   0   0   0   0   0   1   0   0
4   0   0   0   0   0   0   0   1   0   0
5   0   0   1   0   0   0   0   0   0   0
6   1   1   0   0   1   0   0   0   1   1
7   1   0   0   0   0   0   0   0   0   1
8   0   0   0   0   0   0   1   0   0   0

# Realization 1624
S_plus:
   1  2  3  4  5  6  7  8  9
1  0  0  0  0  1  1  1  1  1
2  1  0  0  0  0  0  0  0  0
3  0  0  1  0  0  0  1  0  0
4  0  2  0  1  0  0  0  1  1

S_minus:
   1  2  3  4  5  6  7  8  9
1  0  1  0  1  0  0  0  0  0
2  0  0  1  1  0  0  1  1  0
3  2  1  0  0  0  2  0  1  1
4  0  0  1  0  1  0  0  0  0

# Realization 1625
S_plus:
   1  2  3  4
1  0  1  0  2
2  1  0  0  0
3  0  0  1  0

S_minus:
   1  2  3  4
1  1  0  2  0
2  0  1  0  2
3  1  1  0  0

# Realization 1626
S_plus:
   1  2  3  4  5  6  7
1  0  1  0  1  0  0  0
2  2  0  0  0  1  1  2
3  0  0  1  0  0  0  0

S_minus:
   1  2  3  4  5  6  7
1  0  0  1  0  1  0  2
2  0  0  1  0  0  0  0
3  1  2  0  1  0  1  0

# Realization 1627
S_plus:
   1  2  3  4  5  6  7
1  0  0  0  0  1  0  0
2  0  0  1  1  0  0  1
3  0  0  0  0  0  1  0
4  1  1  0  0  1  0  0

S_minus:
   1  2  3  4  5  6  7
1  1  1  0  1  0  0  1
2  0  0  0  0  1  1  0
3  0  1  1  0  1  0  0
4  0  0  1  0  0  1  1

# Realization 1628
S_plus:
   1   2   3   4   5   6   7   8   9   10  11
1   0   0   0   0   0   0   0   1   0   0   0
2   0   0   0   0   0   1   0   0   1   0   2
3   2   0   2   0   0   0   1   0   0   2   0
4   0   0   0   0   0   0   0   0   1   0   0
5   0   0   0   1   1   0   1   0   0   0   0
6   0   1   0   0   0   1   0   0   0   0   0

S_minus:
   1   2   3   4   5   6   7   8   9   10  11
1   0   0   1   0   0   1   1   0   1   0   0
2   1   1   0   0   0   0   1   2   0   1   0
3   0   1   0   1   0   0   0   0   1   0   0
4   0   0   0   0   0   1   0   0   0   0   0
5   1   0   1   0   0   0   0   0   0   0   1
6   0   0   0   1   1   0   0   0   0   0   1

# Realization 1629
S_plus:
   1  2  3  4  5  6  7  8  9
1  0  0  1  0  0  0  0  0  0
2  0  0  0  0  0  0  1  0  1
3  0  0  0  0  0  0  1  0  0
4  0  1  0  0  0  1  0  0  0
5  1  0  0  0  0  0  0  1  0
6  0  1  0  1  1  0  0  0  0

S_minus:
   1  2  3  4  5  6  7  8  9
1  1  1  0  0  1  0  1  1  2
2  0  1  0  0  0  0  0  0  0
3  1  0  0  0  1  1  0  0  0
4  0  0  1  1  0  0  1  0  0
5  0  0  0  1  0  1  0  0  0
6  0  0  0  0  0  0  0  1  0

# Realization 1630
S_plus:
   1  2  3  4  5  6  7
1  0  0  1  0  0  0  0
2  0  1  0  0  0  0  0
3  0  0  0  0  1  1  0
4  1  1  0  1  0  1  0
5  0  0  0  0  0  0  1

S_minus:
   1  2  3  4  5  6  7
1  1  1  0  0  0  1  0
2  0  0  1  1  0  0  1
3  1  0  1  0  0  0  1
4  0  0  0  0  2  0  0
5  0  1  0  0  0  1  0

# Realization 1631
S_plus:
   1  2  3  4  5  6  7  8
1  0  1  0  0  0  1  0  0
2  1  0  0  0  0  0  0  0
3  0  1  0  1  1  0  1  0
4  0  0  1  0  0  1  0  1

S_minus:
   1  2  3  4  5  6  7  8
1  0  0  1  0  1  0  0  0
2  0  1  0  0  0  1  2  0
3  0  0  1  0  0  0  0  2
4  2  1  0  1  1  0  0  0

# Realization 1632
S_plus:
   1  2  3  4
1  1  0  0  0
2  0  1  0  1
3  0  0  1  0

S_minus:
   1  2  3  4
1  0  2  0  1
2  1  0  1  0
3  0  0  0  1

# Realization 1633
S_plus:
   1   2   3   4   5   6   7   8   9   10  11  12
1   0   0   0   0   0   1   0   0   1   0   0   0
2   0   1   0   1   0   0   0   1   0   0   1   0
3   0   0   0   0   0   0   1   1   0   1   1   0
4   0   1   0   0   0   0   1   0   1   0   0   0
5   0   0   1   0   0   0   0   0   0   0   0   0
6   2   0   0   0   2   0   0   0   0   0   0   0
7   0   0   1   0   0   0   0   0   0   0   0   1

S_minus:
   1   2   3   4   5   6   7   8   9   10  11  12
1   1   2   1   0   0   0   0   1   0   0   1   0
2   0   0   0   0   0   0   0   0   1   0   0   0
3   0   0   0   0   1   0   0   0   0   0   0   0
4   1   0   1   0   1   1   0   1   0   1   0   1
5   0   0   0   0   0   0   1   0   0   0   0   0
6   0   0   0   2   0   1   0   0   0   0   1   0
7   0   0   0   0   0   0   1   0   1   0   0   0

# Realization 1634
S_plus:
   1  2  3  4
1  0  0  1  0
2  2  0  0  0
3  0  2  0  1

S_minus:
   1  2  3  4
1  0  1  0  0
2  0  1  2  2
3  2  0  0  0

# Realization 1635
S_plus:
   1  2  3  4  5  6  7  8  9
1  0  1  0  0  0  0  0  0  0
2  0  0  0  0  1  0  0  0  0
3  1  1  1  0  0  0  1  0  2
4  0  0  0  1  0  0  0  0  0
5  1  0  0  0  1  1  0  1  0

S_minus:
   1  2  3  4  5  6  7  8  9
1  0  0  0  1  1  0  1  0  1
2  1  0  0  0  0  0  0  1  1
3  0  0  0  0  0  0  0  1  0
4  1  1  1  0  0  1  1  0  0
5  0  1  0  0  0  0  0  0  0

# Realization 1636
S_plus:
   1  2  3  4  5  6  7
1  1  0  1  1  0  2  0
2  0  0  1  0  0  0  0
3  0  1  0  0  0  0  0
4  0  0  0  1  1  0  1

S_minus:
   1  2  3  4  5  6  7
1  0  0  0  0  1  0  0
2  1  1  0  0  0  1  1
3  0  0  0  1  1  0  0
4  1  0  2  0  0  0  0

# Realization 1637
S_plus:
   1  2  3  4  5  6
1  1  1  0  0  0  0
2  0  0  1  0  0  0
3  0  0  0  1  1  2
4  0  0  0  0  1  0

S_minus:
   1  2  3  4  5  6
1  0  0  0  1  0  0
2  0  1  0  0  2  1
3  2  0  0  0  0  0
4  0  0  1  0  0  0

# Realization 1638
S_plus:
   1  2
1  1  0
2  0  1

S_minus:
   1  2
1  0  1
2  2  0

# Realization 1639
S_plus:
   1  2  3  4  5
1  0  0  0  1  0
2  0  0  1  0  0
3  2  0  0  0  1
4  0  1  1  1  0

S_minus:
   1  2  3  4  5
1  0  1  1  0  1
2  1  0  0  1  0
3  0  0  1  0  0
4  1  0  0  0  1

# Realization 1640
S_plus:
   1  2  3  4  5
1  0  0  0  0  1
2  1  2  0  2  0
3  0  0  1  0  0

S_minus:
   1  2  3  4  5
1  1  0  1  0  0
2  0  0  1  0  0
3  1  1  0  2  1

# Realization 1641
S_plus:
   1  2  3  4  5  6  7
1  1  0  1  1  0  0  0
2  0  0  0  0  1  2  0
3  0  1  0  0  0  0  0
4  0  1  0  0  0  0  0
5  0  0  0  0  0  0  1
6  0  0  0  0  1  0  0

S_minus:
   1  2  3  4  5  6  7
1  0  0  0  0  0  1  0
2  2  2  1  1  0  0  1
3  0  0  0  0  1  0  0
4  0  0  0  0  0  1  0
5  0  0  0  0  1  0  0
6  0  0  0  1  0  0  1

# Realization 1642
S_plus:
   1  2  3  4  5  6  7
1  1  0  0  0  2  1  0
2  0  2  1  0  0  0  2
3  0  0  0  1  0  0  0

S_minus:
   1  2  3  4  5  6  7
1  0  1  0  1  0  0  2
2  0  0  0  1  1  0  0
3  2  1  1  0  1  1  0

# Realization 1643
S_plus:
   1  2  3  4  5  6  7  8
1  0  1  0  2  1  1  0  0
2  0  0  0  0  0  0  1  0
3  1  0  2  0  0  0  0  1

S_minus:
   1  2  3  4  5  6  7  8
1  0  0  0  0  0  0  2  1
2  2  1  1  1  0  2  0  0
3  0  1  0  1  2  0  0  0

# Realization 1644
S_plus:
   1  2  3
1  0  0  1
2  0  0  1
3  1  1  0

S_minus:
   1  2  3
1  1  0  0
2  0  2  0
3  0  0  2

# Realization 1645
S_plus:
   1  2  3  4  5
1  0  1  0  0  0
2  0  0  1  1  0
3  1  0  0  0  0
4  0  1  0  1  0
5  0  0  1  0  2

S_minus:
   1  2  3  4  5
1  1  0  2  0  1
2  0  1  0  0  0
3  0  1  0  1  0
4  1  0  0  0  0
5  0  0  0  1  0

# Realization 1646
S_plus:
   1  2  3  4  5  6  7
1  0  0  0  0  0  0  1
2  1  1  1  2  0  0  0
3  0  0  0  0  1  1  0
4  0  0  0  0  0  1  0

S_minus:
   1  2  3  4  5  6  7
1  0  1  1  2  0  1  0
2  0  0  0  0  0  1  0
3  1  0  0  0  0  0  1
4  0  0  1  0  2  0  1

# Realization 1647
S_plus:
   1   2   3   4   5   6   7   8   9   10
1   1   0   0   0   0   0   0   0   0   0
2   0   0   0   0   0   0   1   0   1   0
3   0   0   1   0   1   1   0   0   0   0
4   1   1   0   1   0   0   1   2   1   0
5   0   0   0   0   1   0   0   0   0   1

S_minus:
   1   2   3   4   5   6   7   8   9   10
1   0   1   1   0   0   1   1   0   1   0
2   2   0   0   0   1   1   0   0   0   0
3   0   0   0   0   0   0   0   0   0   1
4   0   0   0   0   1   0   0   0   0   0
5   0   0   0   1   0   0   0   1   1   0

# Realization 1648
S_plus:
   1  2  3  4  5  6  7
1  0  0  0  0  1  0  0
2  0  0  0  0  0  2  1
3  2  1  1  1  0  0  1

S_minus:
   1  2  3  4  5  6  7
1  2  1  2  1  0  0  2
2  0  0  0  1  0  0  0
3  0  0  0  0  2  2  0

# Realization 1649
S_plus:
   1   2   3   4   5   6   7   8   9   10  11
1   1   0   0   0   0   1   0   0   0   0   1
2   0   1   0   0   0   0   1   0   0   0   0
3   0   0   1   0   0   0   0   1   0   0   0
4   0   0   0   0   2   0   0   0   1   1   0
5   0   0   0   1   0   0   0   0   0   1   0

S_minus:
   1   2   3   4   5   6   7   8   9   10  11
1   0   1   1   1   0   0   1   0   0   0   0
2   0   0   0   0   0   0   0   1   0   0   0
3   1   1   0   1   1   1   0   0   1   1   0
4   0   0   0   0   0   0   0   0   0   0   1
5   0   0   1   0   0   1   1   1   1   0   1

# Realization 1650
S_plus:
   1  2  3  4  5
1  0  1  0  0  0
2  0  0  0  1  0
3  1  0  1  1  0
4  0  0  0  0  1

S_minus:
   1  2  3  4  5
1  0  0  1  0  1
2  1  0  1  0  0
3  0  1  0  0  0
4  0  1  0  2  0

# Realization 1651
S_plus:
   1  2  3  4  5
1  0  0  0  1  0
2  1  0  1  0  2
3  0  1  0  0  0

S_minus:
   1  2  3  4  5
1  1  1  1  0  1
2  0  1  0  2  0
3  0  0  1  0  1

# Realization 1652
S_plus:
   1  2  3  4  5
1  1  0  0  0  0
2  0  2  1  1  0
3  0  0  0  0  1
4  0  0  1  0  1

S_minus:
   1  2  3  4  5
1  0  1  1  1  1
2  0  0  0  0  1
3  1  1  0  0  0
4  1  0  0  0  0

# Realization 1653
S_plus:
   1  2  3  4  5  6  7
1  0  0  0  0  1  0  0
2  0  0  1  1  0  1  0
3  0  1  0  1  0  1  0
4  1  1  1  0  0  0  2

S_minus:
   1  2  3  4  5  6  7
1  0  2  1  1  0  2  0
2  2  0  0  0  1  0  1
3  0  0  1  0  0  0  1
4  0  0  0  1  1  0  0

# Realization 1654
S_plus:
   1  2  3  4  5  6  7  8
1  1  1  0  0  1  1  0  0
2  0  0  0  1  0  0  0  0
3  0  0  1  0  1  0  0  0
4  1  1  1  1  0  0  1  1

S_minus:
   1  2  3  4  5  6  7  8
1  0  0  0  0  0  0  1  0
2  1  0  1  0  2  0  1  1
3  1  1  0  2  0  0  0  1
4  0  0  0  0  0  1  0  0

# Realization 1655
S_plus:
   1   2   3   4   5   6   7   8   9   10  11
1   0   1   0   0   0   0   0   0   0   0   0
2   0   0   1   1   0   1   0   0   0   1   1
3   0   0   1   0   0   0   0   0   0   0   0
4   0   1   0   0   0   1   0   0   0   1   0
5   0   0   0   0   0   0   0   0   1   0   0
6   0   0   0   0   1   0   1   1   1   0   0
7   1   0   0   1   0   0   0   0   0   0   0
8   0   0   0   0   0   0   1   1   0   0   1

S_minus:
   1   2   3   4   5   6   7   8   9   10  11
1   0   0   0   1   1   0   1   1   0   0   0
2   1   0   0   0   0   0   0   0   0   0   0
3   0   1   0   0   0   0   0   1   1   0   0
4   0   0   0   0   0   0   0   0   1   0   0
5   1   0   0   0   0   0   1   0   0   0   1
6   0   0   0   0   0   1   0   0   0   0   1
7   0   0   0   0   0   1   0   0   0   1   0
8   0   1   1   0   0   0   0   0   0   0   0

# Realization 1656
S_plus:
   1  2  3  4  5
1  1  0  0  1  1
2  1  0  1  0  0
3  0  1  0  1  0
4  0  0  1  0  0

S_minus:
   1  2  3  4  5
1  0  0  1  0  0
2  0  0  0  0  1
3  0  0  1  0  1
4  1  1  0  2  0

# Realization 1657
S_plus:
   1   2   3   4   5   6   7   8   9   10  11
1   0   0   0   0   1   1   1   1   0   0   0
2   1   1   0   0   0   0   0   0   1   1   0
3   0   0   1   0   0   0   1   0   0   0   2
4   0   1   0   0   0   0   0   0   0   0   0
5   1   0   0   1   0   0   0   1   0   1   0

S_minus:
   1   2   3   4   5   6   7   8   9   10  11
1   1   1   1   0   0   0   0   0   0   0   0
2   0   0   0   0   0   1   0   0   0   0   0
3   0   1   0   0   1   1   0   1   1   1   0
4   1   0   0   2   1   0   2   1   0   1   1
5   0   0   1   0   0   0   0   0   0   0   1

# Realization 1658
S_plus:
   1   2   3   4   5   6   7   8   9   10  11  12
1   0   0   1   0   0   0   2   0   2   0   0   0
2   0   0   0   0   0   0   0   0   0   0   1   0
3   0   0   0   1   0   0   0   0   0   0   0   0
4   0   0   1   0   1   2   0   0   0   0   0   0
5   0   0   0   0   0   0   0   0   0   1   0   0
6   0   1   0   0   0   0   0   0   0   0   0   1
7   0   0   0   0   0   0   0   1   0   0   0   0
8   1   0   0   0   1   0   0   0   0   0   0   0
9   0   0   0   0   0   0   0   0   0   0   0   1

S_minus:
   1   2   3   4   5   6   7   8   9   10  11  12
1   0   0   0   1   0   1   0   0   0   0   0   0
2   0   1   0   0   0   0   0   2   0   0   0   1
3   1   0   1   0   0   0   1   0   0   0   0   0
4   0   0   0   1   0   0   0   0   0   0   1   0
5   0   0   0   0   1   0   1   0   0   0   0   0
6   0   0   1   0   0   0   0   0   0   0   0   0
7   0   0   0   0   0   0   0   0   1   1   0   0
8   0   0   0   0   0   0   0   0   0   1   0   1
9   0   0   0   0   0   1   0   0   1   0   0   0

# Realization 1659
S_plus:
   1  2  3  4  5  6  7  8
1  0  0  0  0  0  0  0  1
2  0  0  0  0  0  1  0  0
3  0  0  0  1  1  0  0  0
4  0  2  1  0  0  1  2  0
5  1  0  0  0  0  0  0  0
6  1  0  0  0  0  0  0  0

S_minus:
   1  2  3  4  5  6  7  8
1  0  0  0  0  2  1  0  0
2  2  1  1  0  0  0  0  0
3  0  0  0  0  0  0  0  1
4  0  0  0  0  0  0  0  1
5  0  1  0  1  0  0  1  0
6  0  0  0  0  0  1  1  0

# Realization 1660
S_plus:
   1  2  3  4
1  0  1  0  1
2  0  0  1  1
3  1  0  0  0

S_minus:
   1  2  3  4
1  2  0  1  0
2  0  1  0  0
3  0  1  1  1

# Realization 1661
S_plus:
   1   2   3   4   5   6   7   8   9   10
1   0   0   2   1   2   0   0   0   0   0
2   0   0   0   0   0   0   0   1   0   0
3   1   0   0   0   0   0   0   0   1   0
4   0   2   0   0   0   0   0   0   0   0
5   0   0   0   0   0   1   1   0   0   2

S_minus:
   1   2   3   4   5   6   7   8   9   10
1   0   0   0   0   0   1   0   1   0   0
2   0   1   0   1   0   1   0   0   0   0
3   0   0   1   0   1   0   1   0   0   0
4   0   0   1   1   0   0   1   1   1   1
5   2   1   0   0   1   0   0   0   0   0

# Realization 1662
S_plus:
   1   2   3   4   5   6   7   8   9   10
1   0   1   1   0   0   1   0   1   0   1
2   1   1   0   0   0   0   0   0   1   0
3   0   0   0   1   1   1   2   1   1   0
4   0   0   1   0   0   0   0   0   0   0

S_minus:
   1   2   3   4   5   6   7   8   9   10
1   0   0   0   0   0   0   1   0   1   0
2   0   0   2   2   0   1   1   0   0   1
3   0   1   0   0   0   0   0   0   0   0
4   1   1   0   0   1   1   0   2   1   1

# Realization 1663
S_plus:
   1  2  3  4  5
1  1  0  0  0  1
2  0  0  0  1  1
3  0  0  1  1  0
4  0  1  0  0  0

S_minus:
   1  2  3  4  5
1  0  0  1  1  0
2  0  0  1  0  0
3  1  1  0  0  0
4  0  0  0  1  2

# Realization 1664
S_plus:
   1  2  3  4  5  6  7
1  0  1  0  0  0  0  0
2  1  0  0  0  2  0  1
3  0  0  1  0  0  0  1
4  0  0  0  0  0  1  0
5  0  0  0  1  0  0  0
6  0  0  0  0  0  1  0

S_minus:
   1  2  3  4  5  6  7
1  0  0  1  0  0  0  0
2  0  1  1  0  0  0  0
3  1  0  0  0  0  0  0
4  0  0  0  1  0  0  0
5  0  1  0  0  0  2  0
6  0  0  0  0  1  0  1

# Realization 1665
S_plus:
   1  2  3  4
1  1  0  1  0
2  1  0  0  1
3  0  1  0  0

S_minus:
   1  2  3  4
1  0  0  0  2
2  0  1  1  0
3  2  0  1  0

# Realization 1666
S_plus:
   1  2  3  4  5
1  1  1  1  0  0
2  0  0  0  1  0
3  0  0  0  0  1
4  0  0  1  0  0

S_minus:
   1  2  3  4  5
1  0  0  0  0  2
2  0  1  1  0  0
3  1  0  1  1  0
4  0  1  0  0  0

# Realization 1667
S_plus:
   1  2  3
1  0  0  1
2  1  0  0
3  0  1  0
4  0  1  1

S_minus:
   1  2  3
1  1  0  0
2  0  1  0
3  0  0  2
4  1  0  0

# Realization 1668
S_plus:
   1   2   3   4   5   6   7   8   9   10  11
1   0   0   1   1   0   0   0   1   0   1   0
2   0   0   0   0   0   0   0   0   0   1   0
3   0   0   0   0   1   0   0   0   0   0   0
4   0   0   0   0   0   1   0   0   0   0   0
5   1   0   0   0   0   0   0   0   1   0   0
6   1   1   0   1   0   0   0   0   0   0   0
7   0   0   1   0   0   1   0   0   0   0   0
8   0   0   0   0   0   0   0   0   0   0   1
9   0   0   0   0   1   0   1   0   0   0   0

S_minus:
   1   2   3   4   5   6   7   8   9   10  11
1   1   0   0   0   1   0   0   0   0   0   0
2   1   0   1   0   0   0   1   0   0   0   0
3   0   0   1   2   0   0   0   0   1   0   0
4   0   0   0   0   0   0   0   0   0   0   1
5   0   2   0   0   0   0   0   0   0   0   1
6   0   0   0   0   0   1   0   0   0   0   0
7   0   0   0   0   1   0   0   0   0   0   0
8   0   0   0   0   0   1   0   1   0   1   0
9   0   0   0   0   0   0   0   0   0   1   0

# Realization 1669
S_plus:
   1   2   3   4   5   6   7   8   9   10  11
1   0   0   1   1   1   0   0   0   1   0   0
2   1   0   0   0   0   0   1   0   0   1   1
3   0   0   0   0   0   1   0   0   0   0   0
4   0   0   1   0   0   0   0   0   0   1   0
5   1   1   0   0   0   0   0   0   0   0   0
6   0   0   0   0   0   0   0   2   0   0   0

S_minus:
   1   2   3   4   5   6   7   8   9   10  11
1   1   0   0   0   0   0   0   0   0   0   0
2   0   2   0   0   1   0   0   0   0   0   0
3   0   0   1   0   0   0   1   1   0   1   0
4   1   0   0   0   0   1   0   0   0   0   0
5   0   0   0   0   0   0   0   0   1   1   1
6   0   0   1   1   1   0   1   0   1   0   0

# Realization 1670
S_plus:
   1  2  3  4  5  6  7  8  9
1  1  0  0  1  0  0  0  0  0
2  1  0  0  0  0  0  0  0  1
3  0  0  1  0  0  0  0  0  0
4  0  0  0  1  0  0  0  1  0
5  0  1  0  0  0  0  1  0  1
6  0  0  0  0  1  1  1  0  0

S_minus:
   1  2  3  4  5  6  7  8  9
1  0  0  0  0  0  1  0  0  0
2  0  1  0  0  0  0  1  0  0
3  0  0  0  1  0  1  0  1  2
4  0  0  1  0  2  0  1  0  0
5  0  0  0  1  0  0  0  0  0
6  1  0  0  0  0  0  0  1  0

# Realization 1671
S_plus:
   1   2   3   4   5   6   7   8   9   10  11
1   0   0   0   0   1   1   0   0   0   0   1
2   1   0   2   0   0   0   0   0   0   0   0
3   0   1   0   0   1   0   1   0   2   0   0
4   0   0   0   1   0   0   1   0   0   1   0
5   0   0   0   0   0   0   0   1   0   0   1
6   0   0   0   0   0   1   0   0   0   0   0

S_minus:
   1   2   3   4   5   6   7   8   9   10  11
1   0   0   1   0   0   0   0   0   0   0   0
2   0   0   0   0   0   1   0   0   0   0   1
3   0   0   0   0   0   0   0   0   0   1   0
4   0   0   0   0   0   0   0   0   1   0   1
5   1   0   1   1   0   1   0   0   0   1   0
6   1   1   0   0   1   0   1   1   0   0   0

# Realization 1672
S_plus:
   1  2  3  4  5  6
1  0  1  0  0  0  2
2  0  0  2  0  0  0
3  1  0  0  0  0  0
4  0  0  0  1  1  0

S_minus:
   1  2  3  4  5  6
1  1  0  0  1  0  0
2  0  1  0  0  1  0
3  0  0  2  0  0  1
4  1  0  0  0  0  1

# Realization 1673
S_plus:
   1  2  3  4
1  0  0  1  1
2  0  1  0  0
3  1  0  0  0

S_minus:
   1  2  3  4
1  0  1  0  0
2  1  0  1  0
3  0  1  0  2

# Realization 1674
S_plus:
   1  2  3  4  5  6  7  8
1  1  0  0  1  0  0  1  0
2  0  0  1  1  0  0  0  1
3  0  0  0  0  1  1  0  0
4  0  1  0  0  0  0  0  0

S_minus:
   1  2  3  4  5  6  7  8
1  0  1  1  0  0  1  0  0
2  0  0  0  0  0  1  1  0
3  1  1  0  0  0  0  1  1
4  0  0  1  2  2  0  0  1

# Realization 1675
S_plus:
   1  2  3  4  5  6
1  0  0  0  0  0  1
2  0  0  1  0  0  0
3  2  1  1  1  2  0

S_minus:
   1  2  3  4  5  6
1  2  0  2  1  1  0
2  0  1  0  1  1  1
3  0  0  0  0  0  1

# Realization 1676
S_plus:
   1  2  3
1  0  0  1
2  1  0  0
3  0  0  1
4  0  1  0

S_minus:
   1  2  3
1  0  1  0
2  0  0  1
3  0  1  0
4  1  0  1

# Realization 1677
S_plus:
   1  2  3  4
1  0  2  0  1
2  0  0  1  0
3  0  0  0  1
4  1  0  0  0

S_minus:
   1  2  3  4
1  1  0  0  0
2  0  0  0  1
3  1  0  0  0
4  0  1  2  0

# Realization 1678
S_plus:
   1   2   3   4   5   6   7   8   9   10  11
1   0   0   1   0   0   0   0   0   0   0   0
2   0   0   0   1   0   1   0   0   0   1   0
3   0   0   0   0   0   0   0   0   0   0   1
4   0   1   0   0   1   0   0   0   0   0   0
5   0   1   0   0   0   0   0   1   0   0   0
6   1   0   0   0   1   0   1   0   1   0   0
7   0   0   0   0   0   0   0   1   0   0   0
8   0   0   0   0   0   1   0   0   0   0   0

S_minus:
   1   2   3   4   5   6   7   8   9   10  11
1   0   0   0   0   1   1   0   0   0   1   0
2   0   0   1   0   1   0   0   0   0   0   0
3   0   0   0   0   0   1   0   0   1   0   0
4   1   0   0   0   0   0   1   1   0   0   1
5   0   0   1   0   0   0   0   0   1   0   1
6   0   2   0   0   0   0   0   0   0   0   0
7   1   0   0   0   0   0   0   0   0   0   0
8   0   0   0   1   0   0   0   1   0   0   0

# Realization 1679
S_plus:
   1  2  3  4  5
1  1  0  1  0  0
2  0  0  0  1  0
3  0  0  0  1  1
4  0  1  1  0  0

S_minus:
   1  2  3  4  5
1  0  0  0  1  0
2  0  1  2  0  0
3  2  0  0  0  0
4  0  0  0  1  1

# Realization 1680
S_plus:
   1   2   3   4   5   6   7   8   9   10
1   0   0   0   0   0   1   0   0   0   0
2   0   0   0   1   0   0   0   0   1   0
3   0   0   0   1   0   0   0   1   0   0
4   2   0   1   0   0   0   2   0   0   0
5   0   0   1   0   1   0   0   0   0   0
6   0   1   0   0   0   0   0   0   0   1

S_minus:
   1   2   3   4   5   6   7   8   9   10
1   0   0   0   0   0   0   0   0   0   1
2   0   0   1   0   0   1   1   1   0   0
3   0   1   0   0   0   0   1   0   0   0
4   0   0   0   1   1   0   0   0   0   0
5   1   0   0   0   0   1   0   1   0   1
6   0   0   1   1   1   0   0   0   1   0

# Realization 1681
S_plus:
   1   2   3   4   5   6   7   8   9   10  11
1   1   1   0   0   0   0   0   0   0   0   0
2   1   0   1   0   1   1   1   0   1   0   0
3   0   0   1   1   0   0   0   0   0   0   0
4   0   0   0   0   0   0   0   0   1   0   0
5   0   0   0   0   0   0   0   0   0   1   1
6   0   0   0   0   0   1   0   0   0   0   0
7   0   0   0   0   0   0   1   0   0   0   0
8   0   1   0   1   0   0   0   1   0   0   0
9   0   0   0   0   0   0   0   0   0   1   0

S_minus:
   1   2   3   4   5   6   7   8   9   10  11
1   0   0   0   1   0   0   0   0   0   0   0
2   0   1   0   1   0   0   0   0   0   0   0
3   0   0   0   0   0   0   0   0   0   1   0
4   0   0   0   0   0   1   0   0   0   1   0
5   0   0   0   0   0   0   0   1   0   0   0
6   1   0   1   0   0   0   0   0   0   0   0
7   0   1   0   0   0   0   0   1   0   0   0
8   0   0   0   0   0   0   1   0   0   0   1
9   0   0   1   0   2   0   1   0   1   0   0

# Realization 1682
S_plus:
   1  2  3
1  0  1  0
2  1  0  0
3  1  0  1

S_minus:
   1  2  3
1  2  0  1
2  0  0  1
3  0  1  0

# Realization 1683
S_plus:
   1   2   3   4   5   6   7   8   9   10
1   0   1   0   1   0   1   0   0   0   0
2   0   0   0   0   1   0   1   1   1   2
3   2   0   1   0   0   0   1   0   0   0

S_minus:
   1   2   3   4   5   6   7   8   9   10
1   1   0   0   0   0   0   2   0   1   1
2   1   2   2   1   0   0   0   0   0   0
3   0   0   0   1   2   2   0   1   1   1

# Realization 1684
S_plus:
   1  2  3  4  5  6  7  8  9
1  0  0  0  0  1  1  0  0  0
2  0  1  0  0  0  0  0  0  0
3  1  0  0  1  0  0  0  0  0
4  0  0  0  0  0  0  1  0  0
5  0  0  0  0  0  0  1  0  0
6  0  0  1  0  1  0  0  0  0
7  0  0  1  0  0  0  0  1  1
8  1  0  0  0  0  0  0  0  0
9  0  0  0  0  0  1  0  0  0

S_minus:
   1  2  3  4  5  6  7  8  9
1  0  0  0  0  0  0  0  1  0
2  0  0  0  0  0  0  0  0  2
3  0  0  1  0  0  0  0  0  0
4  1  0  0  0  1  0  0  0  0
5  0  0  1  0  0  1  0  0  0
6  0  1  0  1  0  0  0  0  0
7  0  1  0  0  1  0  1  0  0
8  0  0  0  0  0  1  0  1  0
9  0  0  0  1  0  0  1  0  0

# Realization 1685
S_plus:
   1  2  3  4  5  6  7  8
1  0  0  0  0  0  0  1  2
2  1  2  1  0  0  0  0  0
3  0  0  0  0  0  1  0  0
4  0  0  1  1  1  0  0  0

S_minus:
   1  2  3  4  5  6  7  8
1  1  1  1  0  1  1  0  0
2  0  0  0  1  0  1  0  0
3  0  0  1  0  1  0  1  2
4  0  1  0  0  0  0  0  0

# Realization 1686
S_plus:
   1  2  3  4  5
1  0  1  1  0  1
2  0  1  0  0  0
3  0  0  0  0  1
4  0  0  1  1  0
5  1  0  0  0  0

S_minus:
   1  2  3  4  5
1  1  0  0  0  0
2  0  0  1  1  1
3  1  0  1  0  0
4  0  2  0  0  0
5  0  0  0  0  1

# Realization 1687
S_plus:
   1   2   3   4   5   6   7   8   9   10
1   0   0   0   0   1   0   1   0   0   0
2   0   0   1   0   0   0   0   0   0   0
3   1   0   1   0   0   0   0   1   1   1
4   0   1   0   1   0   0   0   0   1   0
5   0   0   0   1   1   1   1   1   0   0

S_minus:
   1   2   3   4   5   6   7   8   9   10
1   0   0   1   1   0   0   0   1   1   1
2   1   1   0   1   0   0   1   1   0   0
3   0   0   0   0   0   1   0   0   0   0
4   0   0   0   0   2   0   1   0   0   1
5   0   1   0   0   0   0   0   0   0   0

# Realization 1688
S_plus:
   1  2  3  4
1  0  0  0  2
2  0  0  1  0
3  2  1  0  0
4  0  1  0  0

S_minus:
   1  2  3  4
1  0  1  1  0
2  1  1  0  0
3  0  0  1  0
4  1  0  0  2

# Realization 1689
S_plus:
   1  2  3  4  5
1  1  0  0  0  0
2  0  0  0  1  0
3  0  1  1  0  2
4  0  1  0  0  0
5  1  0  0  0  0

S_minus:
   1  2  3  4  5
1  0  1  1  0  0
2  1  1  0  0  0
3  0  0  0  1  0
4  1  0  0  0  2
5  0  0  1  1  0

# Realization 1690
S_plus:
   1  2  3  4  5  6
1  0  0  1  0  0  0
2  1  0  0  0  0  0
3  0  2  0  0  0  1
4  0  0  1  2  1  0

S_minus:
   1  2  3  4  5  6
1  0  1  0  1  0  1
2  0  0  1  0  0  0
3  1  0  1  1  2  0
4  1  1  0  0  0  1

# Realization 1691
S_plus:
   1  2  3  4  5  6  7
1  0  0  0  0  1  1  1
2  0  0  0  1  0  0  0
3  1  1  0  0  0  1  0
4  1  0  1  0  0  0  0

S_minus:
   1  2  3  4  5  6  7
1  1  0  0  0  0  0  0
2  1  1  0  0  0  1  0
3  0  0  1  2  0  0  2
4  0  0  0  0  1  0  0

# Realization 1692
S_plus:
   1   2   3   4   5   6   7   8   9   10
1   0   0   0   0   0   0   0   1   0   0
2   0   0   1   0   0   0   0   0   0   0
3   0   0   0   0   0   0   1   0   0   0
4   2   0   0   1   1   0   0   0   1   0
5   0   1   0   1   0   2   0   1   0   1
6   0   0   1   0   0   0   0   0   0   0

S_minus:
   1   2   3   4   5   6   7   8   9   10
1   0   0   0   0   0   0   1   0   0   0
2   1   0   0   1   1   0   0   1   0   2
3   1   0   0   1   0   0   0   1   0   0
4   0   0   1   0   0   1   0   0   0   0
5   0   0   1   0   0   0   0   0   1   0
6   0   1   0   0   1   1   1   0   0   0

# Realization 1693
S_plus:
   1  2  3  4  5  6  7
1  0  0  0  1  0  1  1
2  0  1  0  0  1  0  0
3  0  0  1  0  0  0  0
4  0  1  1  1  0  0  0
5  1  0  0  0  0  0  0

S_minus:
   1  2  3  4  5  6  7
1  0  2  1  0  0  0  0
2  0  0  0  0  0  2  0
3  0  0  0  2  2  0  0
4  2  0  0  0  0  0  0
5  0  0  1  0  0  0  1

# Realization 1694
S_plus:
   1   2   3   4   5   6   7   8   9   10  11  12
1   0   0   0   0   1   0   0   0   0   0   0   0
2   0   0   1   0   0   0   1   0   0   1   1   0
3   0   0   1   1   0   1   0   0   0   1   0   1
4   1   0   0   1   0   0   0   1   0   0   0   1
5   0   1   0   0   0   1   1   0   1   0   0   0

S_minus:
   1   2   3   4   5   6   7   8   9   10  11  12
1   1   0   1   0   0   1   1   2   0   2   0   1
2   0   1   0   1   0   0   0   0   0   0   0   0
3   0   0   0   0   0   0   0   0   1   0   1   0
4   0   1   0   0   0   1   1   0   0   0   0   0
5   0   0   1   1   2   0   0   0   0   0   0   0

# Realization 1695
S_plus:
   1  2  3  4
1  1  0  0  0
2  0  1  0  1
3  0  0  2  1

S_minus:
   1  2  3  4
1  0  1  1  2
2  1  0  1  0
3  0  1  0  0

# Realization 1696
S_plus:
   1  2  3  4
1  0  0  1  0
2  0  1  1  0
3  1  0  0  1

S_minus:
   1  2  3  4
1  0  1  0  1
2  1  0  0  1
3  0  1  2  0

# Realization 1697
S_plus:
   1  2  3  4
1  0  1  0  2
2  0  0  1  0
3  1  0  0  0

S_minus:
   1  2  3  4
1  0  0  1  0
2  1  1  0  0
3  0  0  1  1

# Realization 1698
S_plus:
   1   2   3   4   5   6   7   8   9   10
1   0   0   0   0   0   0   0   0   0   1
2   1   0   0   0   0   0   0   1   0   0
3   0   0   0   0   1   0   1   0   0   0
4   1   0   1   1   0   0   0   0   0   0
5   0   0   0   0   0   1   0   0   0   0
6   0   0   0   0   1   1   0   0   0   1
7   0   1   0   0   0   0   0   0   0   0
8   0   0   0   0   0   0   1   1   1   0

S_minus:
   1   2   3   4   5   6   7   8   9   10
1   0   0   1   0   0   0   1   1   1   0
2   0   0   0   0   0   0   1   0   0   1
3   0   1   0   0   0   1   0   0   0   0
4   0   0   0   0   0   0   0   0   1   0
5   0   0   0   0   1   0   0   0   0   0
6   0   1   0   0   0   0   0   1   0   0
7   1   0   0   1   0   0   0   0   0   1
8   0   0   1   0   1   0   0   0   0   0

# Realization 1699
S_plus:
   1  2  3  4  5  6  7  8
1  0  1  0  0  0  1  1  1
2  0  1  1  0  0  0  0  0
3  0  0  0  0  1  0  0  0
4  0  0  0  2  1  0  0  1
5  1  0  0  0  0  0  0  0

S_minus:
   1  2  3  4  5  6  7  8
1  0  0  0  1  0  0  0  0
2  1  0  0  0  1  0  0  0
3  0  0  0  1  0  0  0  0
4  1  1  1  0  0  1  2  0
5  0  1  1  0  0  1  0  2

# Realization 1700
S_plus:
   1  2  3  4  5  6
1  1  0  1  0  0  1
2  0  0  0  1  0  0
3  0  0  0  0  1  1
4  0  0  1  0  0  0
5  0  1  0  1  0  0

S_minus:
   1  2  3  4  5  6
1  0  0  0  0  1  0
2  0  0  0  0  0  1
3  0  1  1  1  0  0
4  0  1  0  1  0  1
5  1  0  1  0  1  0

# Realization 1701
S_plus:
   1  2  3  4  5
1  1  1  0  0  1
2  0  0  0  1  0
3  1  0  2  0  0

S_minus:
   1  2  3  4  5
1  0  0  1  0  0
2  1  0  1  0  1
3  0  1  0  2  1

# Realization 1702
S_plus:
   1  2  3  4  5  6  7  8  9
1  0  1  0  0  0  0  0  0  0
2  0  0  1  1  2  0  0  0  1
3  1  0  0  0  0  0  0  2  0
4  0  0  0  1  0  0  1  0  0
5  0  0  0  0  0  1  0  0  0
6  0  0  0  0  0  0  0  0  1

S_minus:
   1  2  3  4  5  6  7  8  9
1  1  0  0  0  0  0  0  0  0
2  0  1  0  0  0  0  0  0  0
3  0  0  0  1  0  0  0  0  0
4  0  0  0  0  0  1  0  0  0
5  0  0  1  0  1  0  1  0  1
6  0  0  1  1  0  1  1  1  0

# Realization 1703
S_plus:
   1   2   3   4   5   6   7   8   9   10  11
1   0   0   0   0   0   0   1   0   0   2   0
2   0   0   0   0   1   2   0   0   1   0   1
3   0   0   0   0   0   0   0   1   0   0   0
4   1   1   0   0   0   0   0   0   0   0   0
5   0   0   2   1   0   0   0   0   1   0   0

S_minus:
   1   2   3   4   5   6   7   8   9   10  11
1   0   0   0   0   0   0   0   0   2   0   0
2   0   0   0   1   0   0   1   0   0   0   0
3   0   1   1   0   0   0   0   0   0   1   0
4   0   0   1   1   0   1   1   1   0   0   1
5   2   0   0   0   1   0   0   1   0   0   0

# Realization 1704
S_plus:
   1   2   3   4   5   6   7   8   9   10  11
1   0   0   2   0   0   0   0   0   0   0   0
2   1   0   0   0   1   0   0   0   0   0   0
3   0   1   0   1   0   1   1   1   0   0   0
4   1   0   0   0   0   0   0   1   0   0   1
5   0   0   0   0   0   0   0   0   0   1   0
6   0   0   0   0   0   0   0   0   1   0   0
7   0   0   0   0   1   1   0   0   0   0   0

S_minus:
   1   2   3   4   5   6   7   8   9   10  11
1   0   1   0   0   0   0   0   1   0   0   0
2   0   0   1   0   0   1   0   0   0   0   0
3   0   0   0   0   0   0   0   0   1   0   1
4   0   0   0   1   0   0   0   0   0   2   0
5   0   0   0   0   0   0   0   1   0   0   1
6   1   1   0   0   1   1   0   0   0   0   0
7   0   0   0   0   0   0   1   0   1   0   0

# Realization 1705
S_plus:
   1  2  3  4  5
1  0  0  0  0  1
2  0  1  0  0  0
3  0  0  1  1  0
4  0  1  0  0  0
5  2  0  1  0  0

S_minus:
   1  2  3  4  5
1  1  1  0  0  0
2  0  0  1  0  0
3  0  0  0  0  2
4  0  0  0  1  0
5  0  1  0  1  0

# Realization 1706
S_plus:
   1  2  3  4  5  6
1  0  0  0  0  1  1
2  0  0  1  1  0  0
3  0  1  0  0  0  0
4  2  0  0  0  0  0

S_minus:
   1  2  3  4  5  6
1  1  0  0  0  0  0
2  0  1  0  0  0  1
3  0  0  2  0  1  0
4  0  1  0  2  0  1

# Realization 1707
S_plus:
   1  2  3  4  5  6  7
1  0  2  0  0  1  0  0
2  2  0  0  0  0  1  1
3  0  0  0  1  0  0  0
4  0  0  1  0  0  0  0

S_minus:
   1  2  3  4  5  6  7
1  0  0  1  0  0  1  0
2  0  1  1  0  1  0  0
3  1  0  0  0  0  0  1
4  1  0  0  1  0  1  1

# Realization 1708
S_plus:
   1  2  3  4
1  0  0  1  0
2  0  0  0  1
3  1  0  0  0
4  0  1  0  0
5  1  0  0  0

S_minus:
   1  2  3  4
1  1  0  0  0
2  0  1  1  0
3  0  0  1  0
4  0  0  0  1
5  0  0  0  1

# Realization 1709
S_plus:
   1  2  3  4  5  6
1  0  1  2  1  2  0
2  0  1  0  0  0  0
3  0  0  0  0  0  1
4  1  0  0  0  0  0
5  0  0  0  1  0  0

S_minus:
   1  2  3  4  5  6
1  0  0  0  0  0  1
2  0  0  1  0  0  0
3  1  2  1  1  0  0
4  0  0  0  1  1  0
5  0  0  0  0  0  1

# Realization 1710
S_plus:
   1  2  3  4  5  6  7
1  1  0  0  0  0  0  0
2  0  1  1  0  1  2  0
3  0  0  0  1  0  0  2

S_minus:
   1  2  3  4  5  6  7
1  0  0  1  1  1  0  1
2  0  0  0  0  0  0  1
3  2  2  1  0  0  1  0

# Realization 1711
S_plus:
   1  2  3  4  5  6
1  0  0  0  2  1  0
2  1  1  1  0  0  2
3  0  0  1  0  0  0

S_minus:
   1  2  3  4  5  6
1  1  2  2  0  0  1
2  0  0  0  0  1  0
3  0  0  0  2  1  1

# Realization 1712
S_plus:
   1   2   3   4   5   6   7   8   9   10
1   0   0   0   0   0   0   1   0   0   1
2   0   1   0   0   0   0   0   1   0   0
3   1   0   1   1   0   2   1   1   0   0
4   1   0   0   1   1   0   0   0   1   0

S_minus:
   1   2   3   4   5   6   7   8   9   10
1   1   0   0   1   1   0   0   1   0   0
2   0   0   1   1   0   1   2   0   1   0
3   0   1   0   0   1   0   0   0   0   0
4   0   1   1   0   0   1   0   0   0   2

# Realization 1713
S_plus:
   1   2   3   4   5   6   7   8   9   10
1   1   0   0   0   0   0   0   1   0   0
2   0   0   1   0   0   1   0   0   0   1
3   0   0   0   0   0   0   1   0   1   0
4   0   1   0   1   1   0   0   0   0   0

S_minus:
   1   2   3   4   5   6   7   8   9   10
1   0   0   0   1   0   1   0   0   0   0
2   1   0   0   0   1   0   2   2   1   0
3   0   2   2   0   1   1   0   0   0   0
4   1   0   0   0   0   0   0   0   0   1

# Realization 1714
S_plus:
   1  2  3  4  5  6
1  1  0  0  0  0  0
2  0  0  1  0  1  0
3  0  0  0  1  0  0
4  0  0  1  0  0  0
5  0  0  0  0  1  0
6  1  0  0  0  0  0
7  0  1  0  0  0  1

S_minus:
   1  2  3  4  5  6
1  0  1  0  0  0  0
2  0  0  0  0  0  1
3  0  0  0  0  1  1
4  1  0  0  0  0  0
5  1  0  0  1  0  0
6  0  1  0  1  0  0
7  0  0  1  0  0  0

# Realization 1715
S_plus:
   1  2  3  4  5
1  0  2  0  1  0
2  0  0  0  0  1
3  0  0  1  0  0
4  1  0  0  0  0

S_minus:
   1  2  3  4  5
1  1  0  1  0  1
2  0  1  1  1  0
3  1  1  0  0  0
4  0  0  0  1  0

# Realization 1716
S_plus:
   1  2  3  4  5  6  7  8  9
1  0  0  0  0  0  1  1  0  0
2  1  1  0  0  0  0  0  0  1
3  0  0  0  0  0  1  0  1  1
4  0  0  0  0  1  0  0  0  0
5  0  1  0  0  0  0  0  0  0
6  0  0  1  1  0  0  1  0  0

S_minus:
   1  2  3  4  5  6  7  8  9
1  0  2  0  1  0  0  0  0  2
2  0  0  0  0  0  1  0  1  0
3  0  0  1  1  1  0  0  0  0
4  0  0  0  0  0  1  1  0  0
5  0  0  1  0  0  0  1  0  0
6  1  0  0  0  1  0  0  0  0

# Realization 1717
S_plus:
   1  2  3  4  5  6  7  8  9
1  1  0  0  1  0  1  0  0  1
2  0  0  0  0  0  0  0  1  0
3  1  0  1  0  0  0  0  0  0
4  0  0  1  0  0  0  0  0  0
5  0  0  0  0  0  1  1  0  0
6  0  1  0  0  1  0  0  0  0
7  0  0  0  1  0  0  0  0  1

S_minus:
   1  2  3  4  5  6  7  8  9
1  0  0  0  0  0  0  1  0  0
2  1  0  0  1  2  0  0  0  0
3  0  1  0  0  0  1  0  0  0
4  1  0  0  0  0  0  1  0  0
5  0  1  0  1  0  0  0  0  1
6  0  0  0  0  0  0  0  0  1
7  0  0  1  0  0  0  0  1  0

# Realization 1718
S_plus:
   1  2  3  4  5  6
1  0  0  1  0  1  0
2  0  0  0  0  0  1
3  2  0  0  1  1  0
4  0  2  0  0  0  0

S_minus:
   1  2  3  4  5  6
1  0  0  0  0  0  2
2  0  1  0  1  0  0
3  0  1  0  0  0  0
4  1  0  1  0  2  0

# Realization 1719
S_plus:
   1  2  3  4  5  6  7  8  9
1  0  0  0  1  0  1  0  0  0
2  0  0  0  0  0  0  0  1  0
3  0  0  0  0  0  0  0  1  1
4  1  0  0  0  2  0  1  0  0
5  1  0  1  0  0  0  1  0  0
6  0  1  0  0  0  1  0  0  0

S_minus:
   1  2  3  4  5  6  7  8  9
1  1  0  1  0  0  0  1  0  0
2  0  1  0  1  1  1  0  0  0
3  0  1  0  0  0  0  1  0  0
4  0  0  0  0  0  0  0  0  1
5  0  0  0  0  0  1  0  1  0
6  0  0  0  1  1  0  0  0  1

# Realization 1720
S_plus:
   1  2  3  4  5  6  7  8  9
1  0  1  1  0  0  0  0  0  0
2  1  1  0  0  0  1  0  0  0
3  0  0  0  0  0  1  0  0  0
4  0  0  0  0  0  0  0  1  0
5  0  0  0  1  0  0  0  0  2
6  1  0  0  0  2  0  1  0  0

S_minus:
   1  2  3  4  5  6  7  8  9
1  0  0  0  0  0  0  1  2  0
2  0  0  0  1  1  0  0  0  0
3  1  0  0  0  0  0  0  0  2
4  0  1  2  0  1  0  0  0  0
5  1  0  0  0  0  1  0  0  0
6  0  1  0  1  0  1  0  0  0

# Realization 1721
S_plus:
   1   2   3   4   5   6   7   8   9   10  11
1   0   1   1   0   0   0   0   0   0   0   0
2   0   0   0   1   0   1   0   0   0   1   0
3   0   0   0   0   0   1   0   0   2   0   1
4   0   0   0   0   0   0   1   0   0   0   0
5   0   0   0   0   0   0   1   0   0   0   0
6   1   0   0   0   0   0   0   0   0   0   0
7   0   0   1   1   1   0   0   1   0   0   0

S_minus:
   1   2   3   4   5   6   7   8   9   10  11
1   0   0   0   1   0   0   0   0   0   1   1
2   0   0   0   0   1   0   1   0   1   0   0
3   0   1   0   0   0   0   0   1   0   0   0
4   0   0   0   0   0   1   0   1   0   0   0
5   1   0   1   0   0   0   0   0   0   0   1
6   0   0   0   1   1   1   1   0   0   0   0
7   1   0   0   0   0   0   0   0   1   0   0

# Realization 1722
S_plus:
   1  2  3  4  5  6  7  8  9
1  0  1  0  0  1  0  2  0  0
2  0  0  1  0  0  0  0  0  0
3  1  1  0  1  0  0  0  1  0
4  0  0  0  1  0  1  0  0  1

S_minus:
   1  2  3  4  5  6  7  8  9
1  1  0  0  1  0  0  0  2  1
2  0  0  0  1  1  1  1  0  0
3  0  0  0  0  0  1  0  0  1
4  0  2  1  0  0  0  1  0  0

# Realization 1723
S_plus:
   1  2  3  4  5
1  0  0  0  0  1
2  1  0  0  0  0
3  0  0  0  1  0
4  0  1  0  0  0
5  1  0  1  1  0

S_minus:
   1  2  3  4  5
1  0  1  0  1  0
2  0  0  0  1  2
3  0  0  1  0  0
4  1  0  0  0  0
5  0  1  0  0  0

# Realization 1724
S_plus:
   1  2  3  4  5  6
1  1  2  0  0  2  0
2  0  0  0  0  0  1
3  0  0  2  1  0  0

S_minus:
   1  2  3  4  5  6
1  0  0  0  2  0  1
2  1  2  2  0  1  0
3  1  0  0  0  0  1

# Realization 1725
S_plus:
   1  2  3  4  5  6
1  2  0  0  0  0  0
2  0  1  0  0  0  0
3  0  0  0  1  2  0
4  0  0  1  1  0  2

S_minus:
   1  2  3  4  5  6
1  0  0  1  1  0  0
2  1  0  1  1  2  0
3  1  1  0  0  0  2
4  0  1  0  0  0  0

# Realization 1726
S_plus:
   1  2  3  4  5  6
1  0  0  1  0  1  0
2  0  1  0  0  0  0
3  1  0  0  0  0  0
4  0  0  0  1  0  0
5  0  0  1  0  1  2

S_minus:
   1  2  3  4  5  6
1  0  0  0  1  0  0
2  1  0  1  0  1  1
3  0  1  0  0  1  1
4  1  0  1  0  0  0
5  0  1  0  0  0  0

# Realization 1727
S_plus:
   1  2  3  4  5
1  0  1  0  0  0
2  1  0  0  0  0
3  0  0  2  1  1

S_minus:
   1  2  3  4  5
1  1  0  0  1  1
2  0  0  2  1  0
3  0  2  0  0  0

# Realization 1728
S_plus:
   1  2  3  4
1  0  0  1  1
2  1  0  0  0
3  0  1  1  0

S_minus:
   1  2  3  4
1  0  2  0  0
2  0  0  2  1
3  1  0  0  1

# Realization 1729
S_plus:
   1  2  3  4  5
1  0  0  1  0  0
2  1  0  0  0  0
3  0  0  0  0  1
4  0  1  0  0  1
5  0  1  0  2  0

S_minus:
   1  2  3  4  5
1  1  1  0  1  1
2  0  0  1  0  0
3  0  1  0  0  0
4  0  0  0  1  0
5  0  0  1  0  0

# Realization 1730
S_plus:
   1   2   3   4   5   6   7   8   9   10
1   0   0   1   1   1   1   1   2   0   0
2   0   1   0   0   0   0   0   0   0   0
3   0   0   0   0   0   0   0   0   0   1
4   0   0   0   1   0   1   0   0   0   0
5   2   0   1   0   0   0   0   0   2   0

S_minus:
   1   2   3   4   5   6   7   8   9   10
1   0   1   0   0   0   0   0   0   1   0
2   0   0   0   1   0   0   0   0   0   1
3   0   1   1   0   2   1   0   0   0   0
4   1   0   1   0   0   0   1   1   0   0
5   0   0   0   0   0   1   0   0   0   1

# Realization 1731
S_plus:
   1   2   3   4   5   6   7   8   9   10
1   0   0   0   1   1   0   1   0   0   0
2   0   0   0   0   0   0   0   0   1   1
3   0   0   0   0   0   0   0   1   0   0
4   0   0   0   0   0   1   0   0   0   0
5   1   0   0   1   0   0   0   0   1   0
6   0   1   2   0   1   0   0   0   0   0

S_minus:
   1   2   3   4   5   6   7   8   9   10
1   0   0   1   0   0   1   0   0   0   0
2   0   1   1   1   0   1   1   0   0   0
3   0   0   0   0   1   0   0   0   0   0
4   2   1   0   1   1   0   1   1   1   0
5   0   0   0   0   0   0   0   0   0   1
6   0   0   0   0   0   0   0   0   1   0

# Realization 1732
S_plus:
   1  2  3  4  5  6
1  0  0  0  0  2  0
2  1  0  0  0  0  1
3  0  1  1  2  0  0

S_minus:
   1  2  3  4  5  6
1  1  0  1  1  0  2
2  0  1  1  1  0  0
3  1  0  0  0  2  0

# Realization 1733
S_plus:
   1  2  3  4  5  6  7
1  2  1  1  0  1  1  0
2  0  0  0  0  0  0  1
3  0  0  0  1  0  0  0

S_minus:
   1  2  3  4  5  6  7
1  0  0  0  1  0  0  2
2  2  0  2  1  0  1  0
3  0  1  0  0  2  1  0

# Realization 1734
S_plus:
   1  2  3  4
1  0  0  1  0
2  0  0  0  1
3  2  0  0  0
4  0  1  0  0

S_minus:
   1  2  3  4
1  1  1  0  0
2  0  1  1  0
3  0  0  0  1
4  1  0  0  0

# Realization 1735
S_plus:
   1  2  3  4
1  0  1  1  0
2  0  0  0  1
3  2  0  0  0

S_minus:
   1  2  3  4
1  2  0  0  0
2  0  1  0  0
3  0  1  2  1

# Realization 1736
S_plus:
   1  2  3  4  5  6  7
1  1  0  0  0  0  2  0
2  0  0  1  0  0  0  1
3  0  0  0  1  0  0  0
4  0  1  0  0  0  0  0
5  0  1  0  0  1  0  0
6  0  0  0  0  1  0  0

S_minus:
   1  2  3  4  5  6  7
1  0  1  0  0  0  0  0
2  0  0  0  1  0  0  0
3  0  0  0  0  1  0  1
4  1  0  1  0  0  0  0
5  0  0  1  0  0  0  0
6  1  1  0  0  0  1  1

# Realization 1737
S_plus:
   1  2  3  4  5  6  7  8  9
1  0  0  0  0  0  1  0  0  0
2  0  0  0  0  0  0  0  0  1
3  1  0  0  1  1  0  0  0  0
4  0  0  1  0  0  0  0  1  0
5  1  0  0  0  0  0  0  0  0
6  0  1  0  0  0  0  1  0  0
7  0  1  0  0  0  0  0  0  0
8  0  0  0  0  0  0  1  0  0

S_minus:
   1  2  3  4  5  6  7  8  9
1  0  0  0  0  0  0  0  1  0
2  0  1  0  0  0  0  0  0  0
3  0  0  0  0  0  1  0  0  0
4  0  1  0  0  0  0  0  0  0
5  0  0  1  0  0  0  0  0  0
6  0  0  0  0  0  1  0  0  0
7  1  0  0  1  0  0  1  0  1
8  0  0  0  0  1  0  0  0  0

# Realization 1738
S_plus:
   1   2   3   4   5   6   7   8   9   10
1   0   0   0   0   1   0   0   0   1   0
2   0   0   0   1   0   0   0   0   0   0
3   0   1   1   0   0   0   1   0   0   0
4   0   0   0   1   0   0   0   0   1   0
5   0   0   0   0   0   1   0   0   0   0
6   1   0   0   0   0   0   0   1   0   1

S_minus:
   1   2   3   4   5   6   7   8   9   10
1   0   0   0   1   0   0   0   2   0   0
2   1   0   0   0   0   0   1   0   1   1
3   0   0   0   0   1   0   0   0   1   0
4   0   1   0   0   0   0   0   0   0   1
5   1   0   1   0   1   0   1   0   0   0
6   0   1   0   1   0   1   0   0   0   0

# Realization 1739
S_plus:
   1  2  3  4  5  6  7  8
1  1  0  0  0  1  0  0  0
2  0  0  0  0  0  0  2  0
3  0  0  2  1  0  1  0  1
4  0  1  0  0  0  0  0  1

S_minus:
   1  2  3  4  5  6  7  8
1  0  1  1  0  0  0  0  2
2  0  1  0  1  0  0  0  0
3  1  0  0  0  0  0  1  0
4  1  0  1  1  1  1  0  0

# Realization 1740
S_plus:
   1  2  3  4  5
1  0  0  0  0  1
2  1  1  0  1  0
3  0  0  2  0  0

S_minus:
   1  2  3  4  5
1  0  2  1  0  0
2  0  0  1  0  2
3  1  0  0  2  0

# Realization 1741
S_plus:
   1  2  3  4  5  6  7  8
1  0  0  1  0  0  0  1  1
2  0  1  0  0  1  0  1  0
3  2  0  0  0  1  0  0  0
4  0  0  0  1  0  1  0  0
5  0  0  0  1  0  0  0  0

S_minus:
   1  2  3  4  5  6  7  8
1  1  1  0  1  1  0  0  0
2  1  0  1  0  0  0  0  0
3  0  0  0  1  0  0  0  0
4  0  0  0  0  0  0  2  0
5  0  1  1  0  0  1  0  2

# Realization 1742
S_plus:
   1   2   3   4   5   6   7   8   9   10  11  12
1   0   0   0   1   0   1   0   0   0   0   1   0
2   0   1   0   0   0   0   0   1   0   0   0   0
3   0   0   1   0   1   0   0   0   0   0   0   0
4   1   1   0   0   0   0   1   1   1   2   0   1

S_minus:
   1   2   3   4   5   6   7   8   9   10  11  12
1   0   0   2   0   1   0   1   1   1   0   0   1
2   0   0   0   1   0   0   0   0   0   1   1   1
3   2   2   0   0   0   1   0   1   1   0   0   0
4   0   0   0   1   1   1   0   0   0   0   0   0

# Realization 1743
S_plus:
   1   2   3   4   5   6   7   8   9   10  11  12
1   0   0   0   0   0   1   1   0   0   0   0   1
2   0   0   0   0   1   0   0   0   0   1   0   0
3   0   0   0   0   0   0   0   0   0   0   1   0
4   2   2   2   2   1   0   0   1   1   1   1   0

S_minus:
   1   2   3   4   5   6   7   8   9   10  11  12
1   2   0   0   1   1   0   0   0   1   2   2   0
2   0   1   1   0   0   0   2   1   0   0   0   1
3   0   1   0   0   1   1   0   0   1   0   0   0
4   0   0   0   0   0   1   0   0   0   0   0   0

# Realization 1744
S_plus:
   1   2   3   4   5   6   7   8   9   10
1   0   0   1   0   0   1   1   0   0   0
2   0   0   0   1   0   0   0   0   0   0
3   1   0   1   0   0   0   0   0   0   1
4   0   0   0   0   0   0   0   1   1   1
5   0   1   0   0   0   1   0   0   0   0
6   0   0   0   0   1   0   0   1   0   0

S_minus:
   1   2   3   4   5   6   7   8   9   10
1   0   0   0   1   0   0   0   0   0   0
2   0   1   0   0   0   1   0   0   1   0
3   0   0   0   0   0   0   0   2   0   0
4   1   0   0   0   0   0   0   0   0   0
5   1   0   1   0   1   0   0   0   0   0
6   0   0   1   1   0   1   1   0   0   1

# Realization 1745
S_plus:
   1  2  3  4  5  6  7  8
1  0  1  0  0  1  0  1  1
2  0  0  0  1  0  0  0  0
3  1  0  0  0  0  0  0  0
4  1  0  0  0  0  0  0  0
5  0  1  1  0  0  0  0  0
6  0  0  0  0  0  0  1  0
7  0  0  0  0  0  2  0  0

S_minus:
   1  2  3  4  5  6  7  8
1  0  0  1  0  0  0  0  0
2  0  0  0  0  0  0  0  1
3  0  0  0  0  0  1  0  0
4  0  1  0  0  0  0  1  0
5  2  0  0  0  1  1  0  1
6  0  1  0  1  0  0  0  0
7  0  0  0  1  1  0  0  0

# Realization 1746
S_plus:
   1  2  3  4  5  6  7
1  0  0  0  0  1  0  1
2  1  0  1  0  1  0  0
3  0  1  1  0  0  0  0
4  1  0  0  0  0  0  0
5  0  1  0  1  0  1  0

S_minus:
   1  2  3  4  5  6  7
1  2  0  2  0  0  0  0
2  0  1  0  1  0  0  0
3  0  0  0  1  0  1  2
4  0  1  0  0  1  0  0
5  0  0  0  0  1  0  0

# Realization 1747
S_plus:
   1  2  3  4
1  0  0  0  2
2  1  0  1  0
3  0  1  1  0

S_minus:
   1  2  3  4
1  1  0  2  0
2  0  2  0  2
3  1  0  0  0

# Realization 1748
S_plus:
   1   2   3   4   5   6   7   8   9   10
1   0   0   0   1   0   0   0   0   0   0
2   0   0   0   0   0   0   1   1   0   0
3   0   0   0   0   0   1   0   1   0   1
4   1   0   0   0   1   0   1   0   0   1
5   0   1   0   0   0   0   0   0   0   0
6   0   0   2   0   0   1   0   0   0   0
7   0   1   0   0   1   0   0   0   1   0

S_minus:
   1   2   3   4   5   6   7   8   9   10
1   0   1   0   0   0   1   0   1   0   1
2   0   0   0   1   0   0   0   0   0   0
3   1   0   1   0   0   0   1   0   0   0
4   0   1   0   1   0   0   0   1   1   0
5   0   0   1   0   1   0   0   0   0   1
6   1   0   0   0   0   0   0   0   0   0
7   0   0   0   0   0   1   0   0   0   0

# Realization 1749
S_plus:
   1  2  3  4  5  6  7
1  1  0  0  0  0  2  0
2  0  0  0  1  0  0  0
3  1  2  0  0  0  0  2
4  0  0  1  0  1  0  0
5  0  0  0  0  1  0  0

S_minus:
   1  2  3  4  5  6  7
1  0  0  1  1  0  0  0
2  0  2  0  0  1  0  1
3  0  0  0  0  1  2  0
4  0  0  0  0  0  0  1
5  2  0  0  1  0  0  0

# Realization 1750
S_plus:
   1  2  3  4  5  6  7  8
1  0  0  0  0  0  0  2  0
2  1  0  0  0  0  1  0  0
3  1  1  0  1  1  0  0  2
4  0  0  1  0  1  0  0  0

S_minus:
   1  2  3  4  5  6  7  8
1  1  0  0  0  0  1  0  0
2  0  1  1  0  1  0  2  1
3  0  0  0  0  0  1  0  0
4  1  0  0  1  0  0  0  0

# Realization 1751
S_plus:
   1  2  3  4  5  6
1  0  1  0  0  0  0
2  1  0  0  0  0  0
3  0  0  0  1  1  0
4  0  0  1  0  0  2

S_minus:
   1  2  3  4  5  6
1  0  0  1  0  0  0
2  0  0  0  1  2  1
3  2  0  1  0  0  1
4  0  1  0  0  0  0

# Realization 1752
S_plus:
   1  2  3  4  5  6  7
1  0  1  0  0  0  1  1
2  1  0  0  0  0  0  0
3  0  0  1  0  0  0  1
4  0  0  0  2  2  0  0

S_minus:
   1  2  3  4  5  6  7
1  2  0  2  1  0  0  0
2  0  1  0  0  0  0  1
3  0  0  0  0  1  1  0
4  0  0  0  0  0  0  1

# Realization 1753
S_plus:
   1   2   3   4   5   6   7   8   9   10  11
1   0   1   1   0   1   0   0   0   1   0   0
2   0   0   0   0   0   0   1   1   0   0   0
3   0   0   1   0   0   0   0   0   0   0   0
4   0   0   0   0   1   0   0   0   1   0   1
5   1   0   0   1   0   0   0   0   0   1   0
6   0   0   0   0   0   1   0   0   0   0   0

S_minus:
   1   2   3   4   5   6   7   8   9   10  11
1   0   0   0   0   0   0   0   0   0   1   1
2   1   1   0   0   0   0   0   0   0   0   0
3   1   0   0   0   0   0   1   1   1   1   0
4   0   0   1   0   0   2   1   0   0   0   0
5   0   0   1   0   2   0   0   0   0   0   0
6   0   0   0   1   0   0   0   1   1   0   0

# Realization 1754
S_plus:
   1  2  3  4  5  6
1  0  0  0  1  0  0
2  2  0  1  0  1  0
3  0  1  0  0  0  1

S_minus:
   1  2  3  4  5  6
1  1  1  0  0  1  1
2  0  0  0  0  0  1
3  0  0  2  2  1  0

# Realization 1755
S_plus:
   1  2  3  4  5  6
1  0  0  1  0  0  0
2  0  1  0  0  0  1
3  2  0  0  1  1  0

S_minus:
   1  2  3  4  5  6
1  1  1  0  1  0  0
2  1  0  0  1  2  0
3  0  1  1  0  0  2

# Realization 1756
S_plus:
   1   2   3   4   5   6   7   8   9   10  11  12
1   0   1   0   0   0   0   0   0   0   0   0   0
2   0   0   0   0   0   1   1   1   0   1   0   1
3   0   0   1   1   0   0   0   0   0   1   1   0
4   0   0   0   0   0   1   0   0   1   0   0   0
5   1   0   0   0   1   0   0   1   0   0   0   0

S_minus:
   1   2   3   4   5   6   7   8   9   10  11  12
1   1   0   0   0   0   0   0   2   0   1   1   1
2   0   0   1   0   2   0   0   0   0   0   0   0
3   0   0   0   0   0   1   0   0   0   0   0   1
4   1   0   0   2   0   0   1   0   0   1   0   0
5   0   1   1   0   0   1   1   0   1   0   1   0

# Realization 1757
S_plus:
   1  2  3  4  5  6  7  8  9
1  1  0  0  0  0  0  1  0  0
2  0  0  0  0  1  0  0  1  0
3  0  2  1  0  0  2  0  0  1
4  0  0  0  2  1  0  1  1  1

S_minus:
   1  2  3  4  5  6  7  8  9
1  0  0  0  1  2  0  0  1  1
2  1  2  2  0  0  1  2  0  1
3  1  0  0  1  0  0  0  1  0
4  0  0  0  0  0  1  0  0  0

# Realization 1758
S_plus:
   1  2  3  4  5  6  7  8
1  0  0  1  0  0  1  0  0
2  0  0  0  0  0  0  0  1
3  0  2  1  0  1  0  0  1
4  0  0  0  1  0  0  2  0
5  0  0  0  0  1  0  0  0
6  1  0  0  0  0  0  0  0

S_minus:
   1  2  3  4  5  6  7  8
1  0  0  0  0  1  0  0  2
2  0  1  0  0  0  1  0  0
3  0  0  0  1  0  0  0  0
4  1  0  0  0  1  0  0  0
5  1  1  2  1  0  0  1  0
6  0  0  0  0  0  1  1  0

# Realization 1759
S_plus:
   1   2   3   4   5   6   7   8   9   10  11
1   0   0   1   0   0   0   1   0   1   0   0
2   0   0   0   0   0   1   0   0   0   0   0
3   0   0   0   0   0   0   0   0   0   0   1
4   1   0   0   1   0   0   0   0   0   0   0
5   0   0   0   1   1   0   0   0   0   0   0
6   1   0   0   0   0   0   1   1   0   0   0
7   0   0   0   0   0   0   0   0   0   1   0
8   0   0   0   0   0   0   0   0   0   1   1
9   0   1   0   0   0   0   0   0   0   0   0

S_minus:
   1   2   3   4   5   6   7   8   9   10  11
1   0   0   0   0   0   0   0   0   0   1   0
2   2   1   0   0   0   0   1   1   0   0   0
3   0   0   0   0   1   1   0   0   0   0   0
4   0   0   0   0   1   0   0   0   0   0   0
5   0   0   1   0   0   1   1   0   0   0   1
6   0   1   0   0   0   0   0   0   0   1   0
7   0   0   0   1   0   0   0   1   0   0   0
8   0   0   1   0   0   0   0   0   1   0   0
9   0   0   0   1   0   0   0   0   1   0   0

# Realization 1760
S_plus:
   1  2  3  4  5  6  7  8  9
1  0  0  1  0  0  0  0  1  0
2  1  2  0  2  1  2  1  0  1
3  0  0  0  0  1  0  0  0  0
4  0  0  0  0  0  0  1  0  1

S_minus:
   1  2  3  4  5  6  7  8  9
1  0  1  0  0  0  0  0  0  1
2  0  0  1  0  0  0  0  0  0
3  0  0  0  0  0  0  1  1  1
4  1  1  0  2  2  1  0  0  0

# Realization 1761
S_plus:
   1  2  3  4  5  6  7  8
1  0  0  0  0  0  0  1  0
2  1  0  0  0  0  0  0  1
3  0  1  0  1  0  1  0  1
4  0  1  1  1  1  0  0  0

S_minus:
   1  2  3  4  5  6  7  8
1  1  1  0  0  1  0  0  0
2  0  1  1  1  0  1  0  0
3  1  0  0  0  0  0  1  0
4  0  0  0  0  0  1  1  2

# Realization 1762
S_plus:
   1  2  3  4  5
1  1  0  0  0  0
2  0  1  0  0  0
3  0  0  0  1  1
4  0  1  2  0  1

S_minus:
   1  2  3  4  5
1  0  1  0  1  0
2  0  0  0  0  1
3  1  1  1  0  0
4  1  0  0  1  0

# Realization 1763
S_plus:
   1   2   3   4   5   6   7   8   9   10
1   1   0   0   1   0   0   0   0   0   0
2   0   1   0   0   0   0   0   0   0   0
3   0   0   0   0   0   1   0   0   1   0
4   0   0   0   0   0   1   0   0   0   0
5   0   0   0   0   0   0   0   1   0   0
6   0   0   0   0   0   0   0   0   0   1
7   1   0   1   0   0   0   0   0   0   0
8   0   0   0   0   2   0   0   0   1   1
9   0   0   0   0   0   0   2   0   0   0

S_minus:
   1   2   3   4   5   6   7   8   9   10
1   0   1   1   0   0   0   0   0   1   0
2   0   0   1   0   1   0   0   0   0   0
3   0   0   0   0   0   0   0   1   0   0
4   0   0   0   1   0   0   0   0   0   1
5   2   0   0   0   0   1   0   0   0   0
6   0   0   0   0   1   0   0   0   1   0
7   0   0   0   0   0   0   2   0   0   0
8   0   0   0   1   0   0   0   0   0   0
9   0   0   0   0   0   0   0   1   0   0

# Realization 1764
S_plus:
   1  2  3  4
1  2  0  1  0
2  0  0  0  1
3  0  1  0  0

S_minus:
   1  2  3  4
1  0  2  0  0
2  1  0  1  0
3  1  0  0  1

# Realization 1765
S_plus:
   1  2  3  4
1  1  1  0  0
2  0  0  0  1
3  0  1  1  0

S_minus:
   1  2  3  4
1  0  0  2  1
2  1  2  0  0
3  1  0  0  1

# Realization 1766
S_plus:
   1  2  3  4  5
1  0  0  0  1  0
2  0  0  0  0  2
3  1  2  1  0  0

S_minus:
   1  2  3  4  5
1  2  1  1  0  2
2  0  0  0  1  0
3  0  0  0  1  0

# Realization 1767
S_plus:
   1  2  3  4  5
1  0  0  0  0  1
2  1  0  0  0  0
3  0  0  0  1  0
4  1  1  2  0  0
5  0  0  0  1  0

S_minus:
   1  2  3  4  5
1  0  1  1  1  0
2  0  1  0  0  0
3  1  0  1  0  0
4  0  0  0  0  1
5  1  0  0  0  1

# Realization 1768
S_plus:
   1   2   3   4   5   6   7   8   9   10
1   0   1   0   0   0   0   1   1   0   0
2   0   0   0   0   1   2   1   0   0   0
3   0   0   0   1   0   0   0   0   0   1
4   0   0   1   0   0   0   0   0   1   0
5   1   0   0   0   0   0   0   0   0   0
6   0   0   1   0   0   0   0   1   1   1

S_minus:
   1   2   3   4   5   6   7   8   9   10
1   2   0   0   0   1   0   0   0   0   0
2   0   1   0   0   0   0   0   0   0   1
3   0   1   1   0   0   0   0   0   1   0
4   0   0   0   1   0   1   0   2   0   1
5   0   0   0   1   0   0   1   0   1   0
6   0   0   0   0   0   0   1   0   0   0

# Realization 1769
S_plus:
   1  2
1  0  1
2  1  0
3  0  1

S_minus:
   1  2
1  1  0
2  0  2
3  1  0

# Realization 1770
S_plus:
   1  2  3  4  5  6  7
1  0  1  0  1  0  0  0
2  0  0  0  0  1  0  0
3  0  0  1  0  0  1  0
4  1  0  0  0  0  0  1
5  0  0  0  1  0  0  0

S_minus:
   1  2  3  4  5  6  7
1  0  0  1  0  0  0  1
2  0  2  0  0  0  1  0
3  1  0  0  1  0  0  0
4  0  0  0  1  1  0  0
5  0  0  0  0  1  0  0

# Realization 1771
S_plus:
   1  2  3  4  5
1  0  1  0  0  0
2  0  0  0  0  1
3  1  0  0  1  0
4  0  0  1  0  0

S_minus:
   1  2  3  4  5
1  0  0  1  2  0
2  0  0  1  0  0
3  0  2  0  0  0
4  1  0  0  0  1

# Realization 1772
S_plus:
   1  2  3  4  5
1  0  0  2  0  0
2  0  1  0  0  1
3  0  0  0  1  0
4  2  1  0  0  0

S_minus:
   1  2  3  4  5
1  1  2  0  1  1
2  0  0  0  1  0
3  0  0  1  0  1
4  0  0  1  0  0

# Realization 1773
S_plus:
   1  2  3  4
1  1  2  0  0
2  0  0  0  1
3  0  0  1  0
4  0  0  1  0

S_minus:
   1  2  3  4
1  0  0  0  1
2  0  1  1  0
3  1  0  0  0
4  1  0  0  1

# Realization 1774
S_plus:
   1  2  3  4  5  6  7  8
1  0  0  0  0  0  0  0  1
2  0  1  0  0  0  0  0  0
3  1  0  0  1  0  1  1  0
4  0  0  0  0  0  1  0  0
5  0  1  1  0  1  0  1  0
6  0  0  1  1  0  0  0  0

S_minus:
   1  2  3  4  5  6  7  8
1  0  0  1  1  0  0  0  0
2  0  0  1  1  1  0  0  1
3  0  1  0  0  0  0  0  0
4  1  0  0  0  0  0  0  0
5  0  0  0  0  0  1  0  1
6  0  1  0  0  0  0  2  0

# Realization 1775
S_plus:
   1  2  3  4  5  6  7  8  9
1  0  0  0  0  0  0  1  0  0
2  2  0  0  0  0  1  0  0  2
3  0  1  0  0  0  0  0  0  0
4  0  0  0  0  1  0  0  0  0
5  0  0  1  1  0  0  0  2  0

S_minus:
   1  2  3  4  5  6  7  8  9
1  0  0  1  0  0  0  0  0  0
2  0  0  0  0  1  0  0  1  0
3  1  0  0  0  0  0  1  1  0
4  0  2  0  2  0  1  0  0  1
5  0  0  0  0  1  0  0  0  0

# Realization 1776
S_plus:
   1  2  3
1  2  0  0
2  0  1  0
3  0  0  1

S_minus:
   1  2  3
1  0  0  1
2  1  0  1
3  1  2  0

# Realization 1777
S_plus:
   1  2  3  4  5  6  7
1  0  0  0  1  1  0  1
2  1  0  0  0  0  0  0
3  0  0  1  0  0  1  1
4  0  1  0  0  0  0  0

S_minus:
   1  2  3  4  5  6  7
1  2  1  0  0  0  1  0
2  0  0  0  1  0  0  0
3  0  1  0  0  0  0  0
4  0  0  1  0  1  0  2

# Realization 1778
S_plus:
   1  2  3
1  0  1  0
2  1  0  1
3  0  1  0

S_minus:
   1  2  3
1  0  0  1
2  0  2  0
3  1  0  1

# Realization 1779
S_plus:
   1  2  3  4  5  6
1  0  0  1  0  0  0
2  2  0  0  1  0  1
3  0  1  0  1  2  0

S_minus:
   1  2  3  4  5  6
1  1  1  0  2  1  2
2  0  0  1  0  1  0
3  1  0  1  0  0  0

# Realization 1780
S_plus:
   1   2   3   4   5   6   7   8   9   10  11  12
1   0   0   1   0   0   0   0   0   0   0   0   0
2   1   0   0   0   0   0   0   0   0   0   1   1
3   1   0   1   0   0   0   0   0   0   0   0   0
4   0   0   0   0   0   0   0   1   0   0   0   0
5   0   1   0   0   0   0   1   0   0   0   0   0
6   0   0   0   1   1   0   0   0   1   0   0   0
7   0   0   0   0   0   1   0   0   0   0   0   0
8   0   1   0   0   0   0   0   0   0   1   0   0
9   0   0   0   0   0   0   1   0   0   0   0   0

S_minus:
   1   2   3   4   5   6   7   8   9   10  11  12
1   0   0   0   0   0   0   0   0   0   1   0   0
2   0   0   1   0   0   1   0   0   0   0   0   0
3   0   1   0   0   0   0   0   0   1   0   0   0
4   0   0   0   1   0   0   1   0   0   0   0   0
5   0   0   0   0   0   0   0   0   1   0   2   0
6   1   1   0   0   0   0   0   1   0   0   0   0
7   0   0   0   0   0   0   0   0   0   0   0   1
8   1   0   0   0   1   0   1   1   0   0   0   1
9   0   0   0   0   0   0   0   0   0   1   0   0

# Realization 1781
S_plus:
   1   2   3   4   5   6   7   8   9   10  11
1   0   1   0   0   0   1   0   0   0   1   2
2   0   0   0   1   0   0   0   0   0   0   0
3   1   0   0   0   0   0   0   1   1   0   0
4   0   0   0   0   0   1   1   0   0   0   0
5   0   0   0   0   0   0   0   0   0   1   0
6   0   1   1   0   1   0   0   1   0   0   0

S_minus:
   1   2   3   4   5   6   7   8   9   10  11
1   0   0   0   0   0   0   1   1   1   0   0
2   1   0   0   0   0   0   0   1   0   1   1
3   0   1   1   0   0   0   0   0   0   0   0
4   0   1   0   0   0   0   0   0   0   1   1
5   0   0   1   0   1   0   1   0   0   0   0
6   1   0   0   2   0   1   0   0   1   0   0

# Realization 1782
S_plus:
   1   2   3   4   5   6   7   8   9   10
1   0   2   1   1   0   1   0   1   1   0
2   0   0   0   0   1   0   0   0   0   0
3   0   0   0   0   0   0   0   0   0   2
4   0   0   1   0   0   0   0   0   0   0
5   2   0   0   0   0   1   2   0   0   0

S_minus:
   1   2   3   4   5   6   7   8   9   10
1   0   0   0   0   0   0   1   0   0   0
2   0   1   0   1   0   1   0   0   0   1
3   2   0   1   0   0   0   1   2   0   0
4   0   0   0   0   1   0   0   0   1   1
5   0   1   0   0   1   0   0   0   1   0

# Realization 1783
S_plus:
   1   2   3   4   5   6   7   8   9   10  11  12
1   0   0   0   1   1   0   0   0   1   0   0   1
2   0   0   0   0   0   0   0   0   0   2   0   0
3   0   0   0   1   0   0   1   1   1   0   0   0
4   0   0   0   0   0   0   0   0   0   0   0   1
5   0   0   1   0   0   1   0   0   0   0   0   0
6   0   1   0   0   0   0   1   0   0   0   1   0
7   1   0   0   0   0   0   0   1   0   0   0   0

S_minus:
   1   2   3   4   5   6   7   8   9   10  11  12
1   0   1   0   0   0   0   2   1   0   0   0   0
2   0   0   0   0   1   0   0   0   0   0   0   1
3   0   0   0   0   0   1   0   0   0   0   0   0
4   0   0   0   1   0   1   0   1   1   0   1   0
5   0   0   0   0   1   0   0   0   0   0   0   1
6   2   0   0   0   0   0   0   0   1   1   0   0
7   0   0   2   0   0   0   0   0   0   0   0   0

# Realization 1784
S_plus:
   1  2  3  4  5  6  7  8  9
1  0  0  0  1  1  0  0  1  1
2  0  0  0  0  1  0  0  0  1
3  1  0  1  0  0  1  0  0  0
4  0  1  0  0  0  0  0  0  0
5  0  0  0  0  0  1  1  1  0

S_minus:
   1  2  3  4  5  6  7  8  9
1  0  0  1  0  0  0  0  0  0
2  0  1  0  1  0  0  0  0  0
3  0  1  0  0  2  0  0  0  1
4  1  0  0  1  0  2  1  1  0
5  0  0  1  0  0  0  0  0  0

# Realization 1785
S_plus:
   1   2   3   4   5   6   7   8   9   10
1   0   0   0   0   1   0   0   1   1   1
2   0   1   0   0   0   0   0   1   0   0
3   2   0   0   1   0   0   1   0   0   0
4   0   0   0   0   0   0   1   0   0   0
5   0   0   1   0   0   1   0   0   0   0

S_minus:
   1   2   3   4   5   6   7   8   9   10
1   0   1   0   0   0   1   0   0   0   0
2   1   0   0   1   0   0   2   0   0   1
3   0   1   2   0   0   1   0   1   0   0
4   0   0   0   0   1   0   0   1   2   0
5   1   0   0   0   0   0   0   0   0   0

# Realization 1786
S_plus:
   1  2  3  4  5
1  0  1  0  0  0
2  0  1  0  0  0
3  1  0  0  1  0
4  0  0  0  0  1
5  1  0  1  1  0

S_minus:
   1  2  3  4  5
1  0  0  0  1  1
2  2  0  0  0  0
3  0  0  1  0  0
4  0  1  1  1  0
5  0  1  0  0  0

# Realization 1787
S_plus:
   1  2  3  4  5  6  7  8
1  0  0  0  0  0  0  1  0
2  0  0  1  0  0  1  0  1
3  1  0  0  0  1  0  0  1
4  0  1  0  2  0  0  0  0

S_minus:
   1  2  3  4  5  6  7  8
1  0  1  0  0  0  0  0  0
2  0  1  0  2  2  0  0  0
3  0  0  2  0  0  1  1  0
4  1  0  0  0  0  1  0  2

# Realization 1788
S_plus:
   1  2  3  4  5  6  7
1  1  0  1  0  0  0  0
2  0  1  0  0  0  0  0
3  0  0  0  0  0  0  1
4  0  0  0  1  1  0  0
5  1  1  0  0  0  1  0

S_minus:
   1  2  3  4  5  6  7
1  0  1  0  0  0  1  1
2  1  0  2  1  0  0  1
3  0  0  0  0  1  0  0
4  1  0  0  0  0  0  0
5  0  0  0  0  1  0  0

# Realization 1789
S_plus:
   1   2   3   4   5   6   7   8   9   10
1   0   0   0   0   0   0   0   0   1   0
2   0   0   0   1   1   0   0   0   0   0
3   1   0   1   0   0   0   0   0   0   0
4   0   2   0   1   0   1   0   1   0   1
5   0   0   1   0   0   0   0   0   0   1
6   0   0   0   0   0   0   1   0   0   0

S_minus:
   1   2   3   4   5   6   7   8   9   10
1   0   0   1   1   0   0   0   0   0   0
2   1   1   1   0   0   1   1   1   0   0
3   0   0   0   0   2   0   0   1   0   1
4   0   0   0   0   0   0   1   0   0   0
5   0   0   0   1   0   0   0   0   0   0
6   0   0   0   0   0   0   0   0   1   0

# Realization 1790
S_plus:
   1  2  3  4  5  6  7  8
1  1  0  0  0  0  0  0  0
2  0  0  1  1  0  1  2  0
3  0  1  0  0  0  0  0  1
4  0  0  0  0  1  0  0  0
5  0  0  0  1  0  0  0  1

S_minus:
   1  2  3  4  5  6  7  8
1  0  0  0  1  0  0  0  0
2  1  0  0  0  1  0  0  0
3  0  0  1  1  1  0  0  0
4  1  1  1  0  0  1  0  2
5  0  0  0  0  0  0  2  0

# Realization 1791
S_plus:
   1  2  3  4  5  6  7
1  0  1  0  0  1  0  0
2  1  0  0  0  0  1  0
3  0  0  0  0  1  0  0
4  0  0  1  0  0  0  1
5  0  0  1  0  0  0  0
6  0  0  0  1  0  0  0

S_minus:
   1  2  3  4  5  6  7
1  0  0  0  1  0  0  0
2  0  0  0  1  1  0  0
3  0  1  0  0  0  0  0
4  0  0  0  0  1  2  0
5  0  0  0  0  0  0  1
6  1  0  1  0  0  0  0

# Realization 1792
S_plus:
   1  2  3  4  5  6
1  0  0  0  2  0  1
2  0  0  0  0  1  0
3  2  0  0  0  0  0
4  0  1  2  0  0  1

S_minus:
   1  2  3  4  5  6
1  0  1  0  0  0  0
2  2  0  1  1  0  0
3  0  0  1  0  2  1
4  0  0  0  1  0  0

# Realization 1793
S_plus:
   1   2   3   4   5   6   7   8   9   10
1   0   0   0   0   1   0   0   0   0   1
2   0   0   0   0   0   0   0   0   1   0
3   0   0   0   2   0   2   0   0   0   0
4   0   0   1   0   1   0   0   0   0   0
5   0   0   0   0   0   0   0   1   0   0
6   1   1   1   0   0   0   1   1   1   0

S_minus:
   1   2   3   4   5   6   7   8   9   10
1   0   0   0   0   0   0   0   1   0   0
2   1   0   1   0   1   1   0   0   0   1
3   0   0   0   0   0   0   0   0   1   0
4   0   0   0   1   0   1   1   1   0   1
5   0   1   1   0   1   0   1   0   0   0
6   0   0   0   1   0   0   0   0   0   0

# Realization 1794
S_plus:
   1  2  3
1  2  0  0
2  0  1  0
3  0  0  2

S_minus:
   1  2  3
1  0  1  2
2  2  0  0
3  0  1  0

# Realization 1795
S_plus:
   1  2  3  4  5  6  7  8  9
1  0  0  1  1  0  0  0  0  0
2  2  0  0  0  1  1  0  0  0
3  0  1  0  0  0  0  0  0  0
4  0  1  0  0  0  0  0  1  0
5  0  0  0  0  0  0  1  1  0
6  0  0  0  0  0  0  0  0  1

S_minus:
   1  2  3  4  5  6  7  8  9
1  0  0  0  0  1  0  0  1  0
2  0  0  0  1  0  0  0  0  1
3  1  0  1  0  0  0  1  0  0
4  0  0  0  1  1  1  0  0  0
5  0  1  1  0  0  1  0  0  0
6  1  1  0  0  0  0  0  0  0

# Realization 1796
S_plus:
   1  2  3  4  5  6  7  8  9
1  1  0  0  0  0  0  0  0  0
2  0  1  1  0  0  0  0  0  0
3  0  0  0  0  2  0  0  1  0
4  0  0  0  1  0  1  1  0  0
5  0  0  0  0  0  0  0  0  1

S_minus:
   1  2  3  4  5  6  7  8  9
1  0  0  0  0  0  1  0  0  1
2  1  0  0  0  2  0  0  0  0
3  0  1  0  1  0  0  0  0  0
4  1  1  1  0  0  0  0  2  1
5  0  0  1  1  0  0  1  0  0

# Realization 1797
S_plus:
   1  2  3  4
1  0  0  1  0
2  1  1  0  0
3  0  0  0  2

S_minus:
   1  2  3  4
1  1  0  0  1
2  0  0  1  1
3  1  1  1  0

# Realization 1798
S_plus:
   1   2   3   4   5   6   7   8   9   10
1   0   0   0   0   0   0   1   0   0   0
2   1   0   0   0   1   0   0   1   0   0
3   0   0   1   0   0   0   0   0   0   0
4   0   0   0   0   1   1   0   1   1   1
5   0   1   1   2   0   0   1   0   0   1

S_minus:
   1   2   3   4   5   6   7   8   9   10
1   1   1   1   0   0   0   0   2   1   2
2   0   0   0   1   0   0   1   0   0   0
3   0   0   0   0   1   1   1   0   0   0
4   0   0   1   0   0   0   0   0   0   0
5   1   0   0   0   0   0   0   0   1   0

# Realization 1799
S_plus:
   1   2   3   4   5   6   7   8   9   10  11
1   0   1   0   0   0   0   0   0   0   0   0
2   0   1   1   0   0   2   0   0   1   0   1
3   0   0   0   1   0   0   0   0   0   0   1
4   2   0   0   1   0   0   0   1   0   1   0
5   0   0   1   0   0   0   0   0   0   0   0
6   0   0   0   0   1   0   1   0   0   0   0

S_minus:
   1   2   3   4   5   6   7   8   9   10  11
1   0   0   0   0   0   0   0   0   0   1   0
2   1   0   0   0   0   0   0   0   0   0   0
3   0   0   0   0   2   1   1   1   1   0   0
4   0   0   0   0   0   0   1   0   0   0   0
5   1   0   0   2   0   1   0   0   1   0   1
6   0   1   1   0   0   0   0   0   0   1   0

# Realization 1800
S_plus:
   1   2   3   4   5   6   7   8   9   10
1   0   0   0   1   0   0   0   0   0   0
2   0   0   2   0   0   0   0   0   1   0
3   0   0   0   1   1   0   0   0   0   0
4   1   0   0   0   0   0   0   0   0   0
5   1   0   0   0   0   0   1   0   0   1
6   0   0   0   0   0   1   0   1   0   0
7   0   1   0   0   0   0   0   1   0   0

S_minus:
   1   2   3   4   5   6   7   8   9   10
1   1   0   0   0   0   0   0   0   1   1
2   1   1   0   0   1   0   0   0   0   1
3   0   1   0   0   0   0   0   0   0   0
4   0   0   0   1   0   0   1   1   0   0
5   0   0   0   0   1   1   0   0   0   0
6   0   0   1   0   0   0   0   0   0   0
7   0   0   1   1   0   0   1   0   1   0

# Realization 1801
S_plus:
   1   2   3   4   5   6   7   8   9   10  11  12
1   0   0   0   1   0   0   0   0   0   0   0   1
2   1   0   0   1   1   2   1   1   1   0   0   0
3   0   1   0   0   0   0   0   0   0   0   0   0
4   0   1   2   0   0   0   1   1   0   1   1   0

S_minus:
   1   2   3   4   5   6   7   8   9   10  11  12
1   1   2   1   0   0   0   2   1   0   2   1   0
2   0   0   1   0   0   0   0   0   0   0   0   0
3   1   0   0   2   1   1   0   1   0   0   1   1
4   0   0   0   0   1   1   0   0   1   0   0   1

# Realization 1802
S_plus:
   1  2  3  4
1  2  0  0  0
2  0  2  2  0
3  0  0  0  1

S_minus:
   1  2  3  4
1  0  1  0  2
2  1  0  0  0
3  1  0  1  0

# Realization 1803
S_plus:
   1  2  3  4  5  6  7  8
1  0  1  0  0  1  0  0  0
2  0  0  1  1  1  0  0  0
3  1  0  0  0  0  0  1  0
4  0  0  0  0  0  1  0  1
5  0  0  0  0  0  0  1  1

S_minus:
   1  2  3  4  5  6  7  8
1  1  0  0  0  0  0  1  1
2  0  1  0  0  0  0  1  0
3  0  1  1  0  0  0  0  1
4  0  0  0  0  1  0  0  0
5  0  0  1  2  1  1  0  0

# Realization 1804
S_plus:
   1   2   3   4   5   6   7   8   9   10  11
1   0   0   0   0   0   0   0   1   0   0   0
2   0   0   1   0   0   0   0   0   0   0   0
3   0   0   0   0   1   0   0   0   0   0   0
4   0   1   0   0   0   1   0   0   1   0   0
5   1   0   0   1   0   0   0   0   0   1   0
6   0   0   0   0   0   0   1   1   0   0   2
7   0   0   0   0   0   0   0   0   1   0   0

S_minus:
   1   2   3   4   5   6   7   8   9   10  11
1   1   0   0   0   2   1   0   0   1   1   0
2   0   0   0   0   0   0   0   1   0   0   0
3   0   1   0   0   0   1   1   0   0   0   0
4   1   0   0   0   0   0   0   0   0   0   0
5   0   0   1   0   0   0   0   0   0   0   0
6   0   0   0   0   0   0   0   0   1   0   0
7   0   0   0   1   0   0   0   1   0   1   1

# Realization 1805
S_plus:
   1  2  3  4  5  6  7
1  0  1  1  0  0  0  0
2  0  0  0  1  0  0  0
3  1  0  0  0  0  1  0
4  0  0  0  0  1  0  0
5  0  0  0  0  0  0  1
6  1  1  0  0  0  1  0
7  0  0  1  1  0  0  0

S_minus:
   1  2  3  4  5  6  7
1  0  0  0  1  0  0  0
2  0  0  1  0  0  2  0
3  0  2  0  0  2  0  0
4  1  0  0  0  0  0  1
5  0  0  0  1  0  0  0
6  0  0  1  0  0  0  1
7  1  0  0  0  0  0  0

# Realization 1806
S_plus:
   1  2  3  4  5  6  7
1  0  1  1  0  0  0  0
2  0  1  0  0  0  2  0
3  0  0  0  0  0  0  1
4  0  0  0  1  0  0  1
5  2  0  0  0  1  0  0

S_minus:
   1  2  3  4  5  6  7
1  1  0  0  1  0  1  1
2  0  0  1  0  0  0  0
3  0  1  1  1  1  0  0
4  1  0  0  0  1  0  0
5  0  1  0  0  0  0  0

# Realization 1807
S_plus:
   1  2  3  4  5
1  0  0  2  0  0
2  1  1  0  0  0
3  0  0  0  0  1
4  1  0  0  1  1

S_minus:
   1  2  3  4  5
1  0  0  0  0  1
2  0  0  0  1  1
3  2  1  1  1  0
4  0  0  1  0  0

# Realization 1808
S_plus:
   1  2  3  4  5  6  7  8
1  0  0  1  1  0  0  0  1
2  0  0  0  0  1  0  0  0
3  0  0  1  0  0  1  0  0
4  0  0  0  1  1  0  1  0
5  0  1  0  0  0  0  0  0
6  1  0  0  0  0  0  0  0

S_minus:
   1  2  3  4  5  6  7  8
1  0  1  0  0  0  0  0  0
2  0  1  1  0  0  0  0  0
3  0  0  0  1  0  0  1  0
4  0  0  1  0  0  1  0  0
5  1  0  0  1  1  1  1  1
6  0  0  0  0  0  0  0  1

# Realization 1809
S_plus:
   1  2  3  4  5  6  7
1  2  0  0  0  0  0  1
2  0  0  0  0  1  1  1
3  0  0  0  1  0  0  0
4  0  1  1  0  0  0  0

S_minus:
   1  2  3  4  5  6  7
1  0  0  0  1  0  1  0
2  1  0  0  0  0  0  0
3  0  2  1  0  0  0  1
4  0  0  0  1  1  1  1

# Realization 1810
S_plus:
   1  2  3  4  5
1  1  1  0  0  0
2  0  0  1  1  0
3  0  0  0  0  2
4  0  1  1  0  0

S_minus:
   1  2  3  4  5
1  0  0  1  0  2
2  1  1  0  0  0
3  0  1  1  2  0
4  1  0  0  0  0

# Realization 1811
S_plus:
   1  2  3  4  5  6
1  0  0  0  0  1  0
2  1  2  0  1  0  0
3  1  0  1  0  0  2

S_minus:
   1  2  3  4  5  6
1  2  2  1  1  0  1
2  0  0  1  0  1  0
3  0  0  0  0  1  0

# Realization 1812
S_plus:
   1   2   3   4   5   6   7   8   9   10
1   0   0   0   0   0   0   0   0   0   1
2   1   0   1   0   1   2   0   1   0   0
3   0   1   0   0   0   0   0   0   0   0
4   1   0   0   0   0   0   0   0   2   0
5   0   0   0   1   1   0   2   0   0   0

S_minus:
   1   2   3   4   5   6   7   8   9   10
1   1   0   1   0   1   0   1   0   1   0
2   0   0   0   1   0   0   0   0   0   0
3   0   0   0   1   0   0   0   1   0   0
4   0   1   0   0   0   2   1   0   0   1
5   0   0   1   0   0   0   0   0   1   1

# Realization 1813
S_plus:
   1  2  3  4  5  6  7
1  0  0  1  1  1  0  0
2  0  1  0  0  0  0  0
3  2  0  0  0  0  0  0
4  0  1  0  0  0  1  1
5  0  0  0  0  0  1  0
6  0  0  1  0  0  0  1

S_minus:
   1  2  3  4  5  6  7
1  0  1  0  0  0  0  1
2  0  0  0  0  1  0  0
3  0  0  1  0  0  2  0
4  0  0  0  1  0  0  0
5  1  1  0  0  0  0  1
6  1  0  0  1  0  0  0

# Realization 1814
S_plus:
   1  2  3  4  5  6  7  8  9
1  0  0  0  0  0  1  0  0  0
2  0  0  0  1  0  1  0  0  1
3  1  0  1  1  0  0  0  0  0
4  0  2  0  0  0  0  0  1  1
5  0  0  1  0  0  0  1  0  0
6  0  0  0  0  1  0  0  0  0

S_minus:
   1  2  3  4  5  6  7  8  9
1  0  0  0  1  2  0  0  0  1
2  0  0  1  0  0  0  0  0  0
3  0  0  0  0  0  0  1  0  0
4  0  0  0  1  0  1  1  0  0
5  0  1  0  0  0  0  0  0  1
6  1  1  0  0  0  1  0  1  0

# Realization 1815
S_plus:
   1  2  3
1  1  1  0
2  1  0  0
3  0  1  1

S_minus:
   1  2  3
1  0  0  1
2  0  1  1
3  2  0  0

# Realization 1816
S_plus:
   1  2  3  4  5  6
1  2  0  0  1  1  0
2  0  1  1  0  0  0
3  0  0  0  1  0  1

S_minus:
   1  2  3  4  5  6
1  0  0  2  0  0  0
2  1  0  0  2  2  2
3  1  2  0  0  0  0

# Realization 1817
S_plus:
   1  2  3  4
1  1  0  0  2
2  0  0  1  0
3  0  1  0  0

S_minus:
   1  2  3  4
1  0  1  0  0
2  2  1  0  1
3  0  0  1  0

# Realization 1818
S_plus:
   1  2  3  4  5
1  0  0  1  0  1
2  1  0  0  0  0
3  0  1  0  0  0
4  0  0  0  0  1
5  0  0  0  1  0

S_minus:
   1  2  3  4  5
1  1  0  0  0  0
2  0  1  1  0  0
3  1  0  1  0  1
4  0  0  0  1  0
5  0  1  0  0  1

# Realization 1819
S_plus:
   1  2  3
1  0  0  1
2  0  1  0
3  0  1  0
4  1  0  0

S_minus:
   1  2  3
1  0  1  0
2  1  0  1
3  1  0  0
4  0  1  0

# Realization 1820
S_plus:
   1  2  3  4  5  6  7
1  0  0  0  1  0  0  1
2  0  0  0  0  0  0  1
3  0  1  0  0  0  1  0
4  1  1  0  0  0  0  0
5  0  0  1  0  0  0  0
6  0  0  0  0  1  0  0

S_minus:
   1  2  3  4  5  6  7
1  0  0  1  0  0  0  0
2  2  1  0  0  0  0  0
3  0  0  0  0  1  0  1
4  0  0  0  0  0  1  1
5  0  0  0  1  1  1  0
6  0  1  1  0  0  0  0

# Realization 1821
S_plus:
   1   2   3   4   5   6   7   8   9   10
1   1   0   1   0   2   0   0   2   0   1
2   0   0   0   0   0   0   0   0   1   0
3   0   0   0   1   0   1   0   0   0   0
4   0   0   0   0   0   0   0   0   0   1
5   0   2   0   0   0   0   0   0   0   0
6   0   0   0   0   0   0   1   0   0   0

S_minus:
   1   2   3   4   5   6   7   8   9   10
1   0   0   0   0   0   0   0   0   1   0
2   0   0   0   2   0   1   0   1   0   0
3   0   0   0   0   1   0   1   0   0   0
4   1   1   0   0   1   0   0   0   1   0
5   1   0   2   0   0   0   1   0   0   1
6   0   1   0   0   0   0   0   0   0   1

# Realization 1822
S_plus:
   1  2  3  4  5  6
1  1  1  0  0  1  0
2  0  0  0  0  0  1
3  0  0  0  0  0  1
4  0  0  0  0  1  0
5  0  0  1  1  0  0

S_minus:
   1  2  3  4  5  6
1  0  0  1  0  0  0
2  1  0  1  1  1  0
3  0  1  0  0  1  0
4  0  1  0  0  0  1
5  0  0  0  0  0  1

# Realization 1823
S_plus:
   1  2  3  4  5  6
1  0  0  0  1  0  0
2  1  0  0  0  0  0
3  0  0  1  0  0  0
4  0  1  0  0  0  1
5  0  0  1  0  1  0

S_minus:
   1  2  3  4  5  6
1  1  0  2  0  0  1
2  0  1  0  0  1  1
3  1  0  0  0  1  0
4  0  0  0  1  0  0
5  0  1  0  0  0  0

# Realization 1824
S_plus:
   1  2  3  4
1  1  0  1  0
2  0  0  0  1
3  0  0  0  1
4  0  1  0  0

S_minus:
   1  2  3  4
1  0  0  0  1
2  1  1  0  0
3  0  0  2  0
4  0  0  0  1

# Realization 1825
S_plus:
   1  2  3
1  1  0  2
2  0  1  0
3  1  0  0

S_minus:
   1  2  3
1  0  2  0
2  2  0  1
3  0  0  1

# Realization 1826
S_plus:
   1  2  3  4  5  6  7  8  9
1  1  0  0  0  0  0  0  1  1
2  0  0  1  0  0  1  1  0  0
3  1  0  0  1  0  0  0  0  0
4  0  0  1  0  0  0  0  0  0
5  0  1  0  0  1  0  0  0  0
6  0  0  0  1  0  0  0  0  1

S_minus:
   1  2  3  4  5  6  7  8  9
1  0  1  0  0  0  0  0  0  0
2  1  0  0  1  0  0  0  1  0
3  0  0  0  0  0  1  0  0  0
4  0  1  0  1  1  0  1  0  0
5  0  0  1  0  0  1  0  1  1
6  0  0  1  0  0  0  1  0  0

# Realization 1827
S_plus:
   1  2  3  4  5  6  7  8
1  0  0  0  1  1  0  0  1
2  0  0  1  0  1  0  0  0
3  1  0  0  0  0  0  0  1
4  0  1  0  0  0  0  1  0
5  0  0  0  0  0  2  0  0

S_minus:
   1  2  3  4  5  6  7  8
1  0  0  1  0  0  0  0  0
2  0  1  0  0  0  1  0  0
3  0  0  0  1  0  0  1  0
4  2  0  0  0  1  1  0  2
5  0  0  1  1  1  0  1  0

# Realization 1828
S_plus:
   1  2  3  4  5  6
1  0  0  1  0  0  0
2  1  0  0  0  2  0
3  0  0  0  1  0  0
4  0  0  0  0  0  2
5  0  1  0  0  0  0

S_minus:
   1  2  3  4  5  6
1  0  0  0  0  1  1
2  0  1  0  0  0  0
3  1  0  0  0  0  0
4  0  1  1  2  0  0
5  1  0  0  0  0  1

# Realization 1829
S_plus:
   1  2  3  4  5  6  7  8
1  2  0  0  0  1  0  1  2
2  0  1  0  0  0  0  0  0
3  0  0  0  0  0  1  0  0
4  0  0  1  0  0  0  1  0
5  0  0  1  2  0  1  0  0

S_minus:
   1  2  3  4  5  6  7  8
1  0  0  0  1  0  1  0  0
2  0  0  0  0  1  0  2  1
3  1  0  1  1  0  0  0  0
4  0  1  0  0  1  1  0  1
5  0  1  0  0  0  0  0  0

# Realization 1830
S_plus:
   1  2  3  4  5  6  7  8
1  0  2  1  0  0  0  0  0
2  0  0  0  0  0  1  0  1
3  0  0  0  0  1  0  0  0
4  0  0  1  1  0  0  0  0
5  1  0  0  0  0  0  1  1

S_minus:
   1  2  3  4  5  6  7  8
1  0  0  0  0  0  1  0  0
2  1  0  1  0  0  0  2  0
3  1  1  1  1  0  0  0  0
4  0  0  0  0  0  0  0  1
5  0  1  0  0  2  1  0  0

# Realization 1831
S_plus:
   1  2  3  4  5  6  7  8  9
1  0  0  0  0  1  0  0  0  1
2  0  0  1  0  0  0  1  0  1
3  0  0  0  1  0  0  0  2  0
4  0  0  1  1  0  0  0  0  0
5  0  0  0  0  0  1  0  0  0
6  2  1  0  0  0  0  0  0  0

S_minus:
   1  2  3  4  5  6  7  8  9
1  0  0  0  0  0  1  0  0  0
2  0  0  0  0  1  0  0  0  0
3  1  0  1  0  0  0  1  0  0
4  1  2  0  0  0  1  1  1  0
5  0  0  1  1  0  0  0  0  1
6  0  0  0  0  0  0  0  0  1

# Realization 1832
S_plus:
   1  2  3  4  5  6  7  8
1  1  0  1  0  1  1  0  0
2  0  1  0  0  0  0  0  0
3  1  0  0  0  0  0  0  1
4  0  0  1  0  0  0  0  0
5  0  1  0  1  0  0  1  0

S_minus:
   1  2  3  4  5  6  7  8
1  0  1  0  0  0  0  0  0
2  1  0  0  0  0  1  0  0
3  0  0  1  0  0  0  1  0
4  1  1  0  2  0  0  0  1
5  0  0  0  0  1  0  0  1

# Realization 1833
S_plus:
   1  2  3  4  5  6  7  8
1  0  0  0  0  1  0  0  0
2  0  0  0  1  1  0  0  1
3  0  0  1  0  0  0  0  0
4  0  1  0  0  0  0  0  0
5  0  0  0  0  0  1  0  0
6  1  0  1  0  0  0  0  0
7  0  0  0  0  0  0  2  0

S_minus:
   1  2  3  4  5  6  7  8
1  0  0  0  0  0  1  0  0
2  1  0  1  0  0  0  0  0
3  0  0  0  0  1  0  0  0
4  1  0  0  0  0  0  0  0
5  0  0  1  0  0  0  2  0
6  0  0  0  0  0  0  0  1
7  0  1  0  1  0  1  0  0

# Realization 1834
S_plus:
   1   2   3   4   5   6   7   8   9   10  11  12
1   0   1   0   0   1   0   0   1   0   1   0   0
2   1   0   0   1   0   0   0   1   0   0   0   0
3   0   1   1   1   0   1   1   0   1   0   0   1
4   0   0   0   0   0   1   0   0   0   0   1   0
5   0   0   0   0   0   0   1   0   0   0   0   0

S_minus:
   1   2   3   4   5   6   7   8   9   10  11  12
1   0   0   0   0   0   0   0   0   0   0   0   1
2   0   0   0   0   0   1   0   0   0   0   1   0
3   0   0   0   0   0   0   0   0   0   0   1   0
4   0   0   2   1   1   0   2   0   0   0   0   0
5   1   1   0   1   0   0   0   1   1   2   0   0

# Realization 1835
S_plus:
   1   2   3   4   5   6   7   8   9   10  11  12
1   0   0   0   0   0   0   0   0   0   1   0   0
2   0   0   0   0   0   0   0   0   1   0   0   0
3   1   0   0   2   0   0   1   0   0   0   1   0
4   0   0   0   0   0   0   0   1   0   0   0   0
5   0   1   0   0   0   1   0   0   0   0   0   0
6   0   1   0   0   0   1   1   1   0   0   0   1
7   0   0   1   0   1   0   0   0   0   0   1   1

S_minus:
   1   2   3   4   5   6   7   8   9   10  11  12
1   0   0   0   0   0   1   0   1   1   0   0   0
2   0   0   0   0   0   0   1   1   0   1   1   2
3   0   1   2   0   0   0   0   0   0   0   0   0
4   1   0   0   1   0   0   0   0   0   0   0   0
5   0   0   0   0   0   0   1   0   1   0   0   0
6   0   0   0   0   1   0   0   0   0   1   1   0
7   1   1   0   0   0   0   0   0   0   0   0   0

# Realization 1836
S_plus:
   1   2   3   4   5   6   7   8   9   10
1   0   0   0   0   0   0   1   0   0   0
2   0   0   1   0   0   0   0   1   1   0
3   0   0   1   0   1   0   0   0   0   0
4   1   0   0   0   0   1   0   0   0   1
5   0   2   0   2   0   0   0   0   0   0

S_minus:
   1   2   3   4   5   6   7   8   9   10
1   0   0   1   1   1   1   0   0   0   1
2   1   0   0   0   0   0   0   0   0   0
3   0   0   0   0   0   1   1   0   1   0
4   0   1   1   0   0   0   0   1   0   0
5   1   0   0   0   0   0   1   0   1   0

# Realization 1837
S_plus:
   1  2  3  4  5  6
1  0  0  0  1  0  1
2  1  0  0  0  0  0
3  0  0  1  1  0  0
4  1  1  0  0  1  1

S_minus:
   1  2  3  4  5  6
1  2  1  1  0  1  0
2  0  0  1  1  0  1
3  0  0  0  0  1  1
4  0  0  0  1  0  0

# Realization 1838
S_plus:
   1   2   3   4   5   6   7   8   9   10  11
1   0   0   0   0   1   0   0   0   0   0   1
2   0   0   0   0   0   0   0   0   1   0   1
3   0   0   0   0   0   0   0   1   0   0   0
4   1   1   0   0   0   0   0   0   0   1   0
5   0   0   0   0   1   1   0   0   0   0   0
6   0   0   0   0   0   0   0   1   1   0   0
7   0   0   0   1   0   0   0   0   0   0   0
8   0   0   0   1   0   0   0   0   0   0   0
9   0   0   1   0   0   0   1   0   0   0   0

S_minus:
   1   2   3   4   5   6   7   8   9   10  11
1   0   1   0   0   0   0   0   0   0   0   0
2   0   0   0   0   1   0   1   0   0   0   0
3   1   0   0   0   0   0   0   0   0   0   0
4   0   0   0   0   0   0   0   0   0   0   1
5   0   0   0   2   0   0   0   1   1   0   0
6   0   0   0   0   1   0   0   0   0   0   0
7   0   0   1   0   0   0   0   0   0   0   0
8   0   0   0   0   0   1   1   0   0   1   1
9   0   1   0   0   0   0   0   0   1   1   0

# Realization 1839
S_plus:
   1  2  3  4
1  0  1  0  0
2  0  0  1  0
3  2  0  0  2

S_minus:
   1  2  3  4
1  0  0  1  1
2  1  1  0  1
3  0  1  1  0

# Realization 1840
S_plus:
   1  2  3  4  5  6  7  8
1  0  0  1  0  0  0  0  0
2  0  0  0  1  0  0  0  0
3  0  1  0  0  1  0  0  0
4  0  0  0  0  1  0  0  2
5  1  0  0  0  0  0  0  0
6  0  0  0  0  0  1  2  0
7  0  1  0  0  0  0  0  0

S_minus:
   1  2  3  4  5  6  7  8
1  0  1  0  0  0  1  0  1
2  1  0  0  0  1  0  1  0
3  0  0  1  0  0  0  0  0
4  0  0  0  1  0  0  1  0
5  0  0  0  0  0  0  0  1
6  0  1  0  1  1  0  0  0
7  1  0  0  0  0  1  0  0

# Realization 1841
S_plus:
   1  2  3  4  5  6  7
1  0  0  0  1  0  0  0
2  0  0  0  0  0  0  1
3  1  0  0  0  0  1  0
4  0  0  0  0  1  0  0
5  0  2  1  0  0  0  0
6  0  0  1  0  0  0  0

S_minus:
   1  2  3  4  5  6  7
1  1  0  1  0  0  0  0
2  0  1  0  0  0  0  0
3  0  0  1  0  1  0  1
4  0  0  0  0  0  1  0
5  0  0  0  0  1  0  1
6  0  0  0  1  0  1  0

# Realization 1842
S_plus:
   1  2  3  4  5
1  1  0  0  0  0
2  0  0  2  0  1
3  0  1  0  1  0

S_minus:
   1  2  3  4  5
1  0  1  1  0  2
2  0  1  0  1  0
3  2  0  1  0  0

# Realization 1843
S_plus:
   1  2  3  4  5  6  7  8
1  0  0  0  1  0  0  0  0
2  0  0  1  0  1  1  0  1
3  0  1  0  0  0  0  0  0
4  1  1  1  0  0  0  0  1
5  0  0  0  0  0  0  1  0

S_minus:
   1  2  3  4  5  6  7  8
1  0  0  1  0  0  1  1  0
2  2  0  0  1  0  0  0  0
3  0  0  1  0  0  0  0  0
4  0  0  0  1  0  1  1  0
5  0  1  0  0  1  0  0  1

# Realization 1844
S_plus:
   1  2  3  4  5  6
1  0  1  1  1  1  0
2  0  1  0  0  0  0
3  0  0  0  0  0  1
4  2  0  0  0  0  0

S_minus:
   1  2  3  4  5  6
1  0  0  0  0  0  1
2  1  0  1  1  1  1
3  0  2  0  0  1  0
4  0  0  1  0  0  0

# Realization 1845
S_plus:
   1   2   3   4   5   6   7   8   9   10
1   0   0   0   2   0   2   0   1   0   1
2   1   0   0   0   1   0   1   0   0   0
3   0   0   1   0   0   0   1   1   0   0
4   0   0   0   0   0   0   0   0   0   1
5   0   1   0   0   0   0   0   0   0   0
6   0   0   0   0   0   0   0   0   1   0

S_minus:
   1   2   3   4   5   6   7   8   9   10
1   0   1   0   0   1   0   0   0   0   0
2   0   0   0   0   0   0   0   1   0   0
3   1   1   0   1   0   1   0   0   0   1
4   1   0   0   1   0   0   1   0   0   0
5   0   0   1   0   0   0   0   0   2   0
6   0   0   0   0   1   0   0   0   0   1

# Realization 1846
S_plus:
   1  2  3
1  0  0  1
2  0  1  0
3  1  0  0

S_minus:
   1  2  3
1  1  1  0
2  1  0  1
3  0  1  1

# Realization 1847
S_plus:
   1  2  3  4  5
1  1  0  0  0  0
2  0  0  0  1  0
3  0  0  1  0  1
4  1  1  0  0  0

S_minus:
   1  2  3  4  5
1  0  1  0  0  1
2  1  0  0  0  1
3  1  1  0  0  0
4  0  0  2  1  0

# Realization 1848
S_plus:
   1   2   3   4   5   6   7   8   9   10
1   0   0   0   0   0   1   0   0   0   2
2   0   0   0   1   0   0   0   0   0   0
3   0   1   1   0   1   0   2   0   1   0
4   0   0   0   0   0   0   0   0   1   0
5   1   0   0   0   0   0   0   2   0   0

S_minus:
   1   2   3   4   5   6   7   8   9   10
1   0   0   1   0   1   0   0   1   2   0
2   0   0   0   0   0   1   0   1   0   1
3   1   0   0   1   0   0   0   0   0   0
4   0   1   0   0   0   1   1   0   0   1
5   0   1   0   1   1   0   0   0   0   0

# Realization 1849
S_plus:
   1  2  3  4  5
1  1  0  0  0  1
2  0  0  0  0  1
3  0  1  1  1  0

S_minus:
   1  2  3  4  5
1  0  1  2  0  0
2  1  1  0  1  0
3  1  0  0  0  2

# Realization 1850
S_plus:
   1  2  3  4  5  6
1  0  0  0  1  0  0
2  0  0  0  0  0  1
3  1  0  0  0  1  0
4  0  2  1  0  0  0

S_minus:
   1  2  3  4  5  6
1  1  0  0  0  1  1
2  1  0  0  1  0  0
3  0  1  2  0  0  0
4  0  0  0  1  0  0

# Realization 1851
S_plus:
   1  2  3  4  5  6
1  1  0  0  0  0  0
2  0  1  0  0  0  1
3  0  0  1  0  0  0
4  0  0  1  0  0  0
5  1  1  0  1  1  0

S_minus:
   1  2  3  4  5  6
1  0  1  1  0  0  0
2  1  0  0  1  0  0
3  0  1  0  0  1  0
4  1  0  0  1  0  1
5  0  0  1  0  0  0

# Realization 1852
S_plus:
   1  2  3  4
1  0  2  1  0
2  1  0  0  0
3  0  0  1  2

S_minus:
   1  2  3  4
1  0  0  0  1
2  0  1  2  1
3  2  1  0  0

# Realization 1853
S_plus:
   1   2   3   4   5   6   7   8   9   10
1   0   0   2   0   0   0   1   0   0   0
2   0   0   0   0   0   0   0   1   0   0
3   1   0   0   0   0   1   0   0   0   2
4   0   1   0   1   0   0   0   0   0   0
5   0   0   0   0   0   1   0   0   0   0
6   0   0   0   0   0   0   0   0   1   0
7   0   0   0   0   0   0   1   0   0   0
8   0   0   0   0   1   0   0   0   0   0

S_minus:
   1   2   3   4   5   6   7   8   9   10
1   1   0   0   0   0   1   0   1   0   0
2   0   1   0   0   0   0   1   0   0   0
3   0   0   0   0   1   0   0   0   0   0
4   0   0   0   0   0   0   0   1   0   0
5   0   0   0   0   0   0   0   0   0   1
6   0   0   0   1   0   0   0   0   0   1
7   0   0   1   1   0   0   0   0   0   0
8   0   0   0   0   0   0   0   0   1   0

# Realization 1854
S_plus:
   1  2  3  4  5  6
1  1  0  1  2  0  2
2  1  0  0  0  0  0
3  0  1  0  0  1  0

S_minus:
   1  2  3  4  5  6
1  0  0  0  0  1  0
2  0  1  0  1  1  1
3  2  0  1  0  0  1

# Realization 1855
S_plus:
   1   2   3   4   5   6   7   8   9   10  11
1   0   0   1   0   0   0   0   0   0   0   0
2   1   0   0   0   0   0   0   0   0   0   0
3   0   0   0   1   0   1   0   1   0   0   0
4   1   0   0   0   0   0   0   0   1   0   0
5   0   1   0   0   0   0   0   0   0   0   1
6   0   1   1   1   1   1   2   0   0   1   0

S_minus:
   1   2   3   4   5   6   7   8   9   10  11
1   1   1   0   0   1   0   0   0   0   0   0
2   0   1   1   0   0   1   1   0   0   0   0
3   1   0   0   0   0   0   1   0   0   0   0
4   0   0   0   0   1   1   0   0   0   2   0
5   0   0   1   1   0   0   0   1   0   0   0
6   0   0   0   0   0   0   0   0   1   0   2

# Realization 1856
S_plus:
   1  2  3  4  5  6  7  8
1  0  2  0  0  0  0  0  1
2  2  0  1  1  2  0  0  0
3  0  0  0  0  0  1  1  0

S_minus:
   1  2  3  4  5  6  7  8
1  0  0  0  1  0  2  1  0
2  0  1  0  0  0  0  1  1
3  2  1  1  0  1  0  0  1

# Realization 1857
S_plus:
   1  2  3  4  5  6  7  8  9
1  0  0  0  0  0  0  0  1  1
2  0  0  1  0  0  1  1  0  0
3  0  0  1  0  1  0  0  0  0
4  0  1  0  1  0  0  0  0  0
5  1  0  0  0  0  0  0  0  1

S_minus:
   1  2  3  4  5  6  7  8  9
1  0  0  1  1  0  1  0  0  0
2  0  0  0  0  0  0  0  1  2
3  1  1  0  0  0  1  0  0  0
4  0  0  1  0  1  0  1  1  0
5  0  0  0  0  1  0  0  0  0

# Realization 1858
S_plus:
   1  2  3  4  5  6  7
1  0  0  0  0  0  0  1
2  1  0  0  0  0  1  0
3  0  1  1  0  2  0  1
4  0  0  0  1  0  0  0
5  1  1  1  0  0  0  0

S_minus:
   1  2  3  4  5  6  7
1  0  1  1  0  0  0  0
2  0  0  1  0  1  0  0
3  1  0  0  1  0  0  0
4  1  0  0  0  0  0  1
5  0  0  0  1  1  1  1

# Realization 1859
S_plus:
   1  2  3  4
1  0  1  0  0
2  2  0  2  0
3  0  0  0  1

S_minus:
   1  2  3  4
1  0  0  1  1
2  0  1  0  0
3  1  1  0  0

# Realization 1860
S_plus:
   1  2  3  4  5
1  0  1  0  0  0
2  0  0  0  1  0
3  1  0  1  1  2

S_minus:
   1  2  3  4  5
1  0  0  0  2  1
2  1  1  2  0  1
3  0  1  0  0  0

# Realization 1861
S_plus:
   1   2   3   4   5   6   7   8   9   10  11  12
1   2   0   0   0   0   0   0   1   0   2   1   0
2   0   0   0   0   1   0   0   1   0   0   0   0
3   0   0   0   1   0   1   0   0   1   0   0   1
4   0   2   1   0   0   0   0   0   0   0   1   0
5   0   0   0   0   0   0   1   0   0   0   0   0
6   0   0   0   1   0   0   0   0   0   0   0   0

S_minus:
   1   2   3   4   5   6   7   8   9   10  11  12
1   0   1   0   1   1   1   0   0   0   0   0   0
2   1   0   1   0   0   0   0   0   1   1   0   0
3   0   0   0   0   1   0   0   0   0   0   0   0
4   0   0   0   1   0   1   1   0   0   0   0   0
5   1   0   1   0   0   0   0   1   0   0   1   1
6   0   0   0   0   0   0   1   0   0   1   0   0

# Realization 1862
S_plus:
   1  2  3  4  5  6  7  8
1  0  0  0  1  0  0  0  1
2  0  1  0  0  0  0  1  0
3  2  0  2  0  1  1  0  1

S_minus:
   1  2  3  4  5  6  7  8
1  1  1  0  0  0  1  1  0
2  1  0  1  2  1  1  0  2
3  0  0  0  0  0  0  1  0

# Realization 1863
S_plus:
    1   2   3   4   5   6   7   8   9   10  11  12
1    0   0   1   0   0   0   1   0   0   0   0   1
2    0   0   0   0   0   0   0   0   0   0   1   0
3    0   0   0   1   0   0   0   0   0   0   0   0
4    0   1   0   0   0   0   0   0   0   1   0   0
5    0   0   0   0   0   1   0   0   0   0   1   1
6    0   0   0   0   1   0   0   0   1   0   0   0
7    0   0   0   0   0   0   1   0   0   0   0   0
8    1   0   0   0   0   0   0   0   0   0   0   0
9    0   0   0   0   0   0   0   2   0   0   0   0
10   0   1   1   0   0   1   0   0   0   0   0   0

S_minus:
    1   2   3   4   5   6   7   8   9   10  11  12
1    0   0   0   0   0   0   0   1   0   0   0   0
2    0   1   0   0   0   1   1   0   0   0   0   0
3    0   0   1   0   0   0   1   0   0   0   0   0
4    0   0   0   0   0   1   0   0   0   0   0   0
5    0   1   0   1   1   0   0   0   0   0   0   0
6    0   0   0   0   0   0   0   1   0   1   0   1
7    0   0   0   0   0   0   0   0   1   0   0   0
8    0   0   0   0   0   0   0   0   0   0   2   0
9    1   0   0   1   0   0   0   0   0   0   0   0
10   1   0   0   0   1   0   0   0   0   0   0   1

# Realization 1864
S_plus:
   1  2  3  4  5  6
1  0  0  1  0  0  0
2  1  1  0  0  0  0
3  0  1  0  1  1  2
4  0  0  0  1  0  0

S_minus:
   1  2  3  4  5  6
1  0  0  0  1  1  0
2  0  0  1  1  1  0
3  1  0  0  0  0  0
4  0  2  1  0  0  1

# Realization 1865
S_plus:
   1  2  3  4  5  6  7
1  0  0  0  0  0  1  0
2  0  0  0  0  1  0  1
3  1  0  0  0  0  0  0
4  0  1  0  1  0  0  0
5  1  0  2  0  1  1  0
6  0  0  0  1  0  0  0

S_minus:
   1  2  3  4  5  6  7
1  0  0  0  1  0  0  0
2  1  0  0  0  0  1  0
3  0  1  0  1  0  0  1
4  1  0  1  0  1  0  0
5  0  1  0  0  0  0  0
6  0  0  1  0  0  1  0

# Realization 1866
S_plus:
   1  2  3  4  5  6  7  8  9
1  1  1  0  0  0  1  1  0  0
2  0  1  0  2  0  0  0  0  0
3  1  0  2  0  0  0  0  0  1
4  0  0  0  0  1  0  0  1  0

S_minus:
   1  2  3  4  5  6  7  8  9
1  0  0  0  1  1  0  0  0  0
2  0  0  0  0  1  0  0  1  0
3  0  1  0  0  0  0  0  1  0
4  1  1  1  1  0  1  2  0  1

# Realization 1867
S_plus:
   1  2  3  4  5  6  7  8
1  0  0  0  0  0  0  1  0
2  0  0  0  1  0  0  1  0
3  0  0  0  0  1  1  0  0
4  0  0  0  0  1  0  0  0
5  1  0  1  0  0  0  0  1
6  0  0  1  0  0  0  0  0
7  0  1  0  0  0  0  0  0

S_minus:
   1  2  3  4  5  6  7  8
1  0  0  0  0  1  0  0  1
2  0  0  1  0  0  0  0  0
3  1  1  0  0  0  0  0  1
4  0  1  0  0  0  1  0  0
5  0  0  0  0  0  1  0  0
6  0  0  0  1  1  0  0  0
7  0  0  1  1  0  0  2  0

# Realization 1868
S_plus:
   1  2  3  4  5  6
1  0  0  1  2  0  0
2  0  1  1  0  0  0
3  1  0  0  0  2  1

S_minus:
   1  2  3  4  5  6
1  1  0  0  0  0  0
2  1  0  0  1  2  2
3  0  2  2  1  0  0

# Realization 1869
S_plus:
   1   2   3   4   5   6   7   8   9   10
1   0   0   0   1   0   0   0   0   0   1
2   0   0   2   0   0   1   0   2   0   0
3   0   1   0   0   0   0   1   0   0   0
4   1   1   0   0   2   1   0   0   2   0

S_minus:
   1   2   3   4   5   6   7   8   9   10
1   1   1   1   0   0   0   1   0   1   0
2   1   1   0   1   1   0   0   0   0   0
3   0   0   0   0   1   1   0   2   1   1
4   0   0   1   1   0   0   1   0   0   1

# Realization 1870
S_plus:
   1  2  3  4  5  6  7  8
1  0  0  0  1  0  0  0  0
2  1  0  0  1  0  1  0  0
3  1  0  1  0  1  0  0  0
4  0  1  0  0  0  0  0  0
5  0  0  0  0  0  0  1  1

S_minus:
   1  2  3  4  5  6  7  8
1  0  1  0  0  0  1  1  0
2  0  1  0  0  1  0  0  0
3  0  0  0  1  0  0  1  0
4  1  0  0  1  0  0  0  1
5  0  0  1  0  0  0  0  0

# Realization 1871
S_plus:
   1  2  3  4
1  0  1  1  0
2  0  0  1  0
3  1  0  0  0
4  0  1  0  1

S_minus:
   1  2  3  4
1  2  0  0  0
2  0  1  0  1
3  0  1  1  1
4  0  0  1  0

# Realization 1872
S_plus:
   1  2  3  4
1  0  0  2  1
2  1  0  0  0
3  0  2  0  0

S_minus:
   1  2  3  4
1  1  1  0  0
2  0  1  2  0
3  1  0  0  1

# Realization 1873
S_plus:
   1   2   3   4   5   6   7   8   9   10
1   0   0   0   1   1   0   0   0   1   0
2   0   0   0   0   0   0   0   0   0   1
3   1   2   0   1   0   0   0   0   0   0
4   0   0   0   0   0   0   1   0   0   0
5   1   0   0   0   1   0   0   1   0   0
6   0   0   1   0   0   1   0   1   1   1

S_minus:
   1   2   3   4   5   6   7   8   9   10
1   0   0   0   0   0   1   0   0   0   1
2   1   0   1   0   1   0   1   1   1   0
3   0   0   0   0   1   0   0   0   0   0
4   0   0   0   1   0   0   0   1   0   1
5   0   1   0   0   0   0   0   0   0   0
6   1   0   0   0   0   0   0   0   0   0

# Realization 1874
S_plus:
   1  2  3  4  5  6  7
1  0  0  0  1  1  0  0
2  0  1  0  0  0  0  1
3  1  0  0  0  0  0  0
4  0  0  1  0  0  2  0

S_minus:
   1  2  3  4  5  6  7
1  2  1  0  0  0  0  0
2  0  0  0  0  1  1  0
3  0  1  1  0  1  1  1
4  0  0  0  1  0  0  1

# Realization 1875
S_plus:
   1   2   3   4   5   6   7   8   9   10
1   0   0   0   0   0   1   0   0   0   0
2   0   0   1   0   0   0   0   2   0   0
3   1   0   0   0   0   0   0   0   0   0
4   0   0   0   1   0   0   0   0   0   0
5   0   0   1   0   1   0   1   0   1   0
6   0   0   0   0   0   0   0   0   0   1
7   0   1   0   0   0   0   0   0   1   0
8   1   1   0   0   1   0   0   0   0   0
9   0   0   0   0   0   1   0   0   0   0

S_minus:
   1   2   3   4   5   6   7   8   9   10
1   0   0   0   0   0   0   0   0   1   0
2   1   0   0   0   0   0   1   0   0   0
3   0   1   0   0   0   0   0   0   0   0
4   0   0   0   0   0   0   0   1   0   0
5   0   0   0   1   0   0   0   0   0   0
6   0   1   0   0   1   1   0   0   1   0
7   0   0   1   0   0   0   0   0   0   1
8   0   0   0   0   0   1   0   0   0   1
9   0   0   0   0   1   0   0   1   0   0

# Realization 1876
S_plus:
   1  2  3  4  5  6
1  0  0  0  1  0  0
2  1  0  0  0  1  1
3  0  0  2  1  0  0
4  0  1  0  0  0  0

S_minus:
   1  2  3  4  5  6
1  2  1  0  0  0  1
2  0  1  1  1  0  0
3  0  0  0  0  1  0
4  0  0  0  1  1  0

# Realization 1877
S_plus:
   1   2   3   4   5   6   7   8   9   10  11  12
1   0   0   0   0   0   0   0   1   0   0   1   0
2   0   0   0   1   0   0   0   0   1   0   0   0
3   0   0   1   0   0   0   0   0   0   0   0   0
4   1   0   0   0   0   1   0   0   0   0   0   0
5   0   1   0   0   2   0   2   0   0   1   0   0
6   0   0   0   0   0   0   0   0   0   0   0   1

S_minus:
   1   2   3   4   5   6   7   8   9   10  11  12
1   0   0   1   0   0   0   0   0   0   1   0   0
2   0   0   0   0   0   0   0   1   0   0   0   0
3   1   1   0   0   2   0   0   0   0   0   1   2
4   0   0   0   0   0   0   1   0   1   0   1   0
5   0   0   1   0   0   0   0   0   1   0   0   0
6   0   0   0   1   0   2   1   0   0   1   0   0

# Realization 1878
S_plus:
   1   2   3   4   5   6   7   8   9   10  11
1   0   0   1   1   0   0   1   0   0   0   0
2   0   0   1   0   0   0   0   0   0   1   0
3   0   1   0   1   1   0   0   1   1   0   1
4   1   1   0   0   0   0   0   0   0   0   0
5   1   0   0   0   1   2   0   0   1   0   0
6   0   0   0   0   0   0   1   1   0   0   0

S_minus:
   1   2   3   4   5   6   7   8   9   10  11
1   0   0   0   0   1   0   0   0   0   0   0
2   1   1   0   0   0   0   0   0   1   0   0
3   0   0   1   0   0   0   0   0   0   0   0
4   0   0   0   1   1   0   1   1   1   0   1
5   0   1   0   0   0   0   0   0   0   0   0
6   1   0   1   1   0   1   0   0   0   1   0

# Realization 1879
S_plus:
   1  2  3  4  5  6  7  8
1  1  0  0  0  0  0  0  0
2  0  0  1  0  1  0  0  0
3  0  0  0  1  0  0  0  0
4  0  1  0  0  0  0  1  0
5  0  1  0  1  1  1  0  0
6  0  0  0  0  0  0  0  1

S_minus:
   1  2  3  4  5  6  7  8
1  0  0  0  0  1  0  0  0
2  0  2  0  1  0  1  1  1
3  0  0  1  0  1  0  0  0
4  1  0  0  0  0  0  0  0
5  1  0  0  0  0  0  0  0
6  0  0  1  1  0  0  0  0

# Realization 1880
S_plus:
   1  2  3  4  5
1  0  2  0  0  1
2  0  0  1  0  0
3  0  0  0  2  0
4  1  0  1  0  1

S_minus:
   1  2  3  4  5
1  0  0  1  0  0
2  0  1  0  1  0
3  1  1  1  0  2
4  0  0  0  1  0

# Realization 1881
S_plus:
   1  2  3  4  5  6  7  8
1  1  0  1  1  0  0  0  0
2  0  0  0  0  0  1  2  0
3  0  1  0  0  1  0  0  1
4  1  0  0  0  0  0  0  0

S_minus:
   1  2  3  4  5  6  7  8
1  0  2  0  0  0  0  0  0
2  1  0  1  0  1  0  0  0
3  1  0  1  0  0  0  1  0
4  0  0  0  1  0  1  1  1

# Realization 1882
S_plus:
   1  2  3  4  5
1  0  0  1  0  0
2  1  0  0  1  0
3  1  0  0  0  0
4  0  1  1  1  1

S_minus:
   1  2  3  4  5
1  1  0  0  1  0
2  0  1  0  0  1
3  0  0  2  0  1
4  1  0  0  0  0

# Realization 1883
S_plus:
   1   2   3   4   5   6   7   8   9   10  11  12
1   0   0   0   0   1   0   0   0   0   0   0   0
2   0   0   0   0   0   0   0   0   0   0   0   1
3   0   1   1   0   0   0   0   1   0   0   1   0
4   0   0   0   1   0   0   1   0   0   1   0   0
5   0   0   0   0   0   1   0   0   0   0   1   0
6   0   0   1   1   0   0   0   0   0   0   0   0
7   1   0   0   0   0   0   1   0   1   0   0   0

S_minus:
   1   2   3   4   5   6   7   8   9   10  11  12
1   1   0   0   0   0   0   2   1   0   1   0   0
2   0   0   0   1   0   1   0   0   0   1   0   0
3   0   0   0   1   0   1   0   0   1   0   0   0
4   0   1   1   0   0   0   0   0   1   0   0   0
5   0   0   0   0   0   0   0   0   0   0   0   1
6   0   0   0   0   1   0   0   0   0   0   0   0
7   0   0   0   0   1   0   0   0   0   0   1   0

# Realization 1884
S_plus:
   1  2  3  4  5  6  7  8
1  1  1  1  0  0  0  0  0
2  0  0  0  0  0  0  1  0
3  0  0  0  0  0  1  0  1
4  0  0  0  0  1  0  0  0
5  0  0  0  1  1  0  1  0
6  0  0  0  0  0  0  0  1

S_minus:
   1  2  3  4  5  6  7  8
1  0  0  0  0  1  0  0  1
2  1  0  1  0  0  0  0  1
3  0  2  0  0  0  0  0  0
4  1  0  0  2  0  1  0  0
5  0  0  1  0  0  1  0  0
6  0  0  0  0  0  0  1  0

# Realization 1885
S_plus:
   1  2  3  4  5  6  7
1  0  1  0  0  1  0  0
2  1  0  2  0  0  1  0
3  0  1  0  0  0  0  1
4  0  0  0  1  0  0  0

S_minus:
   1  2  3  4  5  6  7
1  1  0  1  1  0  0  0
2  0  1  0  0  1  0  0
3  1  0  0  0  1  0  0
4  0  1  1  0  0  1  2

# Realization 1886
S_plus:
   1  2  3  4  5  6  7  8
1  0  0  0  1  1  0  0  0
2  1  2  1  0  0  1  1  0
3  0  0  0  0  0  0  0  1

S_minus:
   1  2  3  4  5  6  7  8
1  1  0  2  0  0  0  1  2
2  0  0  0  2  1  0  0  0
3  1  1  0  0  1  1  0  0

# Realization 1887
S_plus:
   1  2  3  4  5  6  7  8  9
1  0  0  1  0  0  0  0  0  0
2  0  0  0  1  0  0  1  0  0
3  0  0  0  0  1  0  0  0  1
4  0  0  0  0  0  2  0  1  0
5  1  0  0  0  0  0  0  0  0
6  0  1  0  0  0  0  0  0  0
7  0  0  0  0  0  0  0  0  1

S_minus:
   1  2  3  4  5  6  7  8  9
1  0  0  0  0  0  0  0  0  1
2  0  1  1  0  1  0  0  0  1
3  1  0  0  0  0  0  1  0  0
4  0  0  0  1  0  0  0  0  0
5  0  0  0  0  0  1  1  0  0
6  0  0  0  1  1  0  0  1  0
7  0  0  0  0  0  1  0  0  0

# Realization 1888
S_plus:
   1  2  3
1  1  1  0
2  0  0  1
3  0  1  0

S_minus:
   1  2  3
1  0  0  1
2  1  2  0
3  0  0  1

# Realization 1889
S_plus:
   1  2  3  4  5  6  7  8  9
1  0  1  0  0  0  0  1  0  1
2  0  0  0  0  1  0  0  1  1
3  0  0  0  0  0  1  1  0  0
4  1  0  1  0  0  0  0  1  0
5  0  0  0  1  0  0  0  0  0

S_minus:
   1  2  3  4  5  6  7  8  9
1  1  0  0  1  0  1  0  1  0
2  0  0  1  0  0  0  0  0  0
3  0  1  1  0  0  0  0  1  1
4  0  0  0  1  0  0  1  0  1
5  0  1  0  0  1  0  1  0  0

# Realization 1890
S_plus:
   1  2  3
1  0  2  0
2  0  0  1
3  1  0  0

S_minus:
   1  2  3
1  1  0  1
2  1  1  0
3  0  1  0

# Realization 1891
S_plus:
   1  2  3  4  5  6  7
1  0  1  1  0  0  1  0
2  0  0  0  0  1  0  0
3  1  0  0  2  0  0  1

S_minus:
   1  2  3  4  5  6  7
1  0  0  0  1  2  0  1
2  1  0  1  1  0  0  1
3  0  1  1  0  0  2  0

# Realization 1892
S_plus:
   1  2  3  4  5
1  1  1  0  1  0
2  0  1  0  0  0
3  0  0  1  0  1

S_minus:
   1  2  3  4  5
1  0  0  0  0  1
2  0  0  1  0  1
3  2  2  0  1  0

# Realization 1893
S_plus:
   1  2  3  4
1  0  1  0  0
2  1  0  2  0
3  0  0  0  1

S_minus:
   1  2  3  4
1  0  0  1  1
2  0  0  0  1
3  2  1  0  0

# Realization 1894
S_plus:
   1  2  3  4  5  6  7  8
1  0  0  0  0  0  1  0  0
2  0  2  0  0  0  0  0  0
3  1  0  0  1  0  0  0  0
4  0  0  0  0  0  0  1  0
5  0  0  1  0  2  0  0  1
6  0  0  0  0  0  1  0  0
7  0  0  0  1  0  0  1  0
8  1  0  0  0  0  0  0  0

S_minus:
   1  2  3  4  5  6  7  8
1  0  0  0  1  1  0  0  0
2  2  0  1  0  0  0  1  0
3  0  0  0  0  1  0  0  1
4  0  0  0  0  0  1  0  0
5  0  0  0  0  0  1  0  0
6  0  0  0  0  0  0  1  0
7  0  1  0  0  0  0  0  0
8  0  1  0  0  0  0  0  0

# Realization 1895
S_plus:
   1  2  3
1  0  2  0
2  0  0  1
3  1  0  0

S_minus:
   1  2  3
1  1  0  1
2  1  1  0
3  0  1  1

# Realization 1896
S_plus:
   1  2  3  4  5  6  7  8  9
1  0  0  1  0  0  0  0  1  0
2  1  1  0  0  0  0  0  0  1
3  1  0  0  0  1  0  0  0  0
4  0  1  0  2  0  1  1  0  0
5  0  0  0  0  0  1  1  0  0

S_minus:
   1  2  3  4  5  6  7  8  9
1  1  1  0  0  1  0  1  0  0
2  0  0  0  1  0  0  0  1  0
3  0  0  1  0  0  1  1  1  1
4  0  0  1  0  0  0  0  0  0
5  1  1  0  1  0  0  0  0  1

# Realization 1897
S_plus:
   1  2  3  4  5
1  0  0  2  1  0
2  1  0  0  0  0
3  0  1  0  1  1
4  0  0  0  0  1

S_minus:
   1  2  3  4  5
1  0  0  0  0  1
2  0  1  0  1  1
3  1  0  0  0  0
4  1  1  1  1  0

# Realization 1898
S_plus:
   1  2  3  4  5  6  7  8
1  0  0  0  0  1  0  1  0
2  0  0  1  0  0  0  0  0
3  1  0  0  0  0  0  0  0
4  0  0  0  1  0  0  0  1
5  0  1  0  0  0  0  0  0
6  1  0  1  0  1  1  0  0

S_minus:
   1  2  3  4  5  6  7  8
1  0  0  1  0  0  0  0  0
2  0  0  0  0  1  1  0  0
3  0  0  0  0  0  0  0  1
4  0  1  0  0  0  0  0  0
5  1  0  1  1  1  0  0  1
6  0  1  0  0  0  0  1  0

# Realization 1899
S_plus:
   1  2  3  4
1  1  0  0  0
2  0  0  1  0
3  0  1  0  1

S_minus:
   1  2  3  4
1  0  1  0  2
2  2  1  0  0
3  0  0  1  0

# Realization 1900
S_plus:
   1   2   3   4   5   6   7   8   9   10  11  12
1   0   0   0   1   1   0   0   0   0   0   0   1
2   1   1   0   0   0   0   0   0   1   1   0   0
3   0   0   2   0   0   1   1   1   0   0   0   1
4   0   0   0   0   0   0   0   0   0   1   1   0

S_minus:
   1   2   3   4   5   6   7   8   9   10  11  12
1   0   0   1   0   0   1   0   1   2   2   0   0
2   0   0   1   1   1   1   1   0   0   0   1   1
3   0   2   0   0   1   0   0   0   0   0   0   0
4   2   0   0   1   0   0   0   0   0   0   0   1

# Realization 1901
S_plus:
   1   2   3   4   5   6   7   8   9   10  11
1   0   0   0   0   1   0   0   0   0   0   1
2   0   0   0   1   0   1   0   0   0   0   0
3   0   0   0   0   0   0   0   0   1   0   0
4   0   0   1   0   0   0   1   1   0   0   0
5   0   0   0   0   0   0   0   0   0   1   0
6   0   1   0   0   0   0   0   0   1   0   0
7   1   0   1   0   0   0   0   0   0   0   0

S_minus:
   1   2   3   4   5   6   7   8   9   10  11
1   0   0   0   0   0   0   1   0   0   0   0
2   0   0   0   0   0   0   0   0   1   1   0
3   0   0   0   0   0   0   0   0   0   1   0
4   0   1   0   1   0   0   0   0   0   0   0
5   1   1   1   0   0   0   0   0   1   0   1
6   1   0   0   0   1   1   0   0   0   0   1
7   0   0   0   0   1   0   0   1   0   0   0

# Realization 1902
S_plus:
   1   2   3   4   5   6   7   8   9   10  11  12
1   0   1   0   0   0   0   0   0   0   0   0   1
2   0   0   0   1   0   0   0   0   1   0   1   0
3   1   0   0   0   1   1   0   0   0   0   0   0
4   0   0   1   0   0   0   1   0   0   0   0   0
5   0   0   0   0   0   0   0   1   0   1   0   0

S_minus:
   1   2   3   4   5   6   7   8   9   10  11  12
1   0   0   1   0   0   0   0   1   1   0   0   0
2   0   0   1   0   0   1   0   0   0   0   0   0
3   0   0   0   0   0   0   1   1   0   1   0   0
4   1   0   0   1   1   0   0   0   0   1   1   0
5   1   2   0   0   0   1   1   0   1   0   1   1

# Realization 1903
S_plus:
   1  2  3  4  5  6  7  8
1  1  0  0  0  0  0  0  1
2  0  0  1  0  0  0  0  0
3  0  0  0  0  1  0  0  0
4  0  0  0  0  0  1  0  0
5  0  1  1  0  1  1  0  0
6  0  0  0  1  0  0  2  0

S_minus:
   1  2  3  4  5  6  7  8
1  0  0  0  1  0  0  0  0
2  1  0  0  1  1  1  0  0
3  0  2  0  0  0  0  0  0
4  0  0  1  0  1  0  1  0
5  0  0  0  0  0  0  1  0
6  0  0  1  0  0  0  0  1

# Realization 1904
S_plus:
   1  2  3
1  0  0  1
2  0  1  0
3  2  0  0

S_minus:
   1  2  3
1  1  2  0
2  1  0  0
3  0  0  2

# Realization 1905
S_plus:
   1  2  3  4  5
1  1  1  0  0  0
2  0  0  0  0  1
3  0  0  1  1  0

S_minus:
   1  2  3  4  5
1  0  0  0  2  2
2  2  0  1  0  0
3  0  1  0  0  0

# Realization 1906
S_plus:
   1  2  3  4
1  1  2  0  0
2  0  0  0  1
3  0  0  2  0

S_minus:
   1  2  3  4
1  0  0  1  0
2  2  1  1  0
3  0  1  0  2

# Realization 1907
S_plus:
   1  2  3  4  5  6  7  8
1  0  0  1  0  0  0  0  0
2  2  1  0  0  0  0  0  0
3  0  0  0  0  0  0  1  1
4  0  0  0  0  2  0  0  1
5  0  0  0  1  0  0  0  0
6  0  1  0  0  0  1  0  0

S_minus:
   1  2  3  4  5  6  7  8
1  0  0  0  0  0  0  0  2
2  0  0  0  1  0  1  0  0
3  0  1  1  1  1  0  0  0
4  1  0  0  0  0  0  0  0
5  0  0  0  0  0  0  1  0
6  0  0  0  0  1  0  0  0

# Realization 1908
S_plus:
   1   2   3   4   5   6   7   8   9   10  11
1   0   0   0   1   0   0   0   0   0   0   0
2   1   0   0   0   0   1   1   1   0   0   0
3   0   0   0   0   0   0   0   0   0   0   1
4   0   0   0   0   0   1   0   0   0   1   0
5   0   0   0   0   0   0   0   1   0   0   0
6   0   0   2   0   1   0   0   0   0   0   1
7   0   1   0   0   0   0   0   0   1   0   0
8   0   0   0   1   1   0   0   0   0   0   0

S_minus:
   1   2   3   4   5   6   7   8   9   10  11
1   0   0   0   0   0   0   1   0   1   0   0
2   0   0   0   0   0   0   0   0   0   0   1
3   0   0   0   0   1   0   0   1   0   0   0
4   0   1   2   1   0   0   0   1   1   0   1
5   0   0   0   1   1   0   0   0   0   0   0
6   1   1   0   0   0   0   0   0   0   0   0
7   0   0   0   0   0   1   0   0   0   1   0
8   0   0   0   0   0   0   0   0   0   1   0

# Realization 1909
S_plus:
   1  2  3  4
1  0  0  2  1
2  0  1  0  0
3  0  0  0  1
4  1  0  0  0

S_minus:
   1  2  3  4
1  0  1  0  0
2  1  0  0  0
3  0  1  0  0
4  0  0  1  2

# Realization 1910
S_plus:
   1  2  3
1  1  0  0
2  0  1  0
3  0  0  1

S_minus:
   1  2  3
1  0  1  0
2  0  0  1
3  2  0  0

# Realization 1911
S_plus:
   1   2   3   4   5   6   7   8   9   10
1   1   1   2   0   1   1   0   0   1   1
2   0   0   0   0   0   1   1   1   0   0
3   0   1   0   1   0   0   0   0   0   0
4   0   0   0   0   0   0   0   0   1   0

S_minus:
   1   2   3   4   5   6   7   8   9   10
1   0   0   0   0   0   0   1   0   0   0
2   0   0   0   0   1   0   0   0   2   1
3   1   0   1   0   1   1   0   0   0   0
4   0   1   0   1   0   0   1   1   0   0

# Realization 1912
S_plus:
   1   2   3   4   5   6   7   8   9   10
1   0   2   0   0   0   0   0   0   1   0
2   0   0   0   0   1   1   0   0   0   1
3   0   0   0   1   0   1   0   1   0   0
4   0   0   0   0   0   0   0   0   0   1
5   0   0   1   0   0   0   0   0   0   0
6   1   0   0   0   0   0   0   0   0   0
7   0   0   1   0   0   0   1   0   0   0

S_minus:
   1   2   3   4   5   6   7   8   9   10
1   0   0   0   0   0   0   0   1   0   0
2   0   0   0   0   0   0   0   0   1   0
3   1   0   0   0   1   0   1   0   0   0
4   0   1   1   0   0   1   0   0   0   0
5   1   0   0   1   0   1   0   0   0   1
6   0   0   1   0   1   0   0   1   1   0
7   0   0   0   1   0   0   0   0   0   0

# Realization 1913
S_plus:
   1   2   3   4   5   6   7   8   9   10  11
1   0   0   0   0   0   0   1   0   0   1   0
2   0   0   0   1   0   0   0   0   0   0   0
3   0   0   0   0   0   1   0   0   1   0   0
4   0   0   0   0   1   0   0   0   0   0   0
5   1   0   0   0   0   0   0   0   0   0   0
6   0   1   0   0   0   0   0   0   0   0   0
7   1   1   1   0   0   0   0   0   0   0   0
8   0   0   0   0   0   0   0   1   0   0   1

S_minus:
   1   2   3   4   5   6   7   8   9   10  11
1   1   0   0   0   0   0   0   0   0   0   0
2   0   0   0   0   0   0   1   0   0   0   1
3   0   0   1   0   0   0   1   0   0   0   0
4   0   1   1   0   0   0   0   0   2   0   0
5   0   0   0   1   1   0   0   0   0   0   0
6   0   0   0   0   1   1   0   1   0   1   0
7   0   0   0   0   0   1   0   0   0   0   0
8   1   0   0   0   0   0   0   0   0   1   0

# Realization 1914
S_plus:
   1   2   3   4   5   6   7   8   9   10  11
1   1   0   1   0   1   0   0   0   1   0   0
2   0   0   0   0   0   0   1   0   0   0   0
3   0   0   0   0   0   0   0   2   0   0   0
4   1   1   0   1   1   2   0   0   1   0   1
5   0   0   0   1   0   0   0   0   0   1   0

S_minus:
   1   2   3   4   5   6   7   8   9   10  11
1   0   0   0   0   0   1   0   0   0   0   1
2   1   0   1   0   0   0   0   1   1   1   0
3   0   0   0   2   0   0   0   0   1   1   0
4   0   0   0   0   0   0   1   0   0   0   0
5   1   1   1   0   1   0   1   1   0   0   1

# Realization 1915
S_plus:
   1  2  3  4  5  6  7  8  9
1  0  0  1  0  1  0  1  0  0
2  0  1  0  0  0  0  0  0  1
3  1  0  0  0  0  1  0  0  0
4  0  0  0  0  0  0  1  0  1
5  0  0  1  1  0  0  0  1  0

S_minus:
   1  2  3  4  5  6  7  8  9
1  0  1  0  0  0  0  0  0  0
2  1  0  1  0  0  1  1  0  0
3  0  1  0  1  1  0  0  0  0
4  1  0  1  1  0  0  0  1  0
5  0  0  0  0  0  0  1  0  2

# Realization 1916
S_plus:
   1  2  3  4  5  6  7  8
1  0  1  0  0  0  1  1  1
2  0  0  1  1  0  0  1  0
3  0  0  0  1  1  0  0  0
4  1  0  0  0  0  0  0  1
5  0  0  1  0  0  1  0  0

S_minus:
   1  2  3  4  5  6  7  8
1  0  0  0  1  0  0  0  0
2  1  0  0  0  0  0  0  0
3  1  0  1  0  0  1  1  0
4  0  1  1  1  0  1  0  0
5  0  1  0  0  1  0  1  2

# Realization 1917
S_plus:
   1  2  3  4  5  6  7  8
1  1  0  0  2  1  1  1  0
2  0  2  0  0  0  1  1  0
3  0  0  2  0  0  0  0  0
4  0  0  0  0  0  0  0  1

S_minus:
   1  2  3  4  5  6  7  8
1  0  1  1  0  0  0  0  1
2  0  0  0  0  1  0  0  0
3  0  0  0  0  1  0  1  1
4  1  0  1  2  0  1  0  0

# Realization 1918
S_plus:
   1   2   3   4   5   6   7   8   9   10  11
1   0   0   0   0   0   1   0   0   1   0   1
2   1   1   0   0   0   1   0   0   0   1   1
3   0   0   0   0   1   0   0   0   0   0   0
4   0   0   0   2   0   0   0   0   0   0   0
5   1   0   0   0   0   0   0   0   0   0   0
6   0   0   1   0   0   0   1   0   0   1   0
7   0   0   0   0   0   0   1   1   0   0   0
8   0   0   1   0   0   0   0   1   0   0   0

S_minus:
   1   2   3   4   5   6   7   8   9   10  11
1   0   0   0   0   0   0   1   0   0   1   0
2   0   0   0   0   0   0   0   0   1   0   0
3   1   0   1   0   0   0   1   1   0   0   1
4   0   1   0   0   0   0   0   0   0   0   0
5   0   0   0   0   0   1   0   0   0   0   0
6   0   1   0   0   1   0   0   0   0   0   0
7   1   0   1   0   0   1   0   0   1   1   0
8   0   0   0   1   0   0   0   0   0   0   0

# Realization 1919
S_plus:
   1  2  3  4  5
1  0  0  0  0  1
2  0  0  1  0  0
3  0  1  0  0  0
4  1  0  0  1  0

S_minus:
   1  2  3  4  5
1  1  0  0  1  0
2  0  1  0  1  0
3  0  0  0  0  2
4  0  1  1  0  0

# Realization 1920
S_plus:
   1   2   3   4   5   6   7   8   9   10
1   0   0   0   0   0   0   0   0   0   1
2   0   0   2   0   0   0   1   0   0   0
3   0   1   0   1   1   1   1   0   0   0
4   0   0   0   1   0   0   0   0   0   1
5   1   0   0   0   0   0   0   0   1   0
6   0   0   0   0   0   0   0   1   0   0

S_minus:
   1   2   3   4   5   6   7   8   9   10
1   0   0   1   0   0   0   0   0   0   0
2   0   0   0   1   0   0   0   1   0   0
3   0   0   0   0   0   0   0   1   0   1
4   1   0   0   0   0   1   1   0   0   0
5   0   1   0   1   2   0   0   0   0   1
6   0   0   1   0   0   1   0   0   1   0

# Realization 1921
S_plus:
   1  2  3  4  5
1  0  0  0  1  1
2  1  0  0  0  0
3  0  0  1  0  0
4  0  1  0  1  0

S_minus:
   1  2  3  4  5
1  2  0  0  0  0
2  0  1  0  1  0
3  0  1  0  1  0
4  0  0  1  0  1

# Realization 1922
S_plus:
   1  2  3  4  5
1  0  1  0  0  0
2  1  0  0  0  0
3  0  0  0  1  1
4  0  1  1  0  1

S_minus:
   1  2  3  4  5
1  1  0  1  0  1
2  0  0  0  1  1
3  0  2  1  0  0
4  1  0  0  0  0

# Realization 1923
S_plus:
   1  2  3  4  5  6  7  8
1  1  0  0  0  1  0  0  1
2  0  0  1  0  0  0  0  0
3  0  0  0  0  0  0  1  1
4  1  0  0  0  1  0  0  0
5  0  1  0  1  0  0  0  0
6  0  0  0  0  0  1  0  0

S_minus:
   1  2  3  4  5  6  7  8
1  0  0  1  1  0  0  0  0
2  0  0  0  0  1  0  0  0
3  0  1  0  0  0  0  0  0
4  0  1  0  0  0  1  1  0
5  1  0  0  0  1  0  0  1
6  1  0  0  1  0  0  0  0

# Realization 1924
S_plus:
   1  2  3  4  5  6  7  8
1  1  0  0  0  0  1  0  0
2  0  1  0  0  0  0  0  0
3  0  0  2  1  1  0  0  1
4  0  0  0  1  0  0  1  0

S_minus:
   1  2  3  4  5  6  7  8
1  0  0  0  2  0  0  1  1
2  1  0  1  0  1  0  1  0
3  1  1  0  0  0  0  0  0
4  0  1  0  0  0  1  0  1

# Realization 1925
S_plus:
   1  2  3  4  5  6  7
1  0  0  0  0  0  1  0
2  0  2  0  0  0  0  0
3  1  0  1  0  0  0  0
4  0  0  0  1  1  0  0
5  1  0  1  0  0  0  2

S_minus:
   1  2  3  4  5  6  7
1  0  1  0  0  0  0  1
2  0  0  0  1  1  0  0
3  0  0  0  0  1  0  0
4  2  1  1  0  0  1  0
5  0  0  0  0  0  1  0

# Realization 1926
S_plus:
   1  2  3  4  5  6
1  1  1  1  0  0  0
2  0  0  0  0  2  2
3  0  0  0  1  0  0

S_minus:
   1  2  3  4  5  6
1  0  0  0  1  0  1
2  0  2  0  1  0  0
3  1  0  2  0  1  1

# Realization 1927
S_plus:
   1  2  3  4  5  6  7
1  2  0  0  0  1  0  1
2  0  0  0  0  1  0  0
3  0  1  1  0  0  0  0
4  0  0  0  1  0  1  1
5  0  0  0  0  0  1  0

S_minus:
   1  2  3  4  5  6  7
1  0  0  0  0  0  1  0
2  0  0  1  0  0  0  2
3  0  0  0  0  1  1  0
4  1  0  0  0  0  0  0
5  1  1  0  1  1  0  0

# Realization 1928
S_plus:
   1  2  3
1  0  0  1
2  0  1  0
3  2  1  0

S_minus:
   1  2  3
1  0  2  0
2  1  0  1
3  0  0  1

# Realization 1929
S_plus:
   1   2   3   4   5   6   7   8   9   10  11
1   0   0   1   0   0   1   0   1   0   0   0
2   0   0   0   0   1   0   0   0   0   0   1
3   0   1   1   0   0   0   0   0   0   0   0
4   0   1   0   1   0   0   0   0   0   1   0
5   1   0   0   0   0   0   0   0   1   0   0
6   1   0   0   0   0   1   0   0   0   0   0
7   0   0   0   0   0   0   2   0   0   0   0

S_minus:
   1   2   3   4   5   6   7   8   9   10  11
1   1   2   0   0   0   0   1   0   0   0   0
2   0   0   0   1   0   0   0   0   0   0   0
3   0   0   0   0   1   0   0   1   0   1   0
4   1   0   1   0   0   1   0   0   0   0   0
5   0   0   0   0   0   1   0   0   0   0   0
6   0   0   0   1   0   0   1   1   0   0   0
7   0   0   0   0   0   0   0   0   1   1   1

# Realization 1930
S_plus:
   1   2   3   4   5   6   7   8   9   10
1   1   0   0   1   0   0   0   0   0   0
2   0   2   0   1   0   1   1   2   2   1
3   0   0   1   0   0   0   0   0   0   0
4   0   0   0   0   1   1   0   0   0   0

S_minus:
   1   2   3   4   5   6   7   8   9   10
1   0   0   1   0   0   1   0   0   2   1
2   1   0   1   0   1   0   0   0   0   0
3   1   1   0   1   1   1   1   0   0   0
4   0   0   0   1   0   0   0   1   0   0

# Realization 1931
S_plus:
   1  2  3  4  5
1  0  0  1  2  1
2  0  1  0  0  0
3  1  0  0  0  1

S_minus:
   1  2  3  4  5
1  0  2  0  0  0
2  1  0  0  1  2
3  0  0  1  1  0

# Realization 1932
S_plus:
   1  2  3
1  0  0  1
2  1  0  0
3  0  1  0

S_minus:
   1  2  3
1  0  2  0
2  0  0  1
3  2  0  0

# Realization 1933
S_plus:
   1  2  3  4  5  6  7  8  9
1  0  0  0  0  1  0  1  0  0
2  0  1  1  1  0  0  0  1  0
3  0  0  0  0  0  1  0  0  2
4  0  1  0  0  0  0  1  0  0
5  1  0  0  0  0  0  0  0  0
6  0  0  0  0  0  1  0  0  0

S_minus:
   1  2  3  4  5  6  7  8  9
1  0  1  0  0  0  1  0  0  0
2  0  0  0  0  0  0  1  0  0
3  1  0  0  1  1  0  0  2  0
4  0  0  0  1  0  0  0  0  0
5  0  0  0  0  0  1  1  0  1
6  1  0  1  0  0  0  0  0  0

# Realization 1934
S_plus:
   1  2  3  4  5  6  7  8  9
1  2  0  1  0  0  0  1  1  0
2  0  0  0  0  1  2  0  0  0
3  0  1  0  0  0  0  0  0  1
4  0  0  0  1  0  0  0  0  0

S_minus:
   1  2  3  4  5  6  7  8  9
1  0  1  0  1  1  0  0  0  1
2  1  0  0  0  0  0  1  1  1
3  0  0  1  1  0  0  0  1  0
4  1  1  0  0  1  2  0  0  0

# Realization 1935
S_plus:
    1   2   3   4   5   6   7   8   9   10  11  12
1    0   0   0   0   0   0   0   1   0   0   0   0
2    0   0   1   0   0   0   0   0   0   0   0   0
3    0   2   0   0   0   0   0   0   0   0   0   0
4    1   0   0   0   0   0   0   0   0   0   1   0
5    0   0   0   0   1   1   0   0   0   0   0   0
6    0   0   0   0   0   0   0   1   0   0   0   0
7    0   0   0   1   0   0   0   0   0   0   0   0
8    0   0   0   0   0   0   0   0   1   0   0   0
9    0   0   0   0   0   0   0   0   0   1   0   1
10   0   0   0   0   0   0   0   0   0   0   0   1
11   0   0   0   0   1   0   1   0   0   0   0   0

S_minus:
    1   2   3   4   5   6   7   8   9   10  11  12
1    1   0   0   0   0   0   0   0   0   0   0   0
2    0   0   0   0   0   0   1   1   0   0   0   0
3    0   0   0   1   0   1   0   0   0   0   0   1
4    0   0   1   0   0   0   0   0   0   1   0   0
5    0   1   0   0   0   0   0   0   1   1   0   0
6    0   0   0   0   1   0   1   0   0   0   0   0
7    1   0   0   0   0   0   0   1   0   0   1   0
8    0   0   0   0   1   0   0   0   0   0   0   1
9    0   0   0   0   0   0   0   0   1   0   0   0
10   0   1   0   0   0   0   0   0   0   0   1   0
11   0   0   1   0   0   1   0   0   0   0   0   0

# Realization 1936
S_plus:
   1   2   3   4   5   6   7   8   9   10  11  12
1   1   1   1   1   0   0   1   1   1   0   1   0
2   0   0   1   0   0   0   0   0   0   0   0   0
3   0   0   0   0   0   0   0   0   0   0   1   0
4   0   0   0   0   0   0   1   0   0   1   0   0
5   0   0   0   0   0   0   0   0   0   1   0   0
6   0   0   0   0   1   0   0   0   1   0   0   1
7   0   0   0   0   0   1   0   1   0   0   0   0
8   0   1   0   0   0   0   0   0   0   0   0   0

S_minus:
   1   2   3   4   5   6   7   8   9   10  11  12
1   0   0   0   0   0   0   0   0   0   1   0   0
2   0   1   0   0   1   0   1   0   0   0   0   0
3   0   0   0   0   0   0   0   0   1   0   0   0
4   1   0   0   0   0   1   0   0   0   0   0   0
5   0   0   0   1   0   0   0   0   0   0   1   0
6   0   0   0   0   0   0   0   0   0   0   1   0
7   1   0   1   1   0   0   0   0   0   0   0   0
8   0   0   1   0   0   1   0   1   0   1   0   1

# Realization 1937
S_plus:
   1  2  3  4  5  6  7  8
1  0  0  0  1  0  0  1  0
2  0  0  1  0  1  0  0  0
3  1  1  0  0  0  1  0  0
4  1  0  0  0  0  0  0  0
5  0  1  0  0  0  0  0  0
6  0  0  0  0  0  0  0  1

S_minus:
   1  2  3  4  5  6  7  8
1  1  0  0  0  0  0  0  0
2  0  1  0  0  0  1  0  0
3  0  0  0  0  0  0  1  0
4  0  1  0  0  0  0  0  0
5  1  0  1  0  0  1  0  1
6  0  0  0  1  1  0  0  0

# Realization 1938
S_plus:
   1  2  3  4  5  6  7
1  1  0  0  0  0  0  1
2  1  0  2  1  1  0  0
3  0  1  0  1  0  1  0

S_minus:
   1  2  3  4  5  6  7
1  0  2  1  2  0  1  0
2  0  0  0  0  0  1  2
3  2  0  1  0  2  0  0

# Realization 1939
S_plus:
   1   2   3   4   5   6   7   8   9   10  11
1   0   0   0   1   1   1   0   0   0   0   0
2   0   0   1   0   0   0   0   0   1   0   1
3   0   0   0   1   0   1   1   0   0   1   0
4   1   1   0   0   0   0   0   1   1   0   0

S_minus:
   1   2   3   4   5   6   7   8   9   10  11
1   1   0   0   0   0   0   1   0   2   0   1
2   1   1   0   2   1   0   1   2   0   2   0
3   0   1   0   0   0   0   0   0   0   0   0
4   0   0   1   0   1   2   0   0   0   0   1

# Realization 1940
S_plus:
   1  2  3  4
1  1  0  0  0
2  0  1  0  1
3  0  0  1  1

S_minus:
   1  2  3  4
1  0  0  0  2
2  1  0  1  0
3  0  2  0  0

# Realization 1941
S_plus:
   1  2  3  4
1  1  0  0  0
2  0  0  1  0
3  0  1  0  1
4  0  1  0  0

S_minus:
   1  2  3  4
1  0  0  0  1
2  0  2  0  1
3  1  0  0  0
4  0  0  1  0

# Realization 1942
S_plus:
   1  2  3  4  5  6
1  1  0  1  1  1  1
2  1  0  0  0  0  0
3  0  1  0  0  0  1

S_minus:
   1  2  3  4  5  6
1  0  1  0  0  0  0
2  0  1  0  1  0  1
3  2  0  1  1  2  0

# Realization 1943
S_plus:
   1   2   3   4   5   6   7   8   9   10  11
1   0   0   0   0   0   0   0   0   0   1   0
2   0   1   1   1   0   1   1   0   0   1   0
3   1   0   1   1   0   0   0   0   1   0   1
4   0   0   0   0   0   1   0   1   0   0   0
5   0   1   0   0   1   0   1   0   0   0   0

S_minus:
   1   2   3   4   5   6   7   8   9   10  11
1   1   1   1   1   0   0   0   0   0   0   1
2   0   0   0   0   0   0   0   1   0   0   1
3   0   0   0   0   1   0   1   0   0   1   0
4   1   0   1   0   1   0   1   0   2   1   0
5   0   0   0   1   0   1   0   1   0   0   0

# Realization 1944
S_plus:
   1  2  3  4  5  6  7
1  0  0  0  0  0  1  0
2  1  0  0  0  0  0  0
3  0  0  0  2  0  0  0
4  0  0  1  0  1  0  0
5  1  0  1  0  0  0  0
6  0  0  0  0  1  0  1
7  0  1  0  0  0  0  0

S_minus:
   1  2  3  4  5  6  7
1  0  0  1  1  0  0  0
2  0  0  0  0  0  0  1
3  0  1  0  0  1  0  0
4  0  1  0  1  0  0  0
5  0  0  0  0  0  1  0
6  1  0  1  0  0  0  0
7  0  0  0  0  1  0  1

# Realization 1945
S_plus:
   1   2   3   4   5   6   7   8   9   10  11  12
1   0   0   1   0   1   0   0   0   1   0   0   1
2   0   0   0   0   0   0   0   1   0   0   0   0
3   0   0   1   0   0   0   0   0   0   1   1   0
4   0   0   0   1   1   2   1   0   0   0   0   1
5   1   1   0   0   0   0   1   0   0   0   0   0

S_minus:
   1   2   3   4   5   6   7   8   9   10  11  12
1   0   1   0   0   0   0   1   1   0   0   1   0
2   0   1   1   0   1   0   1   0   0   2   0   2
3   1   0   0   0   0   1   0   0   0   0   0   0
4   0   0   1   0   0   0   0   0   2   0   1   0
5   0   0   0   1   0   0   0   1   0   0   0   0

# Realization 1946
S_plus:
   1  2  3  4  5  6  7
1  1  0  1  0  0  0  0
2  0  1  0  1  0  0  0
3  0  0  0  0  1  0  1
4  1  0  0  0  0  1  0

S_minus:
   1  2  3  4  5  6  7
1  0  1  0  0  1  2  1
2  1  0  2  0  1  0  0
3  1  0  0  1  0  0  0
4  0  1  0  0  0  0  1

# Realization 1947
S_plus:
   1  2  3  4  5  6  7
1  1  0  0  0  1  0  0
2  1  1  0  0  0  0  1
3  0  0  0  0  1  1  0
4  0  1  2  0  0  1  1
5  0  0  0  1  0  0  0

S_minus:
   1  2  3  4  5  6  7
1  0  0  1  1  0  0  0
2  0  0  1  1  0  1  0
3  0  0  0  0  0  0  1
4  1  0  0  0  0  0  0
5  1  1  0  0  1  0  1

# Realization 1948
S_plus:
   1  2  3  4
1  0  0  0  1
2  0  0  0  1
3  1  1  1  0
4  0  1  0  0

S_minus:
   1  2  3  4
1  1  2  2  0
2  1  0  0  0
3  0  0  0  1
4  0  0  0  1

# Realization 1949
S_plus:
   1  2  3  4  5
1  0  0  0  0  1
2  0  1  0  0  0
3  1  1  0  0  0
4  0  0  2  0  0
5  0  0  0  1  1

S_minus:
   1  2  3  4  5
1  1  0  1  0  0
2  0  0  0  1  0
3  0  0  1  0  0
4  0  1  0  0  2
5  1  0  0  0  0

# Realization 1950
S_plus:
   1  2  3  4  5  6  7  8
1  1  0  0  1  1  1  0  0
2  0  0  0  0  0  0  0  1
3  0  0  0  0  0  0  1  0
4  1  0  0  0  0  0  0  0
5  0  2  1  0  1  0  1  0

S_minus:
   1  2  3  4  5  6  7  8
1  0  0  2  0  0  0  0  0
2  0  0  0  0  0  0  1  0
3  1  0  0  1  0  1  0  0
4  0  1  0  0  1  1  1  0
5  0  0  0  0  0  0  0  2

# Realization 1951
S_plus:
   1  2  3  4  5  6
1  1  1  0  0  1  0
2  0  0  1  0  0  0
3  1  0  0  1  0  2

S_minus:
   1  2  3  4  5  6
1  0  0  1  1  0  1
2  2  1  0  1  0  1
3  0  1  1  0  1  0

# Realization 1952
S_plus:
   1  2  3  4  5  6  7
1  0  1  0  0  2  0  1
2  2  1  1  2  0  0  0
3  0  0  0  0  0  1  0

S_minus:
   1  2  3  4  5  6  7
1  1  0  0  2  0  2  0
2  0  0  0  0  0  0  1
3  1  2  2  0  2  0  1

# Realization 1953
S_plus:
   1  2  3  4  5  6
1  0  0  0  1  2  1
2  0  0  1  0  0  0
3  2  1  0  0  0  0

S_minus:
   1  2  3  4  5  6
1  1  0  1  0  0  0
2  1  1  0  0  1  2
3  0  0  1  1  0  0

# Realization 1954
S_plus:
   1  2  3  4
1  0  0  2  1
2  0  1  0  0
3  1  0  0  0

S_minus:
   1  2  3  4
1  1  0  0  0
2  1  0  1  0
3  0  1  1  2

# Realization 1955
S_plus:
   1  2  3  4
1  0  0  1  0
2  0  0  1  0
3  1  1  0  0
4  1  0  0  0
5  0  0  0  1

S_minus:
   1  2  3  4
1  0  0  0  1
2  1  1  0  0
3  0  0  1  0
4  0  1  0  0
5  1  0  1  0

# Realization 1956
S_plus:
   1  2  3  4  5  6  7
1  0  1  0  1  1  0  0
2  0  0  0  1  1  2  1
3  1  1  0  0  0  0  0
4  0  0  1  0  0  0  0

S_minus:
   1  2  3  4  5  6  7
1  1  0  1  0  0  1  1
2  0  1  0  0  0  0  0
3  0  0  1  0  0  0  0
4  1  1  0  1  2  0  0

# Realization 1957
S_plus:
   1  2  3  4  5  6  7  8  9
1  1  0  0  1  0  0  0  0  1
2  0  0  0  0  0  0  0  1  0
3  1  1  0  0  0  0  0  0  0
4  0  0  1  0  1  1  1  1  0
5  0  0  0  1  0  0  0  0  0

S_minus:
   1  2  3  4  5  6  7  8  9
1  0  1  0  0  2  0  0  0  0
2  0  0  1  1  0  0  1  0  0
3  0  0  0  1  0  1  0  0  0
4  0  0  0  0  0  0  0  0  1
5  1  1  1  0  0  0  0  1  0

# Realization 1958
S_plus:
   1  2  3
1  0  1  0
2  0  1  0
3  1  0  1

S_minus:
   1  2  3
1  0  0  2
2  1  0  0
3  0  2  0

# Realization 1959
S_plus:
   1  2  3  4
1  0  0  0  1
2  2  0  1  0
3  0  2  0  0

S_minus:
   1  2  3  4
1  0  1  1  0
2  0  1  0  1
3  2  0  0  1

# Realization 1960
S_plus:
   1  2  3  4  5  6
1  2  1  2  2  0  0
2  0  0  0  0  1  0
3  0  0  0  0  0  1

S_minus:
   1  2  3  4  5  6
1  0  0  0  0  2  1
2  0  1  1  2  0  1
3  1  1  1  0  0  0

# Realization 1961
S_plus:
   1  2  3  4  5  6
1  0  1  1  0  1  0
2  1  0  0  0  0  0
3  1  1  0  0  1  1
4  0  0  0  2  0  0

S_minus:
   1  2  3  4  5  6
1  1  0  0  1  0  1
2  0  2  0  1  1  0
3  0  0  1  0  0  0
4  1  0  1  0  1  0

# Realization 1962
S_plus:
   1  2  3  4  5  6  7
1  0  1  0  0  0  0  1
2  0  1  0  0  0  0  1
3  1  0  2  0  0  0  0
4  0  0  0  1  0  0  0
5  0  0  0  0  1  1  0

S_minus:
   1  2  3  4  5  6  7
1  0  0  0  2  1  1  0
2  0  0  0  0  0  1  0
3  0  0  0  0  0  0  1
4  1  1  1  0  0  0  1
5  0  1  0  0  0  0  0

# Realization 1963
S_plus:
   1   2   3   4   5   6   7   8   9   10  11
1   0   0   0   0   0   0   0   1   0   0   0
2   0   0   0   0   0   0   0   0   0   1   0
3   1   0   0   0   0   0   0   0   1   0   0
4   0   0   0   0   0   1   0   1   1   0   1
5   1   1   0   0   0   0   1   0   0   0   0
6   0   0   1   0   0   0   0   0   0   1   0
7   0   0   0   1   1   0   0   0   0   0   0
8   0   0   0   0   0   0   0   0   0   0   1
9   0   0   0   0   0   0   1   0   0   0   0

S_minus:
   1   2   3   4   5   6   7   8   9   10  11
1   0   0   0   1   1   0   0   0   0   0   0
2   0   2   0   0   0   0   0   0   0   0   1
3   0   0   0   0   0   1   0   0   0   0   0
4   0   0   0   1   0   0   0   0   0   0   0
5   0   0   0   0   0   0   0   1   0   0   0
6   0   0   0   0   0   0   1   1   0   0   0
7   0   0   1   0   0   0   0   0   0   1   0
8   0   0   0   0   0   0   0   0   0   1   0
9   1   0   0   0   0   0   0   0   1   0   0

# Realization 1964
S_plus:
   1  2  3  4  5  6  7  8  9
1  1  0  0  0  0  0  0  0  0
2  0  1  0  0  0  0  1  0  0
3  0  0  0  0  1  0  0  1  0
4  0  1  0  0  0  0  0  0  0
5  0  0  0  0  0  0  0  0  1
6  0  0  1  0  0  0  0  0  0
7  0  0  0  2  0  1  0  0  0
8  0  0  0  0  1  0  0  0  0

S_minus:
   1  2  3  4  5  6  7  8  9
1  0  0  1  0  0  0  0  0  0
2  0  0  0  0  1  0  0  1  0
3  0  1  0  0  0  0  0  0  0
4  0  0  1  0  0  0  0  0  0
5  1  0  0  0  0  1  0  0  0
6  0  0  0  1  0  0  1  0  1
7  0  1  0  0  0  0  0  0  0
8  1  0  0  0  0  0  0  0  0

# Realization 1965
S_plus:
   1  2  3  4  5  6  7
1  1  0  1  0  1  1  1
2  0  0  0  1  0  0  0
3  0  1  0  0  1  0  0
4  1  0  0  0  0  1  0

S_minus:
   1  2  3  4  5  6  7
1  0  0  0  2  0  0  0
2  0  0  0  0  1  1  0
3  2  0  0  0  0  1  0
4  0  1  2  0  1  0  1

# Realization 1966
S_plus:
   1  2  3  4  5
1  1  0  0  2  0
2  0  0  0  0  1
3  0  2  1  0  0

S_minus:
   1  2  3  4  5
1  0  1  1  0  1
2  1  1  0  2  0
3  1  0  0  0  1

# Realization 1967
S_plus:
   1   2   3   4   5   6   7   8   9   10
1   0   0   0   1   0   0   0   1   0   0
2   0   0   0   0   0   0   1   0   0   0
3   0   0   0   0   0   0   0   1   1   0
4   0   1   2   0   0   0   0   0   0   0
5   0   0   0   0   1   1   0   0   1   0
6   0   0   0   0   0   0   0   0   0   1
7   1   0   0   0   0   0   0   0   0   1

S_minus:
   1   2   3   4   5   6   7   8   9   10
1   0   0   0   0   1   0   1   0   0   1
2   0   1   0   0   0   0   0   0   1   0
3   1   0   0   0   0   0   0   0   0   0
4   0   0   0   0   1   1   1   0   0   1
5   0   0   1   1   0   0   0   2   0   0
6   0   0   0   0   0   0   0   0   1   0
7   0   0   1   0   0   0   0   0   0   0

# Realization 1968
S_plus:
   1  2  3  4  5  6  7
1  0  0  1  0  0  0  0
2  0  0  0  0  1  0  0
3  0  1  0  0  0  1  0
4  1  0  0  1  0  0  0
5  0  0  0  0  0  0  1

S_minus:
   1  2  3  4  5  6  7
1  0  0  0  0  0  0  1
2  0  2  1  1  0  1  0
3  2  0  0  1  1  0  0
4  0  0  0  0  0  1  0
5  0  0  1  0  0  0  0

# Realization 1969
S_plus:
   1  2  3  4  5  6  7  8
1  0  0  0  0  0  2  0  1
2  0  0  0  1  0  0  0  0
3  0  1  0  0  0  0  0  0
4  1  0  1  0  2  0  1  0

S_minus:
   1  2  3  4  5  6  7  8
1  0  0  1  1  1  0  0  0
2  1  1  1  0  0  1  0  1
3  0  0  0  1  1  0  1  0
4  0  1  0  0  0  1  0  0

# Realization 1970
S_plus:
   1  2  3  4  5  6
1  0  1  0  0  0  2
2  0  0  0  0  1  0
3  2  0  2  1  0  0

S_minus:
   1  2  3  4  5  6
1  0  0  1  1  1  0
2  2  1  1  0  0  1
3  0  0  0  0  1  1

# Realization 1971
S_plus:
   1   2   3   4   5   6   7   8   9   10  11
1   0   1   0   0   0   0   0   0   0   1   0
2   0   0   0   1   2   1   0   0   0   1   0
3   1   0   0   0   0   0   2   1   0   0   0
4   0   0   0   0   0   0   0   0   0   0   1
5   0   0   1   0   0   0   0   1   2   0   1

S_minus:
   1   2   3   4   5   6   7   8   9   10  11
1   0   0   0   0   0   0   0   0   1   0   1
2   1   0   0   0   0   0   1   1   1   0   0
3   0   1   1   0   1   1   0   0   0   0   1
4   1   0   0   1   1   0   1   1   0   1   0
5   0   0   0   1   0   0   0   0   0   0   0

# Realization 1972
S_plus:
   1  2  3  4
1  0  1  2  0
2  1  0  0  0
3  0  1  0  0
4  0  0  0  1

S_minus:
   1  2  3  4
1  1  0  0  0
2  0  2  0  1
3  1  0  0  0
4  0  0  1  0

# Realization 1973
S_plus:
   1  2  3  4
1  0  0  1  0
2  0  0  1  1
3  1  0  0  0
4  0  2  0  1

S_minus:
   1  2  3  4
1  1  0  0  1
2  1  1  0  0
3  0  0  1  0
4  0  0  1  0

# Realization 1974
S_plus:
   1  2  3  4  5  6  7  8  9
1  0  1  0  0  0  1  1  1  0
2  0  0  0  0  0  0  0  0  1
3  2  1  0  2  1  0  0  0  1
4  0  0  1  0  0  0  1  0  0
5  0  0  0  0  1  0  0  0  0

S_minus:
   1  2  3  4  5  6  7  8  9
1  0  0  0  0  1  0  0  0  2
2  1  0  1  1  1  0  0  1  0
3  0  0  0  0  0  0  1  0  0
4  0  0  0  1  0  1  0  0  0
5  0  1  0  0  0  0  1  1  0

# Realization 1975
S_plus:
   1   2   3   4   5   6   7   8   9   10  11
1   0   0   1   0   0   0   0   0   0   0   0
2   0   0   0   1   1   1   0   0   0   0   0
3   0   0   0   1   0   0   0   0   0   0   0
4   0   0   0   0   0   0   0   1   0   0   0
5   0   0   0   0   0   1   0   1   1   0   0
6   1   0   1   0   0   0   1   0   0   0   0
7   0   1   0   0   0   0   0   0   0   1   1

S_minus:
   1   2   3   4   5   6   7   8   9   10  11
1   1   1   0   0   0   0   0   0   0   0   0
2   0   0   0   0   0   0   1   0   1   0   0
3   0   1   1   0   0   0   0   0   0   1   0
4   0   0   0   0   0   1   0   0   0   0   1
5   1   0   0   0   1   0   1   0   0   0   0
6   0   0   0   0   0   1   0   1   0   1   0
7   0   0   0   1   0   0   0   1   1   0   0

# Realization 1976
S_plus:
   1  2  3
1  0  0  1
2  2  0  1
3  0  1  0

S_minus:
   1  2  3
1  1  1  0
2  0  1  0
3  0  0  2

# Realization 1977
S_plus:
   1  2  3  4  5  6
1  0  0  1  0  0  0
2  0  1  0  0  1  0
3  2  0  0  0  0  0
4  0  0  0  2  1  1

S_minus:
   1  2  3  4  5  6
1  1  1  0  1  1  1
2  1  0  0  1  0  0
3  0  0  1  0  1  1
4  0  1  1  0  0  0

# Realization 1978
S_plus:
   1  2  3  4
1  0  2  0  0
2  0  0  1  1
3  1  0  0  0

S_minus:
   1  2  3  4
1  1  0  1  1
2  1  0  0  0
3  0  2  1  0

# Realization 1979
S_plus:
   1  2  3  4  5
1  0  0  0  1  1
2  0  1  0  0  0
3  1  1  1  0  0
4  0  0  1  0  0

S_minus:
   1  2  3  4  5
1  1  0  1  0  0
2  0  0  1  1  1
3  0  0  0  0  1
4  0  1  0  1  0

# Realization 1980
S_plus:
   1  2  3  4  5  6  7
1  1  0  2  1  0  0  0
2  0  1  0  0  1  0  0
3  0  0  0  0  0  2  1

S_minus:
   1  2  3  4  5  6  7
1  0  1  0  0  0  1  0
2  1  0  1  2  0  1  1
3  1  1  1  0  2  0  0

# Realization 1981
S_plus:
   1   2   3   4   5   6   7   8   9   10
1   0   0   0   2   0   0   1   0   0   0
2   0   0   0   0   0   0   0   0   1   0
3   0   1   0   0   0   0   0   0   0   0
4   0   0   1   0   1   1   0   0   1   0
5   1   0   0   0   0   0   0   1   0   1
6   1   0   1   0   0   0   0   1   0   0

S_minus:
   1   2   3   4   5   6   7   8   9   10
1   0   0   0   0   0   1   0   1   0   0
2   0   1   1   1   1   1   1   0   0   0
3   1   0   1   1   1   0   0   0   1   0
4   0   0   0   0   0   0   0   0   0   2
5   0   1   0   0   0   0   0   0   0   0
6   0   0   0   0   0   0   1   0   1   0

# Realization 1982
S_plus:
   1  2  3  4  5  6  7
1  0  0  0  1  1  1  0
2  1  0  0  0  0  0  0
3  0  0  0  0  0  0  1
4  0  0  1  0  0  1  0
5  1  1  0  0  0  0  0

S_minus:
   1  2  3  4  5  6  7
1  1  1  0  0  0  0  1
2  0  1  0  1  0  1  0
3  1  0  1  0  1  1  0
4  0  0  0  0  1  0  0
5  0  0  0  0  0  0  1

# Realization 1983
S_plus:
   1   2   3   4   5   6   7   8   9   10  11  12
1   0   0   0   0   1   0   0   1   0   0   0   0
2   0   0   0   0   0   0   0   0   1   0   0   0
3   0   0   0   1   0   0   0   0   0   0   0   0
4   0   1   0   0   0   0   1   0   0   0   1   0
5   2   1   1   0   0   1   0   0   0   0   0   0
6   0   0   1   1   0   1   1   0   0   2   1   1
7   0   0   0   0   1   0   0   0   0   0   0   0

S_minus:
   1   2   3   4   5   6   7   8   9   10  11  12
1   0   0   0   0   0   0   1   0   0   0   0   0
2   1   0   0   0   1   1   1   0   0   0   0   0
3   0   1   0   0   0   0   0   0   1   1   1   1
4   0   0   1   1   0   0   0   1   0   0   0   0
5   0   0   0   0   0   0   0   0   0   0   1   1
6   0   0   0   0   0   0   0   0   1   0   0   0
7   0   0   0   1   0   1   0   1   0   0   0   0

# Realization 1984
S_plus:
   1  2  3  4  5
1  0  0  1  0  0
2  1  0  0  0  1
3  0  0  1  0  1
4  0  1  0  1  0

S_minus:
   1  2  3  4  5
1  2  0  0  2  0
2  0  1  1  0  0
3  0  1  0  0  0
4  0  0  0  0  2

# Realization 1985
S_plus:
   1   2   3   4   5   6   7   8   9   10  11
1   0   0   0   0   0   0   1   2   0   0   0
2   0   0   0   0   0   1   0   0   0   0   0
3   0   1   0   0   1   0   0   0   0   0   0
4   0   0   2   1   0   0   0   0   1   0   0
5   0   0   0   0   0   0   0   0   1   1   0
6   0   0   0   0   0   1   0   0   0   0   0
7   1   0   0   0   1   0   0   0   0   1   1

S_minus:
   1   2   3   4   5   6   7   8   9   10  11
1   0   0   1   0   0   1   0   0   0   0   0
2   1   0   1   0   0   0   0   0   1   1   0
3   1   0   0   0   0   0   0   0   0   0   0
4   0   0   0   0   0   0   1   0   0   0   1
5   0   1   0   1   0   1   1   1   0   0   0
6   0   0   0   0   1   0   0   0   0   1   0
7   0   0   0   1   0   0   0   1   1   0   0

# Realization 1986
S_plus:
   1  2  3  4  5  6  7  8  9
1  0  0  0  0  0  1  0  0  0
2  1  2  0  0  0  0  1  0  0
3  1  0  0  0  0  0  0  0  0
4  0  0  1  1  1  0  0  0  1
5  0  0  0  1  0  0  1  0  1
6  0  0  0  0  1  0  0  2  0

S_minus:
   1  2  3  4  5  6  7  8  9
1  0  0  0  1  0  0  0  0  0
2  0  0  1  0  0  0  0  0  0
3  0  0  1  0  1  1  0  1  1
4  0  2  0  0  0  0  0  0  0
5  1  0  0  0  0  0  0  1  0
6  1  0  0  0  0  1  1  0  0

# Realization 1987
S_plus:
   1  2  3  4  5  6  7  8
1  0  0  2  0  0  2  0  0
2  1  0  0  0  0  0  0  1
3  0  0  0  1  0  0  1  0
4  0  2  0  0  0  0  1  0
5  0  0  0  0  1  0  0  0

S_minus:
   1  2  3  4  5  6  7  8
1  0  1  0  1  0  0  0  0
2  0  0  1  0  1  0  1  0
3  0  0  0  0  0  1  0  1
4  1  0  1  0  1  0  0  0
5  1  0  0  1  0  0  1  1

# Realization 1988
S_plus:
   1  2  3  4  5  6
1  0  1  1  0  1  0
2  0  0  0  1  0  0
3  0  0  0  1  1  1
4  1  0  0  0  0  0

S_minus:
   1  2  3  4  5  6
1  1  0  0  2  0  0
2  0  0  1  0  1  0
3  1  1  1  0  0  0
4  0  1  0  0  0  1

# Realization 1989
S_plus:
   1   2   3   4   5   6   7   8   9   10  11  12
1   0   0   0   1   0   0   0   0   0   0   0   0
2   0   0   1   0   0   0   0   0   0   0   0   0
3   1   1   0   0   0   0   0   0   0   0   0   1
4   0   0   0   0   1   1   1   0   0   0   1   0
5   0   0   0   0   0   0   0   0   0   1   0   0
6   1   0   0   0   0   0   1   1   1   0   1   0

S_minus:
   1   2   3   4   5   6   7   8   9   10  11  12
1   1   0   0   0   0   0   0   0   0   1   0   0
2   1   0   0   0   1   0   0   0   0   0   2   2
3   0   0   0   0   0   0   1   0   0   1   0   0
4   0   0   0   0   0   0   0   2   1   0   0   0
5   0   0   0   0   0   0   1   0   1   0   0   0
6   0   1   1   1   0   2   0   0   0   0   0   0

# Realization 1990
S_plus:
   1  2  3  4  5  6  7  8
1  0  0  0  1  0  1  0  1
2  0  0  0  0  0  1  0  0
3  0  0  1  0  0  0  1  0
4  0  0  0  1  1  0  1  0
5  1  0  0  0  0  0  0  0
6  0  1  1  0  0  0  0  0

S_minus:
   1  2  3  4  5  6  7  8
1  0  1  0  0  0  0  0  0
2  1  0  0  0  0  0  0  0
3  1  0  0  0  0  0  0  0
4  0  0  1  0  0  0  0  0
5  0  0  1  1  1  1  1  2
6  0  0  0  1  0  1  0  0

# Realization 1991
S_plus:
   1  2  3  4  5  6  7
1  0  0  0  0  0  0  1
2  1  0  1  0  1  0  0
3  0  0  1  0  0  0  0
4  1  0  0  1  0  0  0
5  0  0  0  1  0  1  0
6  0  1  0  0  1  0  0

S_minus:
   1  2  3  4  5  6  7
1  1  0  1  1  1  0  0
2  0  1  0  0  0  0  0
3  1  0  0  0  0  0  0
4  0  0  1  0  0  1  0
5  0  1  0  0  0  0  2
6  0  0  0  1  0  1  0

# Realization 1992
S_plus:
   1  2  3  4  5  6
1  1  0  0  0  0  0
2  0  0  0  1  0  0
3  0  0  0  0  0  1
4  0  0  1  0  0  0
5  0  2  0  0  1  0

S_minus:
   1  2  3  4  5  6
1  0  1  0  0  0  0
2  0  0  2  0  1  0
3  1  0  0  1  0  0
4  0  1  0  1  0  1
5  0  0  0  0  0  1

# Realization 1993
S_plus:
   1   2   3   4   5   6   7   8   9   10
1   1   0   0   1   0   0   0   0   0   0
2   0   1   1   0   1   0   0   0   0   0
3   0   0   0   0   0   0   0   0   1   0
4   0   0   0   0   0   0   0   2   0   0
5   0   1   0   0   0   1   0   0   0   0
6   0   0   1   0   0   0   0   0   0   1
7   0   0   0   0   0   0   1   0   0   0

S_minus:
   1   2   3   4   5   6   7   8   9   10
1   0   0   0   0   0   0   1   0   1   0
2   2   0   0   0   0   0   0   0   0   0
3   0   1   0   0   0   0   0   1   0   0
4   0   0   0   0   0   1   0   0   1   1
5   0   0   1   1   0   0   1   0   0   1
6   0   0   0   1   0   0   0   0   0   0
7   0   1   1   0   1   0   0   0   0   0

# Realization 1994
S_plus:
   1  2  3  4
1  1  0  0  0
2  0  0  1  0
3  0  0  0  1
4  0  2  0  0

S_minus:
   1  2  3  4
1  0  1  1  1
2  0  1  0  0
3  0  0  1  0
4  1  0  0  1

# Realization 1995
S_plus:
   1  2  3  4  5
1  0  1  0  0  0
2  1  0  0  0  0
3  0  1  1  2  2

S_minus:
   1  2  3  4  5
1  1  0  1  0  1
2  0  2  0  1  1
3  1  0  0  0  0

# Realization 1996
S_plus:
   1  2  3  4
1  0  0  0  2
2  1  0  2  0
3  0  1  0  0

S_minus:
   1  2  3  4
1  2  1  0  0
2  0  1  0  1
3  0  0  1  1

# Realization 1997
S_plus:
   1   2   3   4   5   6   7   8   9   10
1   0   0   1   0   0   0   0   0   0   1
2   2   0   0   0   0   0   1   2   1   0
3   0   1   1   0   1   0   0   0   0   1
4   0   0   0   1   0   0   0   0   0   0
5   0   0   0   1   0   1   0   0   0   0
6   0   1   0   0   0   0   0   0   0   0

S_minus:
   1   2   3   4   5   6   7   8   9   10
1   1   0   0   0   0   0   1   1   0   0
2   0   0   0   0   0   1   0   0   0   0
3   0   0   0   0   0   0   1   1   0   0
4   0   1   0   0   0   0   0   0   0   0
5   0   1   0   0   1   0   0   0   0   1
6   0   0   2   2   0   0   0   0   1   1

# Realization 1998
S_plus:
   1  2  3  4  5  6  7  8
1  0  1  0  0  0  1  0  0
2  0  0  1  1  0  0  1  0
3  0  0  0  0  1  0  0  1
4  1  0  1  0  0  0  0  0

S_minus:
   1  2  3  4  5  6  7  8
1  2  0  0  1  1  0  0  1
2  0  0  0  0  0  0  0  1
3  0  1  1  0  0  2  1  0
4  0  0  0  1  1  0  0  0

# Realization 1999
S_plus:
   1   2   3   4   5   6   7   8   9   10  11
1   0   0   0   0   0   0   0   0   1   0   0
2   0   0   0   0   0   0   2   0   0   0   0
3   0   0   1   0   0   0   0   0   0   1   0
4   0   0   0   1   0   0   0   0   0   0   0
5   0   1   0   1   1   1   0   0   1   0   1
6   1   0   0   0   1   1   0   1   0   0   0
7   0   1   0   0   0   0   0   0   0   1   0

S_minus:
   1   2   3   4   5   6   7   8   9   10  11
1   0   1   0   0   2   0   0   0   0   1   0
2   0   1   1   0   0   0   0   0   0   0   0
3   1   0   0   0   0   1   1   0   0   0   0
4   1   0   1   0   0   0   0   0   0   0   0
5   0   0   0   0   0   0   0   2   0   0   0
6   0   0   0   1   0   0   0   0   1   0   0
7   0   0   0   1   0   1   0   0   1   0   1

# Realization 2000
S_plus:
   1  2  3  4
1  0  0  0  1
2  1  0  1  0
3  0  2  0  0

S_minus:
   1  2  3  4
1  0  1  1  0
2  0  1  0  1
3  1  0  0  1

# Realization 2001
S_plus:
   1  2  3  4  5  6  7  8  9
1  0  1  1  1  1  1  0  0  0
2  0  1  0  0  0  0  0  0  0
3  1  0  0  0  0  0  0  0  0
4  0  0  0  0  1  1  1  1  1
5  1  0  1  0  0  0  0  1  1
6  0  0  0  0  0  0  1  0  0

S_minus:
   1  2  3  4  5  6  7  8  9
1  0  0  0  0  0  0  0  1  0
2  1  0  0  0  0  0  0  0  0
3  0  0  0  1  0  0  1  1  1
4  0  1  1  0  0  0  0  0  0
5  0  0  0  1  0  2  1  0  0
6  1  1  0  0  1  0  0  0  0

# Realization 2002
S_plus:
   1  2  3  4
1  0  0  1  0
2  1  0  0  1
3  0  1  0  1

S_minus:
   1  2  3  4
1  0  1  0  1
2  0  1  2  0
3  2  0  0  0

# Realization 2003
S_plus:
   1   2   3   4   5   6   7   8   9   10
1   0   0   0   2   0   0   0   1   0   0
2   1   0   0   0   0   1   1   0   1   2
3   0   0   0   0   1   0   0   0   0   0
4   0   1   1   0   0   0   0   0   1   0

S_minus:
   1   2   3   4   5   6   7   8   9   10
1   2   1   0   0   0   1   0   0   1   0
2   0   0   1   0   2   0   0   1   0   0
3   0   1   1   0   0   0   0   0   1   2
4   0   0   0   1   0   1   1   0   0   0

# Realization 2004
S_plus:
   1   2   3   4   5   6   7   8   9   10  11
1   0   0   0   0   2   1   0   0   1   1   1
2   0   0   2   2   0   0   0   1   0   0   0
3   0   1   0   0   0   0   0   0   0   0   1
4   1   0   0   0   0   0   1   0   0   1   0
5   0   0   0   0   0   0   0   1   0   0   0

S_minus:
   1   2   3   4   5   6   7   8   9   10  11
1   1   0   0   0   0   0   0   0   0   0   0
2   0   0   0   0   0   1   1   0   1   0   0
3   1   0   0   0   0   0   0   1   0   2   0
4   0   2   0   1   1   0   0   1   1   0   0
5   0   0   1   0   0   0   1   0   0   0   1

# Realization 2005
S_plus:
   1  2  3  4  5  6  7
1  1  0  2  0  0  0  0
2  1  0  0  0  0  0  0
3  0  0  0  1  1  1  1
4  0  1  0  0  0  0  1

S_minus:
   1  2  3  4  5  6  7
1  0  0  0  1  0  0  0
2  0  1  2  0  2  1  2
3  1  0  0  0  0  0  0
4  1  0  0  1  0  0  0

# Realization 2006
S_plus:
   1   2   3   4   5   6   7   8   9   10  11
1   0   0   0   1   0   0   0   0   0   1   0
2   0   0   0   0   0   0   0   0   1   0   0
3   0   0   0   1   1   0   0   0   0   0   0
4   0   0   0   0   0   0   0   2   0   0   1
5   0   0   0   0   0   0   0   0   1   0   0
6   1   1   0   0   0   1   0   0   0   0   0
7   0   0   1   0   0   0   0   0   0   0   0
8   1   0   1   0   0   0   1   0   0   0   0

S_minus:
   1   2   3   4   5   6   7   8   9   10  11
1   0   0   0   0   0   0   0   1   0   0   0
2   1   0   0   1   0   0   0   0   0   1   1
3   0   0   0   0   0   0   1   0   0   0   0
4   0   0   1   0   1   0   0   0   1   0   0
5   1   0   0   0   0   0   0   0   0   0   0
6   0   0   0   1   0   0   1   0   0   1   0
7   0   1   0   0   0   1   0   1   0   0   0
8   0   0   0   0   0   1   0   0   0   0   1

# Realization 2007
S_plus:
   1  2  3  4  5  6  7  8
1  0  0  1  0  1  0  0  0
2  1  0  0  0  0  0  0  0
3  0  2  0  1  0  1  2  0
4  0  0  0  0  0  0  0  1

S_minus:
   1  2  3  4  5  6  7  8
1  1  0  0  1  0  0  0  0
2  0  1  1  1  1  0  1  2
3  1  0  0  0  0  0  0  0
4  0  0  1  0  0  1  1  0

# Realization 2008
S_plus:
   1  2  3  4  5  6  7  8
1  0  0  1  0  0  0  0  0
2  2  2  0  2  0  0  0  0
3  0  0  0  0  0  0  1  0
4  0  0  0  0  2  1  0  1

S_minus:
   1  2  3  4  5  6  7  8
1  1  0  0  1  0  2  1  1
2  0  0  1  0  1  0  1  1
3  0  1  1  1  0  0  0  0
4  1  1  0  0  0  0  0  0

# Realization 2009
S_plus:
   1  2  3
1  1  0  0
2  0  0  1
3  0  1  0

S_minus:
   1  2  3
1  0  0  1
2  1  2  0
3  1  0  0

# Realization 2010
S_plus:
   1  2  3  4  5  6
1  1  0  0  0  0  0
2  0  1  2  0  0  0
3  0  0  0  1  1  0
4  0  0  0  0  0  1

S_minus:
   1  2  3  4  5  6
1  0  0  0  0  1  1
2  1  0  0  0  1  0
3  0  1  0  0  0  1
4  1  0  2  1  0  0

# Realization 2011
S_plus:
   1  2  3  4  5  6  7  8
1  0  1  1  0  2  0  0  1
2  1  0  0  0  0  0  1  0
3  0  0  0  1  0  0  1  0
4  0  0  0  1  0  1  0  0

S_minus:
   1  2  3  4  5  6  7  8
1  0  0  0  1  0  0  0  0
2  0  0  0  1  1  2  0  1
3  0  1  0  0  1  0  0  1
4  1  1  1  0  0  0  1  0

# Realization 2012
S_plus:
   1  2  3  4
1  2  0  0  0
2  0  0  1  2
3  0  1  0  0

S_minus:
   1  2  3  4
1  0  0  0  1
2  1  2  0  0
3  1  0  2  1

# Realization 2013
S_plus:
   1  2  3  4  5
1  0  0  0  0  1
2  0  1  0  1  0
3  1  0  2  0  0

S_minus:
   1  2  3  4  5
1  0  1  2  0  0
2  2  0  0  0  0
3  0  0  0  1  2

# Realization 2014
S_plus:
   1  2  3  4  5  6
1  1  1  0  0  0  1
2  0  0  0  1  0  0
3  0  0  1  0  2  0

S_minus:
   1  2  3  4  5  6
1  0  0  1  1  1  0
2  0  0  1  0  1  1
3  2  1  0  1  0  1

# Realization 2015
S_plus:
   1  2  3  4  5  6  7  8  9
1  1  0  1  1  0  0  1  0  0
2  1  1  0  0  0  1  0  1  0
3  0  0  1  1  0  0  0  0  0
4  0  1  0  0  0  1  0  1  2
5  0  0  0  0  1  0  0  0  0

S_minus:
   1  2  3  4  5  6  7  8  9
1  0  0  0  0  0  1  0  1  1
2  0  0  1  0  1  0  0  0  0
3  1  1  0  0  0  1  0  0  0
4  1  0  0  2  1  0  0  0  0
5  0  1  1  0  0  0  2  1  1

# Realization 2016
S_plus:
   1  2  3  4  5  6  7  8  9
1  0  0  1  0  0  0  0  0  0
2  0  1  0  2  1  0  0  0  0
3  0  0  0  0  1  1  0  1  0
4  1  0  0  0  0  1  1  0  1

S_minus:
   1  2  3  4  5  6  7  8  9
1  1  0  0  1  2  2  0  0  0
2  1  0  0  0  0  0  0  2  1
3  0  0  1  0  0  0  2  0  1
4  0  1  0  1  0  0  0  0  0

# Realization 2017
S_plus:
   1   2   3   4   5   6   7   8   9   10  11
1   0   1   0   0   0   0   0   0   0   0   0
2   0   0   0   1   0   0   0   0   1   0   0
3   1   0   1   1   0   1   0   0   1   0   1
4   0   1   1   0   1   0   1   1   0   0   0
5   1   0   0   0   1   0   1   0   0   1   0

S_minus:
   1   2   3   4   5   6   7   8   9   10  11
1   2   0   1   0   2   0   1   1   0   0   1
2   0   0   0   0   0   1   1   0   0   1   0
3   0   1   0   0   0   0   0   1   0   0   0
4   0   0   0   0   0   0   0   0   0   1   0
5   0   1   0   1   0   0   0   0   2   0   0

# Realization 2018
S_plus:
   1  2  3  4  5  6
1  1  1  0  0  0  0
2  0  0  0  0  1  0
3  1  0  1  2  0  2

S_minus:
   1  2  3  4  5  6
1  0  0  0  1  2  0
2  1  1  1  0  0  1
3  0  1  0  0  0  0

# Realization 2019
S_plus:
   1  2  3  4  5  6
1  0  0  1  0  0  0
2  2  0  0  1  0  0
3  0  2  0  1  1  2

S_minus:
   1  2  3  4  5  6
1  1  0  0  1  0  1
2  0  1  2  0  1  0
3  1  0  0  0  0  0

# Realization 2020
S_plus:
   1  2  3  4  5  6  7
1  0  0  1  1  1  2  0
2  1  1  0  0  1  0  0
3  0  0  0  0  0  0  1

S_minus:
   1  2  3  4  5  6  7
1  0  1  0  0  0  0  2
2  0  0  0  1  0  1  0
3  1  1  2  0  2  1  0

# Realization 2021
S_plus:
   1  2  3  4  5  6
1  1  0  0  0  0  0
2  0  0  0  0  1  0
3  0  0  1  0  0  0
4  0  1  0  0  0  1
5  0  0  1  2  0  0

S_minus:
   1  2  3  4  5  6
1  0  0  1  0  0  1
2  0  0  0  1  0  0
3  1  1  0  1  1  0
4  1  0  1  0  0  0
5  0  1  0  0  1  0

# Realization 2022
S_plus:
   1  2  3  4  5  6  7
1  0  0  1  0  0  2  1
2  1  0  0  0  0  0  0
3  0  1  0  0  0  0  0
4  0  0  1  1  2  0  0

S_minus:
   1  2  3  4  5  6  7
1  0  0  0  1  0  0  0
2  0  1  1  0  1  0  0
3  1  0  0  0  0  1  1
4  0  1  0  0  0  1  0

# Realization 2023
S_plus:
   1  2  3  4  5  6  7  8
1  1  0  0  0  0  0  0  0
2  0  0  1  0  0  0  0  0
3  0  0  0  0  0  0  1  0
4  1  0  0  0  1  1  0  0
5  0  0  0  0  0  0  0  1
6  0  1  0  1  0  0  0  0

S_minus:
   1  2  3  4  5  6  7  8
1  0  0  1  0  0  2  0  1
2  2  0  0  0  1  0  1  0
3  0  1  0  0  0  0  0  1
4  0  1  0  1  0  0  0  0
5  0  0  0  0  0  0  1  0
6  0  0  1  0  0  0  0  0

# Realization 2024
S_plus:
   1   2   3   4   5   6   7   8   9   10  11  12
1   0   0   0   0   0   1   0   1   0   0   0   0
2   0   0   0   0   0   1   0   1   0   0   1   0
3   0   0   0   0   0   0   1   0   0   0   0   0
4   0   0   0   1   0   0   0   0   1   0   0   0
5   0   1   0   0   1   0   0   0   0   0   0   0
6   1   0   1   0   0   0   0   0   1   1   0   0
7   0   0   1   0   0   0   0   0   0   0   0   1

S_minus:
   1   2   3   4   5   6   7   8   9   10  11  12
1   0   0   0   1   1   0   0   0   0   0   0   0
2   2   0   0   0   0   0   1   0   0   0   0   0
3   0   1   0   0   0   1   0   1   0   0   0   0
4   0   0   0   0   1   0   0   0   0   1   0   0
5   0   0   1   0   0   0   0   0   1   0   1   1
6   0   0   0   0   0   0   1   1   0   0   0   0
7   0   0   0   0   0   1   0   0   0   0   0   0

# Realization 2025
S_plus:
   1  2  3  4  5  6  7
1  0  0  0  0  0  1  0
2  0  0  0  1  0  0  0
3  0  0  1  0  0  0  1
4  0  0  0  1  1  0  1
5  1  0  0  0  1  0  0
6  0  2  0  0  0  0  0

S_minus:
   1  2  3  4  5  6  7
1  1  0  2  0  0  0  0
2  0  2  0  0  1  1  1
3  0  0  0  1  1  0  0
4  0  0  0  0  0  1  0
5  0  0  0  1  0  0  0
6  0  0  0  0  0  0  1

# Realization 2026
S_plus:
   1  2  3  4  5  6  7
1  0  0  0  0  1  0  0
2  0  1  1  0  0  0  0
3  0  1  0  0  0  0  1
4  1  0  0  0  0  0  0
5  1  0  0  1  0  0  0
6  0  0  0  0  0  1  0

S_minus:
   1  2  3  4  5  6  7
1  1  1  0  0  0  1  0
2  0  0  0  0  1  0  1
3  1  0  1  0  1  0  0
4  0  0  1  0  0  0  1
5  0  1  0  0  0  1  0
6  0  0  0  1  0  0  0

# Realization 2027
S_plus:
   1  2  3  4  5  6  7  8
1  1  0  0  0  1  0  2  0
2  1  0  0  0  0  0  0  0
3  0  1  0  2  0  0  0  0
4  0  0  1  0  1  1  0  1

S_minus:
   1  2  3  4  5  6  7  8
1  0  0  0  0  0  1  0  1
2  0  0  1  2  1  1  0  0
3  2  0  1  0  1  0  1  0
4  0  2  0  0  0  0  1  0

# Realization 2028
S_plus:
   1  2  3  4  5  6
1  0  0  0  1  0  0
2  1  0  0  0  0  0
3  0  0  1  0  0  2
4  0  2  0  0  1  0

S_minus:
   1  2  3  4  5  6
1  2  0  0  0  0  1
2  0  1  0  0  1  0
3  0  1  0  1  1  0
4  0  0  2  1  0  1

# Realization 2029
S_plus:
   1  2  3  4  5  6
1  0  0  0  0  2  0
2  0  1  0  0  0  0
3  1  0  0  0  0  1
4  0  0  1  1  0  0

S_minus:
   1  2  3  4  5  6
1  0  0  1  2  0  0
2  0  0  1  0  1  0
3  0  2  0  0  0  0
4  1  0  0  0  0  2

# Realization 2030
S_plus:
   1   2   3   4   5   6   7   8   9   10
1   1   0   0   0   2   0   1   0   0   0
2   0   0   0   0   0   0   0   1   0   0
3   0   0   0   1   0   0   0   0   1   0
4   0   1   2   1   0   0   0   0   0   2
5   0   0   0   0   0   1   0   0   0   0
6   0   0   0   0   0   1   0   0   1   0

S_minus:
   1   2   3   4   5   6   7   8   9   10
1   0   1   0   0   0   0   0   1   1   0
2   0   0   0   1   1   1   1   0   0   0
3   0   0   1   0   0   0   0   0   0   1
4   0   0   0   0   0   0   0   1   0   0
5   1   0   0   0   1   0   0   0   0   0
6   0   0   1   0   0   0   0   0   0   0

# Realization 2031
S_plus:
   1  2  3  4  5  6  7  8
1  0  0  1  0  0  1  0  0
2  0  0  0  0  1  0  0  1
3  0  0  0  0  0  1  0  0
4  1  0  0  0  0  0  1  1
5  0  2  0  1  0  0  0  0
6  0  0  0  0  0  0  1  0

S_minus:
   1  2  3  4  5  6  7  8
1  0  1  0  0  0  0  0  1
2  0  0  0  2  0  1  1  0
3  0  1  1  0  1  0  0  0
4  0  0  0  0  1  0  0  0
5  0  0  1  0  0  0  1  0
6  1  0  0  0  0  1  0  0

# Realization 2032
S_plus:
   1  2  3  4  5  6  7
1  0  0  0  0  0  0  1
2  0  1  0  1  2  1  0
3  1  0  0  0  0  0  0
4  1  1  2  0  0  0  1

S_minus:
   1  2  3  4  5  6  7
1  1  0  0  0  1  1  0
2  1  0  0  0  0  0  1
3  0  1  1  1  0  1  1
4  0  0  0  1  1  0  0

# Realization 2033
S_plus:
   1  2  3  4  5  6  7
1  0  0  0  0  0  0  1
2  0  0  0  1  0  0  0
3  1  0  0  0  0  0  0
4  0  2  0  0  1  1  0
5  0  0  1  0  0  0  0

S_minus:
   1  2  3  4  5  6  7
1  0  1  0  1  0  0  0
2  1  0  0  0  0  0  0
3  0  0  0  0  1  1  0
4  0  0  1  0  0  0  0
5  0  1  0  1  0  1  2

# Realization 2034
S_plus:
   1   2   3   4   5   6   7   8   9   10  11
1   1   0   0   0   0   0   0   0   0   0   0
2   0   0   0   0   0   1   1   1   1   0   0
3   0   1   0   1   0   0   1   0   0   0   0
4   0   0   2   0   0   0   0   0   0   0   1
5   0   0   0   0   1   1   0   0   1   0   0
6   0   0   0   0   0   0   0   0   0   1   0

S_minus:
   1   2   3   4   5   6   7   8   9   10  11
1   0   1   1   0   0   1   1   0   0   0   0
2   0   1   0   0   0   0   0   0   0   0   1
3   0   0   1   0   0   0   0   0   2   1   0
4   0   0   0   0   0   1   0   1   0   0   0
5   1   0   0   1   0   0   0   1   0   1   1
6   0   0   0   0   1   0   0   0   0   0   0

# Realization 2035
S_plus:
   1  2  3  4  5  6
1  0  0  0  0  1  0
2  0  1  0  0  0  1
3  1  0  0  1  0  0
4  0  0  1  0  0  0

S_minus:
   1  2  3  4  5  6
1  0  0  1  1  0  1
2  1  0  1  0  1  0
3  0  1  0  0  0  0
4  0  1  0  0  1  0

# Realization 2036
S_plus:
   1  2  3  4  5  6  7  8  9
1  1  0  1  1  0  0  0  1  0
2  0  0  0  1  0  0  0  0  0
3  0  1  0  0  0  1  1  1  0
4  0  0  0  0  1  0  0  0  0
5  0  0  0  0  0  0  0  0  1
6  0  0  0  0  0  0  1  0  0
7  0  0  0  0  0  1  0  0  0

S_minus:
   1  2  3  4  5  6  7  8  9
1  0  0  0  0  0  0  1  0  0
2  1  0  0  0  0  1  0  1  0
3  0  0  0  0  1  0  0  0  0
4  1  1  0  1  0  0  0  0  1
5  0  0  0  0  1  0  0  0  0
6  0  0  0  1  0  0  0  1  0
7  0  1  1  0  0  0  1  0  0

# Realization 2037
S_plus:
   1   2   3   4   5   6   7   8   9   10
1   0   0   0   0   0   0   1   0   0   0
2   0   1   0   1   1   0   0   0   0   0
3   0   0   0   0   1   0   1   0   0   0
4   1   0   1   0   0   0   0   1   0   0
5   0   0   0   0   0   0   0   0   1   0
6   1   0   0   0   0   0   0   0   0   0
7   0   0   0   0   0   1   0   0   0   1

S_minus:
   1   2   3   4   5   6   7   8   9   10
1   0   0   0   0   0   0   0   0   0   1
2   1   0   0   0   0   0   0   0   0   0
3   1   1   1   0   0   0   0   1   0   0
4   0   1   0   0   0   1   1   0   1   0
5   0   0   0   0   0   1   0   1   0   0
6   0   0   0   2   1   0   1   0   1   1
7   0   0   0   0   1   0   0   0   0   0

# Realization 2038
S_plus:
   1   2   3   4   5   6   7   8   9   10  11  12
1   0   0   0   0   0   0   0   0   0   1   0   0
2   1   0   0   0   0   1   0   0   0   0   0   1
3   0   0   0   0   1   0   0   0   0   0   0   0
4   0   0   1   0   0   0   1   0   2   0   0   0
5   0   0   0   1   0   0   0   0   0   0   1   0
6   0   1   1   0   0   0   0   0   0   0   1   0
7   0   0   0   0   0   0   0   1   0   0   0   0

S_minus:
   1   2   3   4   5   6   7   8   9   10  11  12
1   1   0   0   0   0   1   0   1   0   0   0   1
2   0   0   0   1   1   0   1   0   1   0   0   0
3   0   1   0   0   0   0   0   0   1   0   0   0
4   0   0   0   0   0   0   0   0   0   1   0   1
5   0   1   2   0   1   0   0   0   0   0   0   0
6   0   0   0   0   0   1   0   1   0   0   0   0
7   0   0   0   0   0   0   0   0   0   1   1   0

# Realization 2039
S_plus:
   1  2  3  4  5  6  7
1  0  0  1  0  0  1  1
2  0  1  0  0  0  0  0
3  1  0  0  0  0  0  0
4  0  0  0  1  0  0  0
5  0  0  0  0  1  0  0
6  0  0  0  1  0  0  0

S_minus:
   1  2  3  4  5  6  7
1  0  1  0  1  1  0  0
2  0  0  0  0  0  1  0
3  0  0  0  0  0  0  1
4  0  0  0  0  0  0  1
5  1  0  1  0  0  1  0
6  0  1  1  0  0  0  0

# Realization 2040
S_plus:
   1  2  3  4  5  6  7  8
1  1  2  1  1  2  0  0  0
2  0  0  0  0  0  0  1  0
3  0  0  1  0  0  1  0  2

S_minus:
   1  2  3  4  5  6  7  8
1  0  0  0  0  0  0  0  1
2  1  1  2  0  2  2  0  1
3  0  1  0  2  0  0  2  0

# Realization 2041
S_plus:
   1  2  3  4  5  6
1  0  1  0  0  0  0
2  1  1  0  1  0  0
3  0  0  1  1  0  1
4  1  0  0  0  1  0

S_minus:
   1  2  3  4  5  6
1  0  0  1  2  0  0
2  0  0  0  0  1  0
3  1  1  0  0  1  0
4  0  1  1  0  0  2

# Realization 2042
S_plus:
   1  2  3  4  5  6  7  8  9
1  0  0  0  0  0  0  0  1  0
2  0  0  0  0  2  1  1  0  1
3  0  1  0  0  0  1  0  0  0
4  0  0  1  0  0  0  0  0  0
5  0  0  0  1  0  0  1  0  0
6  1  0  0  0  0  0  0  0  1

S_minus:
   1  2  3  4  5  6  7  8  9
1  0  0  0  0  0  1  0  0  0
2  0  0  1  0  0  0  0  0  0
3  0  0  1  0  1  0  1  1  1
4  0  1  0  0  1  0  0  0  0
5  1  0  0  0  0  0  0  1  0
6  0  0  0  2  0  0  0  0  0

# Realization 2043
S_plus:
   1  2  3  4  5  6  7  8
1  0  1  0  0  0  0  0  0
2  1  0  1  1  0  0  1  0
3  0  1  1  0  0  0  0  1
4  0  0  0  0  0  2  0  0
5  0  0  0  1  1  0  0  0
6  1  0  0  0  0  0  0  0

S_minus:
   1  2  3  4  5  6  7  8
1  0  0  0  1  0  0  0  0
2  0  0  0  0  1  0  0  0
3  1  0  0  0  1  0  0  0
4  1  1  0  0  0  0  0  0
5  0  0  2  0  0  1  0  1
6  0  1  0  1  0  0  2  0

# Realization 2044
S_plus:
   1   2   3   4   5   6   7   8   9   10  11  12
1   0   0   0   0   0   0   0   2   0   0   0   0
2   0   1   0   0   0   1   1   0   1   0   0   1
3   0   0   2   1   0   0   0   0   0   0   1   0
4   0   1   0   0   2   0   0   0   0   1   1   0
5   0   0   0   1   0   0   1   0   0   0   0   0
6   1   0   0   0   0   0   0   0   0   0   0   0

S_minus:
   1   2   3   4   5   6   7   8   9   10  11  12
1   0   1   0   0   1   0   0   0   0   1   0   0
2   0   0   1   0   0   0   0   1   0   0   0   0
3   0   1   0   0   1   1   0   0   1   0   0   0
4   1   0   0   0   0   0   0   0   0   0   0   0
5   1   0   0   0   0   0   0   1   0   0   0   0
6   0   0   1   1   0   1   1   0   0   0   2   1

# Realization 2045
S_plus:
   1   2   3   4   5   6   7   8   9   10
1   0   0   0   0   1   0   0   0   1   0
2   0   0   0   0   0   0   0   0   0   1
3   0   0   0   0   0   0   1   1   0   0
4   1   0   1   0   0   0   0   0   0   0
5   0   1   0   1   0   0   0   0   0   0
6   0   0   0   0   1   1   0   0   0   0
7   1   1   0   0   0   0   0   1   0   1

S_minus:
   1   2   3   4   5   6   7   8   9   10
1   0   0   0   0   0   0   0   1   0   0
2   0   1   0   1   0   0   1   0   0   0
3   0   0   1   0   0   1   0   0   0   0
4   0   1   0   0   0   0   0   1   1   0
5   0   0   0   0   1   1   0   0   0   1
6   2   0   1   0   0   0   0   0   0   1
7   0   0   0   0   1   0   0   0   1   0

# Realization 2046
S_plus:
   1  2  3  4  5  6  7  8  9
1  1  2  1  0  0  0  0  1  1
2  0  0  0  0  1  1  0  0  0
3  0  0  0  2  0  0  1  1  0

S_minus:
   1  2  3  4  5  6  7  8  9
1  0  0  0  0  2  1  1  0  0
2  1  1  0  1  0  0  1  2  1
3  0  1  2  0  0  1  0  0  1

# Realization 2047
S_plus:
   1  2  3  4  5  6
1  0  0  1  0  0  0
2  1  0  0  1  0  0
3  0  1  0  0  2  1

S_minus:
   1  2  3  4  5  6
1  1  1  0  2  0  0
2  0  0  1  0  1  1
3  1  0  1  0  0  0

# Realization 2048
S_plus:
   1   2   3   4   5   6   7   8   9   10  11
1   0   0   1   0   0   0   0   0   0   0   1
2   1   1   0   0   0   0   1   0   0   0   0
3   0   0   1   0   0   0   0   0   0   0   0
4   0   0   0   0   0   0   0   1   0   0   0
5   0   0   0   0   1   0   0   0   0   0   0
6   0   0   0   0   0   0   0   0   0   1   0
7   1   0   0   0   0   0   0   0   1   0   0
8   0   0   0   0   1   0   1   0   0   1   0
9   0   0   0   2   0   1   0   0   0   0   0

S_minus:
   1   2   3   4   5   6   7   8   9   10  11
1   0   0   0   0   0   1   0   0   0   0   0
2   0   0   0   0   0   1   0   0   0   1   0
3   0   0   0   0   2   0   0   1   0   1   1
4   0   0   0   1   0   0   0   0   0   0   0
5   1   0   1   0   0   0   1   0   0   0   0
6   0   0   0   1   0   0   1   0   0   0   1
7   0   1   0   0   0   0   0   1   0   0   0
8   0   1   0   0   0   0   0   0   1   0   0
9   1   0   0   0   0   0   0   0   0   0   0

# Realization 2049
S_plus:
   1  2  3  4  5  6
1  0  0  0  0  1  0
2  0  0  0  1  0  0
3  1  1  2  0  0  1

S_minus:
   1  2  3  4  5  6
1  1  0  1  1  0  1
2  1  1  1  0  2  0
3  0  0  0  1  0  0

# Realization 2050
S_plus:
   1  2  3  4
1  1  2  0  0
2  1  0  2  0
3  0  0  0  1

S_minus:
   1  2  3  4
1  0  0  1  2
2  0  1  0  0
3  2  1  0  0

# Realization 2051
S_plus:
   1   2   3   4   5   6   7   8   9   10
1   1   1   0   0   0   0   0   0   0   0
2   0   1   0   0   0   1   0   0   0   0
3   0   0   1   1   0   0   0   0   1   0
4   0   0   0   0   0   0   1   0   0   0
5   0   0   0   0   1   0   0   0   0   1
6   0   0   0   0   0   0   0   2   0   0
7   1   0   0   1   0   0   0   0   0   0

S_minus:
   1   2   3   4   5   6   7   8   9   10
1   0   0   0   1   0   0   0   0   1   2
2   0   0   0   0   1   0   0   0   1   0
3   1   0   0   0   0   0   0   1   0   0
4   1   2   0   1   0   0   0   0   0   0
5   0   0   1   0   0   1   1   1   0   0
6   0   0   0   0   1   0   1   0   0   0
7   0   0   0   0   0   1   0   0   0   0

# Realization 2052
S_plus:
   1  2  3  4  5
1  0  0  0  1  0
2  1  0  1  0  0
3  0  1  1  0  2

S_minus:
   1  2  3  4  5
1  2  0  2  0  0
2  0  1  0  1  1
3  0  0  0  1  0

# Realization 2053
S_plus:
   1  2  3  4  5  6
1  0  0  1  0  0  0
2  2  0  0  0  0  0
3  0  2  0  0  1  2
4  0  0  0  2  0  0

S_minus:
   1  2  3  4  5  6
1  0  2  0  1  1  0
2  0  0  1  0  1  1
3  1  0  0  1  0  0
4  1  0  1  0  0  1

# Realization 2054
S_plus:
   1  2  3  4  5
1  0  1  0  1  0
2  0  0  0  0  1
3  0  0  1  1  0
4  2  0  0  0  0

S_minus:
   1  2  3  4  5
1  1  0  0  0  1
2  0  1  1  1  0
3  1  1  0  0  0
4  0  0  0  1  0

# Realization 2055
S_plus:
   1  2  3  4  5  6  7  8  9
1  0  0  0  0  0  1  0  0  0
2  1  0  0  0  2  1  0  1  1
3  0  1  0  0  0  0  0  0  0
4  0  0  0  0  0  0  1  0  0
5  0  0  0  1  0  0  0  0  0
6  0  0  1  0  0  0  0  0  0
7  0  0  0  0  0  0  0  1  1

S_minus:
   1  2  3  4  5  6  7  8  9
1  0  0  0  0  0  0  1  0  1
2  0  1  2  0  0  0  0  0  0
3  0  0  0  0  0  0  0  0  1
4  1  0  0  1  0  0  0  0  0
5  0  0  0  0  1  1  0  1  0
6  0  0  0  1  0  0  0  0  0
7  1  0  0  0  0  0  0  0  0

# Realization 2056
S_plus:
   1  2  3
1  0  2  0
2  1  0  0
3  0  0  2

S_minus:
   1  2  3
1  2  0  0
2  0  1  1
3  0  1  0

# Realization 2057
S_plus:
   1  2  3  4  5  6  7  8  9
1  0  0  0  1  0  0  1  0  0
2  1  0  1  0  0  0  0  0  0
3  0  0  0  0  0  2  1  0  0
4  0  1  0  0  0  0  0  1  1
5  0  0  0  0  2  0  0  0  0

S_minus:
   1  2  3  4  5  6  7  8  9
1  0  0  0  0  2  1  0  1  1
2  0  0  0  1  0  1  0  1  0
3  1  0  1  0  0  0  0  0  1
4  1  0  0  0  0  0  2  0  0
5  0  1  1  1  0  0  0  0  0

# Realization 2058
S_plus:
   1  2  3
1  1  1  0
2  0  1  1
3  1  0  0

S_minus:
   1  2  3
1  0  0  1
2  2  0  0
3  0  1  1

# Realization 2059
S_plus:
   1  2  3  4
1  0  1  0  0
2  0  0  1  0
3  2  0  0  1
4  0  1  0  1

S_minus:
   1  2  3  4
1  0  0  1  0
2  1  1  0  1
3  0  1  0  0
4  1  0  1  0

# Realization 2060
S_plus:
   1   2   3   4   5   6   7   8   9   10
1   0   0   0   0   0   0   0   1   0   0
2   1   0   1   1   0   2   1   0   1   0
3   0   1   0   1   0   0   0   0   0   0
4   0   0   0   0   0   0   0   1   0   0
5   0   0   0   0   0   0   0   0   1   1
6   0   0   1   0   1   0   0   0   0   0

S_minus:
   1   2   3   4   5   6   7   8   9   10
1   0   0   1   1   0   0   0   0   0   1
2   0   1   0   0   1   0   0   0   0   1
3   1   0   0   0   0   1   0   0   1   0
4   0   1   1   0   1   0   1   0   0   0
5   0   0   0   0   0   0   0   2   0   0
6   0   0   0   1   0   1   1   0   0   0

# Realization 2061
S_plus:
   1  2  3  4  5  6  7  8  9
1  0  0  1  0  0  0  0  0  0
2  1  0  0  1  0  0  0  0  0
3  0  0  0  0  0  1  0  0  1
4  0  1  0  1  1  0  0  2  0
5  0  1  0  0  0  0  1  0  0

S_minus:
   1  2  3  4  5  6  7  8  9
1  1  1  0  1  0  0  1  1  0
2  0  0  1  0  1  0  0  0  2
3  0  1  0  0  0  0  0  0  0
4  1  0  0  0  0  2  1  0  0
5  0  0  1  1  1  0  0  1  0

# Realization 2062
S_plus:
   1  2  3
1  0  0  2
2  0  1  0
3  0  1  0
4  2  0  0

S_minus:
   1  2  3
1  1  0  0
2  0  0  1
3  1  0  0
4  0  2  1

# Realization 2063
S_plus:
   1  2  3  4  5  6
1  0  0  1  0  0  0
2  1  0  1  0  2  2
3  0  1  0  1  0  0
4  1  1  0  0  0  0

S_minus:
   1  2  3  4  5  6
1  0  1  0  1  0  0
2  0  1  0  1  0  0
3  1  0  2  0  1  0
4  0  0  0  0  0  1

# Realization 2064
S_plus:
   1  2  3  4  5
1  0  0  1  0  0
2  1  1  1  1  0
3  1  0  0  0  0
4  0  1  0  0  1

S_minus:
   1  2  3  4  5
1  2  2  0  1  0
2  0  0  0  0  1
3  0  0  1  0  1
4  0  0  1  1  0

# Realization 2065
S_plus:
   1  2  3  4  5
1  1  0  0  1  1
2  0  0  2  0  0
3  0  1  0  0  0

S_minus:
   1  2  3  4  5
1  0  2  0  0  0
2  1  0  0  1  0
3  0  0  2  1  1

# Realization 2066
S_plus:
    1   2   3   4   5   6   7   8   9   10
1    0   0   0   0   0   0   1   0   0   0
2    0   0   0   0   1   0   0   0   0   2
3    0   0   0   1   0   0   0   0   0   0
4    0   1   0   1   0   0   0   1   0   0
5    0   0   0   0   0   1   0   0   0   0
6    1   0   0   0   0   0   0   0   0   0
7    0   0   0   0   0   0   0   1   0   0
8    0   1   0   0   0   0   0   0   0   0
9    0   0   0   0   1   0   0   0   0   0
10   0   0   1   0   0   0   0   0   2   0

S_minus:
    1   2   3   4   5   6   7   8   9   10
1    0   0   1   0   0   0   0   0   1   0
2    0   0   0   0   0   0   0   1   0   0
3    0   1   0   0   0   0   0   0   0   0
4    1   0   0   0   0   0   0   0   0   0
5    0   1   1   0   1   0   0   1   0   2
6    0   0   0   0   0   0   1   0   0   0
7    0   0   0   1   0   0   0   0   0   0
8    0   0   0   0   0   0   0   0   1   0
9    0   0   0   1   0   0   0   0   0   0
10   0   0   0   0   1   1   0   0   0   0

# Realization 2067
S_plus:
   1  2  3  4  5  6  7
1  1  1  0  0  0  0  0
2  0  0  0  1  0  0  2
3  0  0  0  0  0  1  0
4  0  0  1  1  1  1  0

S_minus:
   1  2  3  4  5  6  7
1  0  0  1  0  0  1  1
2  1  1  0  0  1  1  0
3  0  0  0  1  0  0  1
4  1  0  0  0  0  0  0

# Realization 2068
S_plus:
   1  2  3  4  5  6  7
1  0  0  0  0  2  0  0
2  0  0  0  0  0  1  0
3  2  2  0  1  0  0  0
4  0  0  1  0  0  0  1

S_minus:
   1  2  3  4  5  6  7
1  0  0  0  0  0  2  1
2  1  0  1  1  1  0  1
3  0  0  1  0  1  0  0
4  0  1  0  1  0  0  0

# Realization 2069
S_plus:
   1  2  3  4  5  6
1  0  0  0  0  1  0
2  0  1  0  0  0  1
3  0  0  2  1  0  0
4  2  1  0  0  0  0

S_minus:
   1  2  3  4  5  6
1  0  1  1  0  0  0
2  1  0  0  1  2  0
3  1  0  0  0  0  1
4  0  0  0  1  0  1

# Realization 2070
S_plus:
   1  2  3  4  5
1  2  0  0  0  0
2  0  0  1  0  1
3  0  0  0  1  0
4  0  1  0  0  0
5  0  1  0  0  0

S_minus:
   1  2  3  4  5
1  0  2  0  0  0
2  2  0  0  0  0
3  0  0  0  0  1
4  0  0  2  1  0
5  0  0  0  1  0

# Realization 2071
S_plus:
   1  2  3  4  5  6  7
1  0  0  0  0  0  1  0
2  0  0  0  0  1  0  0
3  0  0  0  0  0  0  1
4  1  1  1  2  0  1  1

S_minus:
   1  2  3  4  5  6  7
1  1  0  1  1  0  0  2
2  1  0  0  1  0  1  0
3  0  2  1  0  1  0  0
4  0  0  0  0  1  0  0

# Realization 2072
S_plus:
   1  2  3  4  5  6
1  0  0  0  0  0  1
2  1  0  1  1  0  0
3  1  1  1  0  1  0
4  0  0  0  0  1  0
5  0  0  0  0  0  1

S_minus:
   1  2  3  4  5  6
1  1  0  0  0  0  0
2  0  0  0  0  1  0
3  0  0  0  2  0  1
4  0  1  1  0  0  1
5  1  1  0  0  1  0

# Realization 2073
S_plus:
   1  2  3  4  5  6  7  8  9
1  0  0  0  1  0  0  0  1  0
2  0  0  1  0  0  1  0  0  0
3  0  1  0  0  0  0  1  0  1
4  0  0  0  1  1  0  0  0  0
5  1  0  1  0  0  1  1  0  1

S_minus:
   1  2  3  4  5  6  7  8  9
1  0  0  1  0  0  0  1  0  0
2  0  0  0  2  1  0  0  0  0
3  0  0  0  0  1  0  0  0  0
4  1  0  1  0  0  2  0  0  1
5  0  1  0  0  0  0  0  2  0

# Realization 2074
S_plus:
   1  2  3  4  5  6  7  8
1  0  1  0  0  0  0  1  0
2  2  0  0  0  1  0  0  0
3  0  0  1  1  0  2  0  1

S_minus:
   1  2  3  4  5  6  7  8
1  1  0  1  2  0  2  0  1
2  0  1  0  0  0  0  2  1
3  1  1  0  0  1  0  0  0

# Realization 2075
S_plus:
   1  2  3  4  5  6  7  8  9
1  1  0  0  0  1  0  0  0  0
2  0  0  0  0  0  0  0  0  1
3  0  0  1  1  0  0  0  1  1
4  0  0  0  0  1  0  0  1  0
5  0  2  0  0  0  1  2  0  0

S_minus:
   1  2  3  4  5  6  7  8  9
1  0  1  0  0  0  0  0  0  0
2  0  1  0  0  1  0  1  1  0
3  0  0  0  0  0  2  0  0  0
4  1  0  0  0  0  0  1  0  1
5  1  0  1  2  0  0  0  1  1

# Realization 2076
S_plus:
   1   2   3   4   5   6   7   8   9   10
1   0   0   0   0   1   0   1   0   0   1
2   0   0   1   0   0   1   0   0   0   0
3   0   0   0   1   0   0   0   0   0   0
4   0   0   0   0   0   0   0   0   0   1
5   0   0   0   0   0   0   0   0   1   0
6   0   1   0   0   0   0   0   1   0   0
7   1   0   0   1   0   0   0   1   0   0

S_minus:
   1   2   3   4   5   6   7   8   9   10
1   1   0   1   0   0   0   0   1   0   0
2   0   1   0   0   0   0   0   1   1   0
3   0   0   0   0   0   1   0   0   0   0
4   1   1   0   0   0   0   0   0   0   0
5   0   0   0   0   1   0   0   0   0   1
6   0   0   0   2   0   0   0   0   0   0
7   0   0   1   0   0   0   1   0   0   0

# Realization 2077
S_plus:
   1   2   3   4   5   6   7   8   9   10  11  12
1   1   0   0   1   0   0   0   0   0   0   0   0
2   1   2   0   0   0   0   1   2   0   0   0   0
3   0   0   0   0   0   0   0   0   1   1   1   0
4   0   0   1   0   0   1   0   0   0   0   0   1
5   0   0   0   0   1   0   0   0   0   0   0   1

S_minus:
   1   2   3   4   5   6   7   8   9   10  11  12
1   0   1   1   0   0   0   1   0   0   0   0   1
2   0   0   0   0   0   0   0   0   1   0   0   0
3   1   0   0   1   1   0   1   1   0   0   0   1
4   1   0   0   1   0   0   0   0   1   1   1   0
5   0   0   0   0   0   2   0   1   0   1   0   0

# Realization 2078
S_plus:
   1  2  3  4  5  6  7
1  0  0  0  0  1  0  0
2  0  1  1  0  0  1  0
3  1  0  0  1  0  0  1
4  0  0  1  0  0  0  0

S_minus:
   1  2  3  4  5  6  7
1  1  0  1  2  0  0  0
2  0  0  0  0  0  0  1
3  0  0  1  0  0  1  0
4  1  1  0  0  1  0  1

# Realization 2079
S_plus:
   1  2  3  4  5  6  7  8
1  0  1  0  0  0  1  1  0
2  0  0  0  1  1  0  0  1
3  1  0  1  0  0  0  0  0
4  1  0  1  0  0  0  0  0
5  0  1  0  0  0  1  0  0

S_minus:
   1  2  3  4  5  6  7  8
1  0  0  0  0  0  0  0  2
2  0  2  0  0  0  1  1  0
3  0  0  0  1  1  1  0  0
4  0  0  0  0  1  0  0  0
5  2  0  1  1  0  0  0  0

# Realization 2080
S_plus:
   1  2  3  4  5  6  7  8  9
1  0  0  0  0  0  1  0  0  1
2  0  0  0  0  0  1  1  0  0
3  1  0  0  0  0  0  0  0  0
4  0  2  0  1  1  0  0  1  0
5  0  0  1  0  0  0  0  0  0

S_minus:
   1  2  3  4  5  6  7  8  9
1  1  0  1  0  0  0  0  0  0
2  0  0  1  1  0  0  0  2  0
3  0  0  0  1  0  2  0  0  0
4  0  0  0  0  0  0  1  0  0
5  1  1  0  0  1  0  1  0  1

# Realization 2081
S_plus:
   1  2  3  4  5  6  7  8  9
1  0  1  0  0  0  0  0  1  0
2  0  0  0  2  0  1  0  0  0
3  1  1  2  0  0  0  1  0  1
4  1  0  0  0  1  0  0  0  0

S_minus:
   1  2  3  4  5  6  7  8  9
1  2  0  0  1  2  1  0  0  1
2  0  1  0  0  0  0  1  0  0
3  0  0  0  1  0  0  0  2  0
4  0  1  1  0  0  1  0  0  0

# Realization 2082
S_plus:
   1   2   3   4   5   6   7   8   9   10
1   0   0   0   0   0   0   0   0   1   1
2   1   0   0   0   1   0   0   0   0   0
3   1   1   0   0   0   0   0   0   0   1
4   0   0   0   0   0   1   1   1   0   0
5   0   0   0   0   0   0   1   0   0   0
6   0   0   0   1   0   0   0   0   0   0
7   0   0   1   0   0   1   0   0   0   0

S_minus:
   1   2   3   4   5   6   7   8   9   10
1   1   1   0   0   0   0   0   0   0   0
2   0   0   0   1   0   0   0   0   0   0
3   0   0   0   0   0   0   0   0   1   0
4   0   0   0   0   1   0   0   0   0   0
5   0   0   1   0   1   1   0   1   1   1
6   0   0   0   0   0   0   1   0   0   0
7   1   0   0   0   0   0   1   0   0   1

# Realization 2083
S_plus:
   1   2   3   4   5   6   7   8   9   10
1   0   0   1   0   0   1   1   0   0   0
2   0   0   0   0   1   0   0   0   0   0
3   0   0   0   1   0   0   0   0   1   0
4   0   0   1   0   0   0   0   0   0   0
5   0   1   0   0   0   0   0   0   0   0
6   1   1   0   0   0   0   0   0   0   1
7   0   0   0   1   0   0   1   1   0   0
8   1   0   0   0   0   0   0   1   0   0

S_minus:
   1   2   3   4   5   6   7   8   9   10
1   1   1   0   2   0   0   0   0   0   0
2   0   1   2   0   0   0   1   0   0   0
3   0   0   0   0   0   0   0   1   0   0
4   0   0   0   0   1   0   0   1   0   1
5   1   0   0   0   0   0   0   0   0   0
6   0   0   0   0   0   1   0   0   0   0
7   0   0   0   0   0   0   0   0   1   0
8   0   0   0   0   0   0   1   0   0   1

# Realization 2084
S_plus:
   1  2  3  4  5  6
1  1  0  0  0  1  0
2  0  0  0  1  0  0
3  0  0  0  0  0  1
4  1  1  1  0  0  0

S_minus:
   1  2  3  4  5  6
1  0  1  0  0  0  1
2  1  0  0  0  2  0
3  0  1  2  1  0  0
4  0  0  0  1  0  1

# Realization 2085
S_plus:
   1  2  3  4
1  0  0  1  0
2  0  1  0  2
3  1  0  0  0

S_minus:
   1  2  3  4
1  0  1  0  1
2  2  0  0  0
3  0  1  1  1

# Realization 2086
S_plus:
   1  2  3  4
1  0  0  0  1
2  0  1  0  0
3  2  0  1  0

S_minus:
   1  2  3  4
1  0  2  0  0
2  2  0  1  1
3  0  0  0  1

# Realization 2087
S_plus:
   1  2  3  4  5  6  7
1  0  0  0  1  0  1  0
2  1  0  0  1  0  0  0
3  0  1  2  0  2  0  0
4  0  0  0  0  0  0  1

S_minus:
   1  2  3  4  5  6  7
1  1  2  2  0  0  0  0
2  0  0  0  0  0  0  1
3  0  0  0  1  0  0  1
4  0  0  0  1  1  2  0

# Realization 2088
S_plus:
   1   2   3   4   5   6   7   8   9   10  11
1   0   1   0   1   0   0   0   0   0   2   0
2   0   0   0   0   0   1   0   1   0   0   0
3   0   0   0   0   1   0   0   0   1   0   0
4   1   0   1   0   0   0   1   0   0   0   1
5   0   0   0   1   1   0   0   0   0   0   0
6   0   0   0   0   0   1   0   0   0   0   0

S_minus:
   1   2   3   4   5   6   7   8   9   10  11
1   0   0   0   0   1   1   0   1   0   0   0
2   0   0   0   1   0   0   1   0   1   1   1
3   0   0   2   1   0   1   0   0   0   0   0
4   0   1   0   0   0   0   0   0   0   0   0
5   1   0   0   0   0   0   0   0   0   0   0
6   1   0   0   0   1   0   1   1   1   1   0

# Realization 2089
S_plus:
   1  2  3  4  5
1  1  1  0  0  0
2  0  0  1  0  1
3  0  1  0  1  0

S_minus:
   1  2  3  4  5
1  0  0  0  0  1
2  0  2  0  2  0
3  1  0  1  0  1

# Realization 2090
S_plus:
   1   2   3   4   5   6   7   8   9   10
1   0   1   0   0   0   0   0   0   1   0
2   0   0   0   0   0   0   1   0   0   0
3   0   0   0   2   0   0   0   1   0   0
4   0   0   2   0   0   0   0   1   0   1
5   0   0   0   0   0   2   0   0   0   0
6   1   0   0   0   1   0   1   0   0   0

S_minus:
   1   2   3   4   5   6   7   8   9   10
1   0   0   0   0   0   1   1   0   0   0
2   0   1   1   1   0   0   0   1   0   0
3   0   0   0   0   1   0   1   0   0   1
4   1   0   0   0   0   0   0   0   0   0
5   0   0   0   0   0   0   0   1   1   0
6   0   0   1   1   0   0   0   0   1   0

# Realization 2091
S_plus:
   1   2   3   4   5   6   7   8   9   10  11  12
1   1   0   0   0   0   0   0   0   0   0   0   0
2   0   1   0   1   0   0   0   0   0   0   0   0
3   0   1   0   0   0   0   0   1   0   0   0   0
4   0   0   0   1   1   2   0   0   0   0   0   1
5   0   0   1   0   0   0   0   0   1   1   1   0
6   0   0   1   0   0   0   1   0   0   1   0   0
7   0   0   0   0   0   0   0   0   0   0   0   1

S_minus:
   1   2   3   4   5   6   7   8   9   10  11  12
1   0   1   0   0   0   0   0   0   0   0   0   0
2   0   0   0   0   0   1   0   0   0   0   0   0
3   1   0   1   2   1   0   0   0   0   0   1   1
4   0   0   0   0   0   0   0   0   1   0   0   0
5   0   1   0   0   0   0   0   1   0   0   0   1
6   1   0   0   0   0   0   0   1   1   0   0   0
7   0   0   1   0   0   0   1   0   0   1   1   0

# Realization 2092
S_plus:
   1  2  3  4  5  6
1  0  0  1  0  0  0
2  0  1  0  1  1  1
3  1  0  0  0  0  0
4  0  0  1  0  0  1

S_minus:
   1  2  3  4  5  6
1  0  2  0  0  0  0
2  1  0  0  0  0  0
3  0  0  1  1  1  2
4  1  0  0  0  1  0

# Realization 2093
S_plus:
   1  2  3  4
1  0  1  0  0
2  2  0  0  1
3  0  0  1  0

S_minus:
   1  2  3  4
1  1  0  1  1
2  0  0  1  0
3  1  1  0  0

# Realization 2094
S_plus:
   1  2  3  4  5  6  7  8
1  0  0  1  0  0  0  0  0
2  0  0  0  0  1  0  0  1
3  1  0  1  0  1  1  1  0
4  0  1  0  1  0  0  1  1
5  0  0  0  1  0  1  0  0

S_minus:
   1  2  3  4  5  6  7  8
1  1  0  0  2  0  2  1  1
2  1  0  0  0  0  0  1  0
3  0  1  0  0  0  0  0  0
4  0  0  0  0  1  0  0  0
5  0  0  1  0  1  0  0  1

# Realization 2095
S_plus:
   1  2  3  4  5  6  7
1  1  1  0  1  0  0  0
2  0  0  0  0  0  1  1
3  0  1  0  0  1  0  0
4  1  0  1  0  1  0  0

S_minus:
   1  2  3  4  5  6  7
1  0  0  0  0  1  0  1
2  1  1  1  0  1  0  0
3  1  0  0  0  0  2  0
4  0  1  0  1  0  0  1

# Realization 2096
S_plus:
   1  2  3  4  5  6  7  8  9
1  1  0  0  0  0  0  0  0  1
2  0  0  0  0  1  0  1  0  0
3  0  0  1  0  0  0  0  0  0
4  0  0  0  1  0  0  0  1  0
5  0  0  0  0  0  1  0  0  0
6  0  1  1  1  0  0  0  0  0
7  1  0  0  0  0  0  1  0  1

S_minus:
   1  2  3  4  5  6  7  8  9
1  0  0  0  1  1  0  1  0  0
2  0  0  0  0  0  1  0  0  0
3  0  1  0  0  0  0  1  0  1
4  0  0  0  0  1  0  0  0  0
5  1  0  1  0  0  0  0  1  1
6  1  0  0  0  0  0  0  1  0
7  0  0  0  1  0  0  0  0  0

# Realization 2097
S_plus:
   1  2  3  4
1  2  2  0  0
2  0  0  0  2
3  0  0  1  0

S_minus:
   1  2  3  4
1  0  0  1  0
2  0  1  1  0
3  1  1  0  2

# Realization 2098
S_plus:
   1  2  3
1  1  0  0
2  0  2  0
3  0  0  1

S_minus:
   1  2  3
1  0  1  1
2  1  0  1
3  0  1  0

# Realization 2099
S_plus:
   1  2  3  4  5  6  7
1  0  2  0  0  0  0  0
2  2  0  0  0  1  0  0
3  0  0  0  0  0  1  0
4  0  0  1  1  0  0  1

S_minus:
   1  2  3  4  5  6  7
1  0  0  1  0  1  1  0
2  0  0  0  1  0  1  0
3  1  1  1  1  0  0  1
4  1  1  0  0  1  0  0

