{
  "mgf": 1.6657681958578618,
  "vn_alpha": 1.6657743301242587,
  "vn_beta": 1.6657743301242587,
  "shannon_entropy": 1.7679721570843727
}